-- phpMyAdmin SQL Dump
-- version 4.9.7
-- https://www.phpmyadmin.net/
--
-- Host: localhost:3306
-- Tempo de geração: 29-Nov-2021 às 12:32
-- Versão do servidor: 8.0.25
-- versão do PHP: 7.3.32

SET SQL_MODE = "NO_AUTO_VALUE_ON_ZERO";
SET AUTOCOMMIT = 0;
START TRANSACTION;
SET time_zone = "+00:00";


/*!40101 SET @OLD_CHARACTER_SET_CLIENT=@@CHARACTER_SET_CLIENT */;
/*!40101 SET @OLD_CHARACTER_SET_RESULTS=@@CHARACTER_SET_RESULTS */;
/*!40101 SET @OLD_COLLATION_CONNECTION=@@COLLATION_CONNECTION */;
/*!40101 SET NAMES utf8mb4 */;

--
-- Banco de dados: `ciinteri_orbase`
--

-- --------------------------------------------------------

--
-- Estrutura da tabela `admin`
--

CREATE TABLE `admin` (
  `id` bigint NOT NULL,
  `nome` text NOT NULL,
  `email` text NOT NULL,
  `password` text NOT NULL
) ENGINE=InnoDB DEFAULT CHARSET=utf8mb3;

--
-- Extraindo dados da tabela `admin`
--

INSERT INTO `admin` (`id`, `nome`, `email`, `password`) VALUES
(1, 'Tiago Mendes', 'tmendes@mredis.com', '1310mredis'),
(2, 'António Machado', 'afmachado@mredis.com', 'afmachado'),
(3, 'Sérgio Machado', 'sfmachado@mredis.com', 'duchaf2P'),
(4, 'Cidália Araújo', 'cidalia@ci-interiordecor.com', 'Cidecor.21'),
(5, 'Sónia Pereira', 'spereira@mredis.com', 'Nissan0787rc'),
(6, 'Carlos Silva', 'csilva@mredis.com', 'Mredis016'),
(7, 'Clara Vieira', 'cvieira@mredis.com', 'Mcode2020'),
(8, 'Gonçalo Lopes', 'goncalo@ci-interiordecor.com', 'glopesci'),
(9, 'Tiago Ferreira', 'tferreira@mredis.com', 'TFmcode');

-- --------------------------------------------------------

--
-- Estrutura da tabela `banner`
--

CREATE TABLE `banner` (
  `id` bigint NOT NULL,
  `nome` text NOT NULL,
  `tlm` text NOT NULL,
  `pc` text NOT NULL,
  `inicio` date NOT NULL,
  `fim` date NOT NULL,
  `url` text NOT NULL,
  `countdown` varchar(255) NOT NULL DEFAULT '',
  `ordem` int NOT NULL
) ENGINE=InnoDB DEFAULT CHARSET=utf8mb3;

--
-- Extraindo dados da tabela `banner`
--

INSERT INTO `banner` (`id`, `nome`, `tlm`, `pc`, `inicio`, `fim`, `url`, `countdown`, `ordem`) VALUES
(1, 'Banner Promocional', '/img/banner/0001-tlm.jpg', '/img/banner/0001-pc.jpg', '2016-11-01', '2016-11-29', '1', '', 36),
(2, 'Ci_banner_natal', '/img/banner/0002-tlm.png', '/img/banner/0002-pc.png', '2016-12-01', '2016-11-30', '9', '', 35),
(3, 'Promoção Natal_30%', '/img/banner/0003-tlm.png', '/img/banner/0003-pc.png', '2016-11-25', '2016-12-31', '/loja', '', 34),
(4, 'Feria Dubai', '/img/banner/0004-tlm.jpg', '/img/banner/0004-pc.png', '2017-05-22', '2017-05-22', '', '', 33),
(5, 'Dia da Criança', '/img/banner/0005-tlm.jpg', '/img/banner/0005-pc.jpg', '2017-05-23', '2017-06-03', '8', '', 32),
(6, 'descontos', '/img/banner/0006-tlm.jpg', '/img/banner/0006-pc.jpg', '2017-06-26', '2017-07-31', '/loja', '', 31),
(7, 'Campanha Claus', '/img/banner/0007-tlm.png', '/img/banner/0007-pc.png', '2017-10-20', '2017-11-20', '', '', 30),
(8, 'Black Friday 2017', '/img/banner/0008-tlm.png', '/img/banner/0008-pc.png', '2017-11-21', '2017-11-24', '', '', 29),
(9, 'Dia dos Namorados', '/img/banner/0009-tlm.png', '/img/banner/0009-pc.png', '2018-01-29', '2018-02-14', '', '', 28),
(10, 'Decor Monday FEV', '/img/banner/0010-tlm.png', '/img/banner/0010-pc.png', '2018-02-05', '2018-02-05', '/loja', '', 27),
(11, 'Decor Monday MAR', '/img/banner/0011-tlm.png', '/img/banner/0011-pc.png', '2018-03-05', '2018-03-05', '6', '', 26),
(12, 'Decor Monday ABR', '/img/banner/0012-tlm.png', '/img/banner/0012-pc.png', '2018-04-02', '2018-04-02', '3', '', 25),
(13, 'Dia da Mãe 2018', '/img/banner/0013-tlm.png', '/img/banner/0013-pc.png', '2018-05-03', '2018-05-05', '', '', 24),
(14, 'Decor Monday MAI', '/img/banner/0014-tlm.png', '/img/banner/0014-pc.png', '2018-05-07', '2018-05-07', '4', '', 23),
(15, 'Dia da Criança', '/img/banner/0015-tlm.png', '/img/banner/0015-pc.png', '2018-05-25', '2018-06-01', '8', '', 22),
(16, 'Decor Monday JUN', '/img/banner/0016-tlm.png', '/img/banner/0016-pc.png', '2018-06-04', '2018-06-04', '5', '', 21),
(17, 'Decor Monday JUL', '/img/banner/0017-tlm.png', '/img/banner/0017-pc.png', '2018-07-02', '2018-07-02', '6', '', 20),
(18, 'Decor Monday AGO', '/img/banner/0018-tlm.png', '/img/banner/0018-pc.png', '2018-08-06', '2018-08-06', '6', '', 19),
(19, 'Decor Monday SET', '/img/banner/0019-tlm.png', '/img/banner/0019-pc.png', '2018-09-03', '2018-09-03', '8', '', 18),
(20, 'Decor Monday OUT', '/img/banner/0020-tlm.png', '/img/banner/0020-pc.png', '2018-10-01', '2018-10-01', '1', '', 17),
(21, 'Decor Monday NOV', '/img/banner/0021-tlm.png', '/img/banner/0021-pc.png', '2018-11-05', '2018-11-05', '1', '', 16),
(22, 'Black Days 2018', '/img/banner/0022-tlm.gif', '/img/banner/0022-pc.gif', '2018-11-23', '2018-11-26', '/loja', '', 15),
(23, 'Decor Monday DEZ', '/img/banner/0023-tlm.png', '/img/banner/0023-pc.png', '2018-12-03', '2018-12-03', '9', '', 14),
(24, 'Boas Festas', '/img/banner/0024-tlm.png', '/img/banner/0024-pc.png', '2018-12-22', '2019-01-02', '', '', 13),
(25, 'Decor Monday JAN19', '/img/banner/0025-tlm.png', '/img/banner/0025-pc.png', '2019-01-07', '2019-01-07', '6', '', 11),
(26, 'Promoções até 70%', '/img/banner/0026-tlm.png', '/img/banner/0026-pc.png', '2019-01-18', '2019-03-31', '/loja', '', 9),
(27, 'Decor Monday FEV19', '/img/banner/0027-tlm.png', '/img/banner/0027-pc.png', '2019-02-04', '2019-02-04', '5', '', 12),
(28, 'Decor Monday MAR19', '/img/banner/0028-tlm.png', '/img/banner/0028-pc.png', '2019-03-03', '2019-03-04', '', 'http://gen.sendtric.com/countdown/0jk1shldr4', 10),
(29, 'Promoções até 60%', '/img/banner/0029-tlm.png', '/img/banner/0029-pc.png', '2020-07-09', '2020-09-17', '', '', 8),
(30, 'PROMOÇÕES ATÉ 50%!', '/img/banner/0030-tlm.jpg', '/img/banner/0030-pc.jpg', '2020-10-14', '2020-10-31', '1', '', 7),
(31, 'Aniversário Ci', '/img/banner/0031-tlm.jpg', '/img/banner/0031-pc.jpg', '2020-11-06', '2020-11-09', '', '', 5),
(32, 'Portes Grátis Ci', '/img/banner/0032-tlm.png', '/img/banner/0032-pc.png', '2020-11-20', '2020-11-23', '', '', 6),
(33, 'CiBlack', '/img/banner/0033-tlm.png', '/img/banner/0033-pc.png', '2020-11-26', '2020-12-09', '/loja', '', 4),
(34, 'Natal', '/img/banner/0034-tlm.png', '/img/banner/0034-pc.png', '2020-12-15', '2020-12-31', '/loja', '', 2),
(35, 'Portes Grátis Ci', '/img/banner/0035-tlm.jpg', '/img/banner/0035-pc.jpg', '2021-01-15', '2021-02-15', '/loja', '', 3),
(36, 'Promoções Têxteis', '/img/banner/0036-tlm.jpg', '/img/banner/0036-pc.jpg', '2021-02-17', '2021-03-31', '1', '', 1),
(37, 'Promoções Dia da Mãe', '/img/banner/0037-tlm.jpg', '/img/banner/0037-pc.jpg', '2021-04-21', '2021-05-04', '', '', 0),
(39, 'Dia da Criança', '/img/banner/0039-tlm.png', '/img/banner/0039-pc.png', '2021-05-28', '2021-06-03', '8', '', 0),
(40, 'Promoções', '/img/banner/0040-tlm.jpg', '/img/banner/0040-pc.jpg', '2021-06-21', '2021-07-31', '1', '', 0),
(41, 'Natal 2021', '/img/banner/0041-tlm.jpg', '/img/banner/0041-pc.jpg', '2021-11-04', '2022-01-06', '9', '', 0);

-- --------------------------------------------------------

--
-- Estrutura da tabela `encomenda`
--

CREATE TABLE `encomenda` (
  `id` bigint NOT NULL,
  `id_produto` bigint NOT NULL,
  `nome` text NOT NULL,
  `email` text NOT NULL,
  `contacto` text NOT NULL,
  `quantidade` text NOT NULL,
  `mensagem` text NOT NULL,
  `data` text NOT NULL
) ENGINE=InnoDB DEFAULT CHARSET=utf8mb3;

-- --------------------------------------------------------

--
-- Estrutura da tabela `essencia`
--

CREATE TABLE `essencia` (
  `id` bigint NOT NULL,
  `img` text NOT NULL,
  `online` tinyint(1) NOT NULL
) ENGINE=InnoDB DEFAULT CHARSET=utf8mb3;

--
-- Extraindo dados da tabela `essencia`
--

INSERT INTO `essencia` (`id`, `img`, `online`) VALUES
(1, '/img/essencia/001.jpg', 1),
(2, '/img/essencia/002.jpg', 1),
(3, '/img/essencia/003.jpg', 1),
(4, '/img/essencia/0004.jpg', 0);

-- --------------------------------------------------------

--
-- Estrutura da tabela `fema`
--

CREATE TABLE `fema` (
  `id` bigint NOT NULL,
  `id_tipo` bigint NOT NULL,
  `de` int NOT NULL,
  `ate` int NOT NULL,
  `valor` float NOT NULL,
  `legenda` text NOT NULL,
  `medida` text NOT NULL
) ENGINE=InnoDB DEFAULT CHARSET=utf8mb3;

--
-- Extraindo dados da tabela `fema`
--

INSERT INTO `fema` (`id`, `id_tipo`, `de`, `ate`, `valor`, `legenda`, `medida`) VALUES
(1, 1, 0, 5, 3.5, 'peso', ''),
(2, 1, 5, 10, 4, 'peso', ''),
(3, 1, 10, 20, 4.5, 'peso', ''),
(4, 1, 0, 0, 0.18, 'adicional', ''),
(5, 1, 0, 0, 80, 'volumetria', ''),
(6, 1, 0, 0, 7, 'combustivel', ''),
(7, 1, 0, 0, 23, 'iva', ''),
(8, 2, 0, 300, 30, 'peso', ''),
(9, 2, 300, 500, 35, 'peso', ''),
(10, 2, 0, 0, 0.18, 'adicional', ''),
(11, 2, 0, 0, 80, 'volumetria', ''),
(12, 2, 0, 0, 0, 'medida', '1.2*0.8*1.8'),
(13, 3, 0, 5, 25, 'peso', ''),
(14, 3, 5, 10, 30, 'peso', ''),
(15, 3, 10, 20, 39, 'peso', ''),
(16, 3, 20, 30, 59, 'peso', ''),
(17, 3, 30, 40, 85, 'peso', ''),
(18, 3, 0, 0, 3, 'adicional', ''),
(19, 3, 0, 0, 500, 'volumetria', ''),
(20, 3, 0, 0, 7, 'combustivel', ''),
(21, 4, 0, 5, 35, 'peso', ''),
(22, 4, 5, 10, 51, 'peso', ''),
(23, 4, 10, 20, 69, 'peso', ''),
(24, 4, 20, 30, 82, 'peso', ''),
(25, 4, 30, 40, 92, 'peso', ''),
(26, 4, 0, 0, 3.5, 'adicional', ''),
(27, 4, 0, 0, 167, 'volumetria', ''),
(28, 5, 0, 5, 47, 'peso', ''),
(29, 5, 5, 10, 55, 'peso', ''),
(30, 5, 10, 20, 85, 'peso', ''),
(31, 5, 20, 30, 102, 'peso', ''),
(32, 5, 30, 40, 115, 'peso', ''),
(33, 5, 0, 0, 4.2, 'adicional', ''),
(34, 5, 0, 0, 167, 'volumetria', '');

-- --------------------------------------------------------

--
-- Estrutura da tabela `fema_tipo`
--

CREATE TABLE `fema_tipo` (
  `id` bigint NOT NULL,
  `tipo` text NOT NULL
) ENGINE=InnoDB DEFAULT CHARSET=utf8mb3;

--
-- Extraindo dados da tabela `fema_tipo`
--

INSERT INTO `fema_tipo` (`id`, `tipo`) VALUES
(1, 'Portugal Caixa'),
(2, 'Portugal Palete'),
(3, 'Arquipélagos Marítimo'),
(4, 'Arquipélagos Aéreo Madeira/Funchal'),
(5, 'Arquipélagos Aéreo Resto das Ilhas');

-- --------------------------------------------------------

--
-- Estrutura da tabela `home`
--

CREATE TABLE `home` (
  `id` bigint NOT NULL,
  `titulo_pt` text NOT NULL,
  `titulo_en` text NOT NULL,
  `img` text NOT NULL,
  `online` tinyint(1) NOT NULL
) ENGINE=InnoDB DEFAULT CHARSET=latin1;

--
-- Extraindo dados da tabela `home`
--

INSERT INTO `home` (`id`, `titulo_pt`, `titulo_en`, `img`, `online`) VALUES
(1, 'Elegância, Conforto e Originalidade', 'Elegance, Comfort and Originality', '/img/home/adorno.jpg', 0),
(2, 'Elegância, Conforto e Originalidade', 'Elegance, Comfort and Originality', '/img/home/cama.jpg', 0),
(3, 'Elegância, Conforto e Originalidade', 'Elegance, Comfort and Originality', '/img/home/loja.jpg', 1),
(4, 'Elegância, Conforto e Originalidade', 'Elegance, Comfort and Originality', '/img/home/sofa.jpg', 0),
(5, 'Elegância, Conforto e Originalidade', 'Elegance, Comfort and Originality', '/img/home/0005.jpg', 0),
(6, 'Elegância, Conforto e Originalidade', 'Elegance, Comfort and Originality', '/img/home/0006.jpg', 1),
(7, 'Elegância, Conforto e Originalidade', '', '/img/home/0007.jpg', 0),
(8, 'Elegância, Conforto e Originalidade', '', '/img/home/0008.jpg', 1);

-- --------------------------------------------------------

--
-- Estrutura da tabela `newsletter`
--

CREATE TABLE `newsletter` (
  `id` bigint NOT NULL,
  `email` text NOT NULL,
  `data` date NOT NULL
) ENGINE=InnoDB DEFAULT CHARSET=utf8mb3;

--
-- Extraindo dados da tabela `newsletter`
--

INSERT INTO `newsletter` (`id`, `email`, `data`) VALUES
(1, 'tmendes@mredis.com', '2015-11-17'),
(2, 'geral@estoresviversol.com', '2015-11-20'),
(3, 'filipa.flordelima@gmail.com', '2015-11-22'),
(4, 'elisabeteferreira.tf@gmail.com', '2015-11-24'),
(5, 'patriciavale-rp@hotmail.com', '2015-11-26'),
(6, 'jony.paulo@hotmail.com', '2016-01-07'),
(7, 'jota.spereira@hotmail.com', '2016-01-26'),
(16, 'csilva@mredis.com', '2017-07-07'),
(18, 'frank.tub@sapo.pt', '2017-07-23'),
(19, 'sbragasimoes@gmail.com', '2017-07-25'),
(20, 'marta.novoas@netcabo.pt', '2017-07-25'),
(21, 'conceicao.sousa@free.fr', '2017-07-25'),
(22, 'saozinha7516@gmail.com', '2017-07-25'),
(23, 'saramarq@hotmail.com', '2017-07-25'),
(24, 'susana.barbosa@casais.pt', '2017-07-25'),
(25, 'jorge.lourenco@casais.pt', '2017-07-25'),
(26, 'olindafscunha@hotmail.com', '2017-07-25'),
(27, 'elisabetenunesmendes@gmail.com', '2017-07-25'),
(28, 'sarapeixotof@gmail.com', '2017-07-25'),
(29, 'pedroferreira.ferreira@gmail.com', '2017-07-25'),
(30, 'l.gomes.soares@sapo.pt', '2017-07-25'),
(31, 'aritacoutinho@gmail.com', '2017-07-25'),
(32, 'martinspereirafatima@gmail.com', '2017-07-25'),
(33, 'alexandra.m.novo@gmail.com', '2017-07-25'),
(34, 'helenagui@hotmail.com', '2017-07-25'),
(35, 'marciacoutada@gmail.com', '2017-07-25'),
(36, 'gracinduarte@gmail.com', '2017-07-25'),
(37, 'javanaise@gmail.com', '2017-07-25'),
(38, 'joaopaulo28@gmail.com', '2017-07-25'),
(39, 'isabelafonso62@hotmail.com', '2017-07-25'),
(40, 'ramalhoeraposo@rr-house.pt', '2017-07-25'),
(41, 'sergia.rocha@hotmail.com', '2017-07-25'),
(42, 'marcojesus@chamaamarela.com', '2017-07-25'),
(43, 'evafc2008@gmail.com', '2017-07-25'),
(44, 'jt.mm@hotmail.com', '2017-07-25'),
(46, 'mmarques@hotmail.com', '2017-07-25'),
(48, 'anaflaminio@gmail.com', '2017-07-25'),
(50, 'flaviaraujo13@hotmail.com', '2017-07-25'),
(51, 'siquililes@gmail.com', '2017-07-27'),
(52, 'ruth.ivania@hotmail.com', '2017-07-28'),
(53, 'igor.albertini@gmail.com', '2017-07-28'),
(54, 'kara_ahmad@hotmail.com', '2017-07-29'),
(55, 'januario10@hotmail.com', '2017-07-31'),
(56, 'sofia.marques@semural.pt', '2017-07-31'),
(57, 'carla.santos@cm-seixal.pt', '2017-08-04'),
(58, 'veracavanga09@gmail.com', '2017-08-07'),
(59, 'helder.fernandes82@gmail.com', '2017-08-08'),
(60, 'yousufact@gmail.com', '2017-08-12'),
(61, 'apolonia.jandira.silva@gmail.com', '2017-08-23'),
(62, 'nataliacerqueira72@gmail.com', '2017-08-31'),
(63, 'aldinanvpereira@gmail.com', '2017-09-21'),
(64, 'joanacostacosta@gmail.com', '2017-09-29'),
(65, 'filipabnascimento@gmail.com', '2017-10-09'),
(66, 'orlanda_pereira@hotmail.com', '2017-10-10'),
(67, 'cristina.antunes@live.com.pt', '2017-10-13'),
(68, 'sandra.a.o.gomes@gmail.com', '2017-10-17'),
(69, 'ghara_22@hotmail.com', '2017-10-21'),
(70, 'fariaeduarda72@gmail.com', '2017-10-23'),
(71, 'jiji@broadmessedubai.com', '2017-10-25'),
(72, 'dianapereiracarvalho@gmail.com', '2017-10-25'),
(73, 'lima.lsabel.maria@gmail.com', '2017-10-26'),
(74, 'lima.isabel.maria@gmail.com', '2017-10-26'),
(75, 'manuelcristo@emcica.com', '2017-10-26'),
(76, 'anderson-bento@hotmail.com', '2017-10-30'),
(77, 'criscastro.pt@gmail.com', '2017-10-31'),
(78, 'nadineglenda@gmail.com', '2017-11-02'),
(79, 'vitor.timoteo44@gmail.com', '2017-11-06'),
(80, 'anahenriqu@gmail.com', '2017-11-11'),
(81, 'fatimaoliveiraesteves@gmail.com', '2017-11-14'),
(82, 'tiagofilipefragasilva@gmail.com', '2017-11-16'),
(83, 'mjrpq@quimica.uminho.pt', '2017-11-16'),
(84, 'dianapatoliveira@hotmail.com', '2017-11-19'),
(85, 'rosetepitagros@gmail.com', '2017-11-20'),
(86, 'isabelafonso62@hotmaail.com', '2017-11-21'),
(87, 'm.alicemonteiro@hotmail.com', '2017-11-21'),
(88, 'andrea.sequeira.toliveira@gmail.com', '2017-11-22'),
(89, 'p.alex.ribeiro@hotmail.com', '2017-11-22'),
(90, 'matospereira.arminda@gmail.com', '2017-11-23'),
(91, 'cidalia.ci@gmail.com', '2017-11-24'),
(92, 'paulamoni@sapo.pt', '2017-11-24'),
(93, 'sannysantos90@gmail.com', '2017-12-04'),
(94, 'magnoliabarros@gmail.com', '2017-12-04'),
(95, 'joseanecosta787@gmail.com', '2017-12-05'),
(96, 'paulete455@hotmail.com', '2017-12-05'),
(97, 'carmen.maquete@gmail.com', '2017-12-05'),
(98, 'carmen.maquete@ucan.edu', '2017-12-05'),
(99, 'soniacanenga@hotmail.com', '2017-12-05'),
(100, 'jose.coelho@bda.ao', '2017-12-05'),
(101, 'fijotrin@hotmail.com', '2017-12-05'),
(102, 'eduardadomingos@hotmail.com', '2017-12-06'),
(103, 'joanamariaeduardo@hotmail.com', '2017-12-06'),
(104, 'joanamariaeduardo@hotmal.com', '2017-12-06'),
(105, 'mimi.santosgraca@gmeil.com', '2017-12-07'),
(106, 'sao.vrdades01@hotmail.com', '2017-12-07'),
(107, 'sao.verdades01@hotmail.com', '2017-12-07'),
(108, 'cindy.arozarena@gmail.com', '2017-12-07'),
(109, 'kim.yft@gmail.com', '2017-12-07'),
(110, 'odalyscapitao@gmail.com', '2017-12-07'),
(111, 'miritaferreira@hotmail.com', '2017-12-07'),
(112, 'ruterivas@hotmail.com', '2017-12-07'),
(113, 'joaneide14@gmail.com', '2017-12-07'),
(114, 'cbento10@hotmail.com', '2017-12-07'),
(115, 'idscorreia40@gmail.com', '2017-12-08'),
(116, 'manegalego@gmaqil.com', '2017-12-09'),
(117, 'manegalego@gmail.com', '2017-12-09'),
(118, 'mardour29@yahoo.com', '2017-12-10'),
(119, 'imosul.ananaz@gmail.com', '2017-12-10'),
(120, 'izicerca@gmail.com', '2017-12-10'),
(121, 'mfg1381@gmail.com', '2017-12-11'),
(122, 'mohammed@amtpc.com', '2017-12-12'),
(123, 'suzana.raimundo@sonangol.co.ao', '2017-12-12'),
(124, 'carlospimentel007@gmail.com', '2017-12-12'),
(125, 'catia@ci-interiordecor.com', '2017-12-12'),
(126, 'lourofaria@gmail.com', '2017-12-15'),
(127, 'cristinasalgueiro15@gmail.com', '2017-12-15'),
(128, 'a_pereira_1@yahoo.com', '2017-12-15'),
(129, 'barbaramarinho6@gmail.com', '2017-12-15'),
(130, 'antonieta.m.sousa@telecom.pt', '2017-12-16'),
(131, 'antonieta.m.sousa@telecom.pt', '2017-12-16'),
(132, 'sibilajuju@hotmail.com', '2017-12-17'),
(133, 'splourdes2003@yahoo.com.br', '2017-12-20'),
(134, 'splourdes2003@gmail.com', '2017-12-20'),
(135, 'carlosalbertosilva@iol.pt', '2017-12-20'),
(136, 'margarida@sofermar.pt', '2017-12-20'),
(137, 'fabao.7@gmail.com', '2017-12-21'),
(138, 'manzuetalberto66@gmail.com', '2017-12-22'),
(139, 'manzuetoalberto66@gmail.com', '2017-12-22'),
(140, 'tanusca_@hotmail.com', '2017-12-24'),
(141, 'carlacarimba12@gmail.com', '2017-12-25'),
(142, 'butterfly_voa@hotmail.com', '2017-12-26'),
(143, 'sfilipasrocha@gmail.com', '2017-12-28'),
(144, 'vcfoliveira@gmail.com', '2018-01-09'),
(145, 'helena.ventura@luzsaude.pt', '2018-01-09'),
(146, 'marisafreitas@sapo.pt', '2018-01-09'),
(147, 'jessicagoncalves.design@gmail.com', '2018-01-10'),
(148, 'jessicag@hotmail.com', '2018-01-10'),
(149, 'dani_chmiel@hotmail.com', '2018-01-10'),
(150, 'v.anu.zamanuel@hotmail.com', '2018-01-10'),
(151, 'hildeberto.lima@hotmail.com', '2018-01-11'),
(152, 'hildeberto.limao@gmail.com', '2018-01-11'),
(153, 'mcnunes09@gmail.com', '2018-01-11'),
(154, 'sofia291@sapo.pt', '2018-01-12'),
(155, 'ritafml@gmai.com', '2018-01-12'),
(156, 'natalia12@sapo.ao', '2018-01-19'),
(157, 'mmsbaptista@gmail.com', '2018-01-21'),
(158, 'asofialeal@gmail.com', '2018-01-21'),
(159, 'a_narita_lf@hotmail.com', '2018-01-21'),
(160, 'cletopimenta@hotmail.com', '2018-01-23'),
(161, 'vanusa.nunes@grupowanaka.com', '2018-01-23'),
(162, 'fernandooscar.m@gmail.com', '2018-01-23'),
(163, 'tatianaantonio1984@gmail.com', '2018-01-24'),
(164, 'anasobral.sfs@gmail.com', '2018-01-25'),
(165, 'ajal7@hotmail.com', '2018-01-28'),
(166, 'arinda.bairrada@hotmail.com', '2018-01-29'),
(167, 'topiasslb88@hotmail.com', '2018-01-30'),
(168, 'joana_4203@hotmail.com', '2018-02-02'),
(169, 'claudiobemba@karibrinca.com', '2018-02-02'),
(170, 'vfranzin@terra.com.br', '2018-02-03'),
(171, 'soljord2@hotmail.com', '2018-02-08'),
(172, 'lmloja2017@gmail.com', '2018-02-08'),
(173, 'delfinamartins@gmail.com', '2018-02-11'),
(174, 'anamaria.azevedo@gmail.com', '2018-02-13'),
(175, 'carlavarandas@gmail.com', '2018-02-13'),
(176, 'lily.brito@hotmail.com', '2018-02-13'),
(177, 'aldacruz@gmail.com', '2018-02-13'),
(178, 'daniela_costa82@hotmail.com', '2018-02-13'),
(179, 'lopes.rolarverde@gmail.com', '2018-02-14'),
(180, 'joqlopes@hotmail.com', '2018-02-14'),
(181, 'lurdes_c_dinis@hotmail.com', '2018-02-15'),
(182, 'irifer09@hotmail.com', '2018-02-16'),
(183, 'omanhome@hotmail.com', '2018-02-17'),
(184, 'fs.home@hotmail.com', '2018-02-18'),
(185, 'anapaulawilson@gmail.com', '2018-02-18'),
(186, 'felisminasilva1973@gmail.com', '2018-02-19'),
(187, 'maurimoreno@yahoo.com', '2018-02-20'),
(188, 'gvilafanha@gmail.com', '2018-02-26'),
(189, 'cmgpires@netcabo.pt', '2018-03-05'),
(190, 'olivia-ramalho@hotmail.com', '2018-03-05'),
(191, 'isabel_vr99@hotmail.com', '2018-03-07'),
(192, 'luciareginaantunes@hotmail.com', '2018-03-08'),
(193, 'dulcevaron@sapo.pt', '2018-03-12'),
(194, 'helena.sfonseca@gmail.com', '2018-03-12'),
(195, 'heliogomes09@gmail.com', '2018-03-23'),
(196, 'paulasousa.99@gmail.com', '2018-03-23'),
(197, 'hseara@aguasdebarcelos.pt', '2018-04-02'),
(198, 'alicebrancogcf@gmail.com', '2018-04-03'),
(199, 'elisabete.moreira@alert.pt', '2018-04-03'),
(200, 'kyhare@gmail.com', '2018-04-03'),
(201, 'rafaellourenco2014@gmail.com', '2018-04-07'),
(202, 'fatima.c.t.alves@gmail.com', '2018-04-07'),
(203, 'calmarte@gmail.com', '2018-04-08'),
(204, 'lurdes.prazeres@gmail.com', '2018-04-12'),
(205, 'olgaareosa56@gmail.com', '2018-04-16'),
(206, 'celourenco@gmail.com', '2018-04-17'),
(207, 'rita.amaral@hotmail.com', '2018-04-19'),
(208, 'rosamar@portugalmail.pt', '2018-04-23'),
(209, 'sirlenegarcia@live.com.pt', '2018-04-24'),
(210, 'cleusaelisangela@msn.com', '2018-05-04'),
(211, 'jisa.cardoso@hotmail.com', '2018-05-13'),
(212, 'franbetto@gmail.com', '2018-05-20'),
(213, 'mariojgpeixoto@gmail.com', '2018-05-20'),
(214, 'arturabreu@lacosglobais.pt', '2018-05-29'),
(215, 'dcvbrc@hotmail.com', '2018-06-06'),
(216, 'anaisabelmaio@hotmail.com', '2018-06-17'),
(217, 'claudio.vieira.alves@gmail.com', '2018-06-20'),
(218, 'ruinogueira@atlantidawta.com', '2018-06-21'),
(219, 'fguanilhoduarte@yahoo.com', '2018-06-26'),
(220, 'cmferreira@ie.uminho.pt', '2018-06-26'),
(221, 'candidoaxavier@gmail.com', '2018-06-26'),
(222, 'carmo.oliveira@icnf.pt', '2018-06-27'),
(223, 'matilde_mendes@hotmail.com', '2018-07-10'),
(224, 'esmrebelo@gmail.com', '2018-07-10'),
(225, 'filomenamdalbuquerque@hotmail.com', '2018-07-10'),
(226, 'anaflavia.santosmartins@gmail.com', '2018-07-10'),
(227, 'monicaclcb@hotmail.com', '2018-07-11'),
(228, 'vaniarcosta26@hotmail.com', '2018-07-11'),
(229, 'linabarraoliveira@gmail.com', '2018-07-13'),
(230, 'jorgecolonia@sapo.pt', '2018-07-13'),
(231, 'ihigino@icloud.com', '2018-07-13'),
(232, 'zelianunes.nunes@gmail.com', '2018-07-15'),
(233, 'hortensiarcsilva@gmail.com', '2018-07-18'),
(234, 'mjgcosta@gmail.com', '2018-07-19'),
(235, 'susyvicente8@gmail.com', '2018-07-20'),
(236, 'felizardoambrosio@gmail.com', '2018-07-23'),
(237, 'rosete.canelas@sonangol.co.ao', '2018-07-25'),
(238, 'nayrinhalegria@hotmail.com', '2018-07-25'),
(239, 'eduluzia@gmail.com', '2018-07-30'),
(240, 'ednaleu@gmail.com', '2018-07-30'),
(241, 'daniela.sousa.cs@gmail.com', '2018-07-31'),
(242, 'martailsoares@gmail.com', '2018-07-31'),
(243, 'tetecosta1965@hotmail.com', '2018-08-01'),
(244, 'diogo-monteiro_1@hotmail.com', '2018-08-04'),
(245, 'analeitaomoura@gmail.com', '2018-08-07'),
(246, 'rfsv2013@gmail.com', '2018-08-08'),
(247, 'cris.teixeira1@hotmail.com', '2018-08-10'),
(248, 'penicita10@hotmail.com', '2018-08-10'),
(249, 'msousa.13@hotmail.com', '2018-08-10'),
(250, 'sonia.brandao@iol.pt', '2018-08-11'),
(251, 'valyap@abv.bg', '2018-08-12'),
(252, 'olga.coque@sapo.pt', '2018-08-12'),
(253, 'jikarimo@gmail.com', '2018-08-13'),
(254, 'jameuni@hotmail.com', '2018-08-13'),
(255, 'elisabete.silv@hotmail.com', '2018-08-14'),
(256, 'tadeualbino79@gmail.com', '2018-08-14'),
(257, 'catarina.futi@sonangol.co.ao', '2018-08-14'),
(258, 'jamillezim@gmail.com', '2018-08-16'),
(259, 'edsonromeiro.decor@gmail.com', '2018-08-16'),
(260, 'ilidio.vieiras@gmail.com', '2018-08-17'),
(261, 'fafernandes237@gmail.com', '2018-08-18'),
(262, 'gatalady1@hotmail.com', '2018-08-18'),
(263, 'ednamor25@hotmail.com', '2018-08-20'),
(264, 'nzingajasse@yahoo.com', '2018-08-21'),
(265, 'cristinarodrigues.rad@gmail.com', '2018-08-22'),
(266, 'celestrufino@gmail.com', '2018-08-26'),
(267, 'mlviveiros@ana.pt', '2018-08-27'),
(268, 'teresa_franqueira@hotmail.com', '2018-08-28'),
(269, 'joanabenedita.couto@gmail.com', '2018-09-04'),
(270, 'nuriayuram88@hotmail.com', '2018-09-08'),
(271, 'filipalourenco@live.com.pt', '2018-09-16'),
(272, 'anamsmaia@hotmail.com', '2018-09-16'),
(273, 'ezalgina@yahoo.com', '2018-09-17'),
(274, 'martbraga@gmail.com', '2018-09-18'),
(275, 'afpinto.remax@gmail.com', '2018-09-21'),
(276, 'alsfonseca20@hotmail.com', '2018-09-22'),
(277, 'guida_66@hotmail.com', '2018-09-24'),
(278, 'cristina.ferreira.1697@gmail.com', '2018-09-26'),
(279, 'francisco.maquina.manuel@gmail.com', '2018-09-28'),
(280, 'nambuadamata@hotmail.com', '2018-09-29'),
(281, 'carla.brito@netcabo.pt', '2018-09-29'),
(282, 'paula.santos.m19@gmail.com', '2018-10-03'),
(283, 'faizal.cassamo@hotmail.com', '2018-10-14'),
(284, 'jcsmacedo@portugalmail.pt', '2018-10-18'),
(285, 'lissandra48@hotmail.com', '2018-10-24'),
(286, 'taniacostarodrigues9@gmail.com', '2018-10-29'),
(287, 'robertokelviotejo@gmail.com', '2018-11-03'),
(288, 'fernandesana688@gmail.com', '2018-11-06'),
(289, 'mrita.an@gmail.com', '2018-11-18'),
(290, 'soraia_borges17@hotmail.com', '2018-12-02'),
(291, 'claudiasteixeira88@gmail.com', '2018-12-03'),
(292, 'brunammsantos@gmail.com', '2018-12-05'),
(293, 'pedrasccosta@gmail.com', '2018-12-13'),
(294, 'vcscferreira@gmail.com', '2018-12-18'),
(295, 'dorarusso@gmail.com', '2019-01-03'),
(296, 'isabelalcobia.1974@gmail.com', '2019-01-06'),
(297, 'joanabregas@hotmail.com', '2019-01-07'),
(298, 'aanafonseca@gmail.com', '2019-01-10'),
(299, 'silene.mendes141400@gmail.com', '2019-01-18'),
(300, 'csintra07@gmail.com', '2019-01-18'),
(301, 'soniaisab@hotmail.com', '2019-01-19'),
(302, 'claudia.novais@gmail.com', '2019-01-20'),
(303, 'corita.m.nogueira@gmail.com', '2019-01-20'),
(304, 'amjeamje@gmail.com', '2019-01-24'),
(305, 'tinasafrias@hotmail.com', '2019-01-24'),
(306, 'nairgarnacho@gmail.com', '2019-01-25'),
(307, 'anacristina_ip@hotmail.com', '2019-01-30'),
(308, 'vitormbonifacio@gmail.com', '2019-02-06'),
(309, 'cunha.isa1999@gmail.com', '2019-02-14'),
(310, 'mjaviana@sapi.pt', '2019-02-26'),
(311, 'indicabral9526@gmail.com', '2019-02-26'),
(312, 'crisantos_66@sapo.pt', '2019-03-06'),
(313, 'mls.mariana@gmail.com', '2019-03-06'),
(314, 'carlacunha74@outlook.pt', '2019-03-13'),
(315, 'claudiasofiacorreia@gmail.com', '2019-03-13'),
(316, 'filomenacpcosta@hotmail.com', '2019-03-20'),
(317, 'imenano@sterlingmarketing.pt', '2019-03-28'),
(318, 'lisa.baptistarosa@gmail.com', '2019-03-29'),
(319, 'elizabetecon@mail.telepac.pt', '2019-03-29'),
(320, 'teresa@terraceinvest.com', '2019-03-29'),
(321, 'anapaulagaipo@gmail.com', '2019-03-30'),
(322, 'drizahra@gmail.com', '2019-03-31'),
(323, 'carla.cabus@gmail.com', '2019-04-02'),
(324, 'mgm.olga@gmail.com', '2019-05-01'),
(325, 'gildamvalentim@hotmail.com', '2019-05-04'),
(326, 'ebueso@sapo.pt', '2019-05-06'),
(327, 'mma-vieira@hotmail.com', '2019-05-17'),
(328, 'peixoto.sara12@gmail.com', '2019-05-20'),
(329, 'fmclaranjeira@gmail.com', '2019-06-13'),
(330, 'fernanda@inter-pt.com', '2019-07-05'),
(331, 'veradesousapimenta@gmail.com', '2019-08-18'),
(332, 'julio.sa@plasmitec.com', '2019-09-03'),
(333, 'cidalia.dias@hotmail.com', '2019-09-05'),
(334, 'carlatcosta@casantosjorge.com', '2019-09-16'),
(335, 'xana.nikita@gmail.com', '2019-09-17'),
(336, 'figaro.2009@hotmail.com', '2019-09-19'),
(337, 'djanykamila@gmail.com', '2019-09-21'),
(338, 'louise_de_miranda@hotmail.com', '2019-09-21'),
(339, 'paula.campos@externatopaulovi.org', '2019-09-23'),
(340, 'cristinaserpa6@gmail.com', '2019-09-29'),
(341, 'tania22oliveira@gmail.com', '2019-10-03'),
(342, 'nvrinaldi@gmail.com', '2019-10-11'),
(343, 'mar.17.tita@hotmail.com', '2019-10-26'),
(344, 'rafaelaa.barbosa@hotmail.com', '2019-10-27'),
(345, 'mgnepo009@gmail.com', '2019-10-28'),
(346, 'rosandre84@hotmail.com', '2019-10-28'),
(347, 'ruivacris@gmail.com', '2019-10-29'),
(348, 'marlene.freitas@hotmail.com', '2019-11-02'),
(349, 'fatimamartins1960@hotmail.com', '2019-11-04'),
(350, 'mtpadilhap@gmail.com', '2019-11-18'),
(351, 'helena-ivo@hotmail.com', '2019-12-06'),
(352, 'isamoreiradealmeida@gmail.com', '2019-12-12'),
(353, 'carladanielafafe@hotmail.com', '2019-12-17'),
(354, 'carlajvf@gmail.com', '2020-01-14'),
(355, 'mgloriacbrito@gmail.com', '2020-02-17'),
(356, 'luizaatelier@gmail.com', '2020-02-28'),
(357, 'mjrpqueiroz@gmail.com', '2020-03-30'),
(358, 'biscf71@fmail.com', '2020-03-30'),
(359, 'biscf71@gmail.com', '2020-03-30'),
(360, 'leandrosousa@sapo.pt', '2020-03-31'),
(361, 'zuspinola@live.com', '2020-04-01'),
(362, 'zuspinola@live.com.pt', '2020-04-01'),
(363, 'alice.henriques75@gmail.com', '2020-04-01'),
(364, 'patriciaviei@gmail.com', '2020-04-03'),
(365, 'cristinabrandao@hotmail.com', '2020-04-03'),
(366, 'pereiragoncalves.juliana@gmail.com', '2020-04-07'),
(367, 'claudethpeky1995@gmail.com', '2020-04-08'),
(368, 'maria_arlete_valente@hotmail.com', '2020-04-17'),
(369, 'noeliapittagroz@gmail.com', '2020-04-18'),
(370, 'joaoferreira236@gmail.com', '2020-04-19'),
(371, 'cidalialaranjo@yahoo.com.br', '2020-04-20'),
(372, 'tezita@gmail.com', '2020-04-21'),
(373, 'tania.gomes.2006@gmail.com', '2020-04-22'),
(374, 'leticiaferreira@sapo.pt', '2020-04-24'),
(375, 'anifleidy.sateia@gmail.com', '2020-04-25'),
(376, 'manuelatiagovalente@hotmail.com', '2020-04-26'),
(377, 'paulaffernandes7@hotmail.com', '2020-04-26'),
(378, 'filiparocha55@hotmail.com', '2020-04-26'),
(379, 'neivaclima@sapo.pt', '2020-04-27'),
(380, 'filomenaoliveira1966@sapo.pt', '2020-04-27'),
(381, 'ssprazeres@gmail.com', '2020-04-29'),
(382, 'candida.fernandes@perfilnorte.com', '2020-04-29'),
(383, 'sme@sapo.pt', '2020-04-30'),
(384, 'anammei@hotmail.com', '2020-04-30'),
(385, 'josegois38@gmail.com', '2020-05-05'),
(386, 'alexa.ual@gmail.com', '2020-05-06'),
(387, 'belapinho@sapo.pt', '2020-05-08'),
(388, 'rosamimoca@gmail.com', '2020-05-08'),
(389, 'costa.nadiafilipa@gmail.com', '2020-05-09'),
(390, 'conceicaosilvafalcao@gmail.com', '2020-05-10'),
(391, 'peixoto.grace0110@gmail.com', '2020-05-14'),
(392, 'tania_faria@hotmail.com', '2020-05-14'),
(393, 'anafilipaalves@gmail.com', '2020-05-20'),
(394, 'otilia.gil@gmail.com', '2020-05-23'),
(395, 'k.1000.lex@hotmail.com.br', '2020-05-26'),
(396, 'crisramoa@hotmail.com', '2020-05-27'),
(397, 'mafaldasofiacorreia@hotmail.com', '2020-05-27'),
(398, 'nesitta1993@gmail.com', '2020-05-28'),
(399, 'psj.abreu@gmail.com', '2020-05-29'),
(400, 'estherbranco@gmail.com', '2020-05-29'),
(401, 'director@decoplus.com.cy', '2020-06-02'),
(402, 'isamduarte@gmail.com', '2020-06-02'),
(403, 'valverderakel77@icloud.com', '2020-06-02'),
(404, 'kaiolcs@hotmail.com', '2020-06-03'),
(405, 'asauderibeiro@gmail.com', '2020-06-03'),
(406, 'saravinhas@gmail.com', '2020-06-04'),
(407, 'fernando310857@gmail.com', '2020-06-04'),
(408, 'tatiianalamego@hotmail.com', '2020-06-04'),
(409, 'cdtimoteo@gmail.com', '2020-06-04'),
(410, 'filomenamff@gmail.com', '2020-06-04'),
(411, 'bibimartins784@gmail.com', '2020-06-04'),
(412, 'cmcosta68@gmail.com', '2020-06-04'),
(413, 'aureliacavaco@hotmail.com', '2020-06-05'),
(414, 'susanaguiar@hotmail.com', '2020-06-05'),
(415, 'monica.sofia.a.s.t@gmail.com', '2020-06-05'),
(416, 'martaamorimdias@gmail.com', '2020-06-05'),
(417, 'carolina.adelaidejesus@gmail.com', '2020-06-05'),
(418, 'tixa_gomes@hotmail.com', '2020-06-05'),
(419, 'filomenarmoutinho@gmail.com', '2020-06-05'),
(420, 'rmfranc@gmsil.com', '2020-06-06'),
(421, 'rmfranc@gmail.com', '2020-06-06'),
(422, 'sara.teiga@gmail.com', '2020-06-06'),
(423, 'vandatunes@gmail.com', '2020-06-06'),
(424, 'mafalda.simoes@sapo.pt', '2020-06-07'),
(425, 'renata.matilde@gmail.com', '2020-06-07'),
(426, 'isabelmariagarcia1966@gmail.com', '2020-06-10'),
(427, 'ivone.coelho222@gmail.com', '2020-06-16'),
(428, 'asnjoao@hotmail.com', '2020-06-18'),
(429, 'grasielasilvabarreto@gmail.com', '2020-06-24'),
(430, 'elisabete.sgoncalves@hotmail.com', '2020-06-25'),
(431, 'icfarinha@sapo.pt', '2020-06-26'),
(432, 'telmamarquesiuco@hotmail.com', '2020-07-03'),
(433, 'martris@sapo.pt', '2020-07-05'),
(434, 'mfpereira.67@gmail.com', '2020-07-07'),
(435, 'andrade.yonara@gmail.com', '2020-07-17'),
(436, 'lili_rosario@hotmail.com', '2020-07-26'),
(437, 'mclaras13@gmail.com', '2020-07-26'),
(438, 'jmlbsilva@gmail.com', '2020-07-29'),
(439, 'cristina@viagens-happy.pt', '2020-07-30'),
(440, 'andre87costa@gmail.com', '2020-07-31'),
(441, 'manueladmm@gmail.com', '2020-08-08'),
(442, 'p.pcpereira3@gmail.com', '2020-08-08'),
(443, 'manuelafariamartins@gmail.com', '2020-08-09'),
(444, 'r.anaisa96@gmail.com', '2020-08-18'),
(445, 'nancy.jove2015@gmail.com', '2020-08-23'),
(446, 'nevesresort@hotmail.com', '2020-08-23'),
(447, 'mjoseccordeiro@gmail.com', '2020-08-24'),
(448, 'morgado_caridade@hotmail.com', '2020-08-25'),
(449, 'linambrettes@hotmail.com', '2020-08-25'),
(450, 'jorcelinaferreira01@gmail.com', '2020-09-16'),
(451, 'jessikalves@hotmail.com', '2020-09-20'),
(452, 'evapoamendes@gmail.com', '2020-09-24'),
(453, 'rosamsilva612@gmail.com', '2020-10-03'),
(454, 'anapmaciel2@gmail.com', '2020-10-07'),
(455, 'sandra.branco.pj@gmail.com', '2020-10-11'),
(456, 'anuskadrm@hotmail.com', '2020-10-11'),
(457, 'spinhodias@hotmail.com', '2020-10-12'),
(458, 'anapf73@gmail.com', '2020-10-12'),
(459, 'elisabete.vsantos@gmail.com', '2020-10-12'),
(460, 'isabelrocha85@gmail.com', '2020-10-12'),
(461, 'filipa.ferreira.silva@hotmail.com', '2020-10-13'),
(462, 'margaridafaus@gmail.com', '2020-10-16'),
(463, 'isabelfaria@gmail.com', '2020-10-16'),
(464, 'smonteiro@ipca.pt', '2020-10-17'),
(465, 'vcastro@uevora.pt', '2020-10-18'),
(466, 'gamanuno@gmail.com', '2020-10-20'),
(467, 'helenacmvitorino@gmail.com', '2020-10-23'),
(468, '7silviarocha6336@gmail.com', '2020-10-24'),
(469, '7silviarocha6336@gmai.com', '2020-10-24'),
(470, 'as1625549@sapo.pt', '2020-10-24'),
(471, 'rosajegundo@gmail.com', '2020-10-24'),
(472, 'conserval.pauladias@gmail.com', '2020-10-24'),
(473, 'conserval.pauladias@gmail.com', '2020-10-24'),
(474, 'carrmen.coutinho@gmail.com', '2020-10-24'),
(475, 'alinedelgadosol@gmail.com', '2020-10-24'),
(476, 'sandra.sousa.g@gmail.com', '2020-10-24'),
(477, 'isacaleia@hotmail.com', '2020-10-24'),
(478, 'laraopinto@hotmail.com', '2020-10-25'),
(479, 'penha.saviatto@gmail.com', '2020-10-25'),
(480, 'sandrafaraujo22@gmail.com', '2020-10-25'),
(481, 'florbbella72@gmail.com', '2020-10-25'),
(482, 'branquinhas1811@gmail.com', '2020-10-26'),
(483, 'gertrudes.ripado@gmail.com', '2020-10-26'),
(484, 'mclara.r826@gmail.com', '2020-10-27'),
(485, 'celia.vieiralima07@gmail.com', '2020-10-29'),
(486, 'smcvc@hotmil.com', '2020-10-31'),
(487, 'csaraiva@uc.pt', '2020-11-01'),
(488, 'saletesilva1984.ss@gmail.com', '2020-11-01'),
(489, 'mraquelcastelo@gmail.com', '2020-11-01'),
(490, 'fnunes.campos@gmail.com', '2020-11-01'),
(491, 'crislichotto@hotmail.com', '2020-11-01'),
(492, 'grassamatias@hotmail.com', '2020-11-01'),
(493, 'xanamgs@gmail.com', '2020-11-03'),
(494, 'mcbmbueso@gmail.com', '2020-11-06'),
(495, 'cmbueso@gmail.com', '2020-11-06'),
(496, 'ccmdacruz@gmail.com', '2020-11-08'),
(497, 'isabelbritosilva@gmail.com', '2020-11-08'),
(498, 'alice.canhao@gmail.com', '2020-11-08'),
(499, 'sonia.c.o.neves73@gmail.com', '2020-11-13'),
(500, 'maribelfonseca50@gmail.com', '2020-11-15'),
(501, 'patriciagranadeiro@hotmail.com', '2020-11-22'),
(502, 'carlaalexribeiro@hotmail.com', '2020-11-22'),
(503, 'd_bugalho@hotmail.com', '2020-11-22'),
(504, 'paulatavs@sapo.pt', '2020-11-22'),
(505, 'anabela.santos@electrodc.pt', '2020-11-23'),
(506, 'anabela.santos@electrodc.pt', '2020-11-23'),
(507, 'julietamoroliveira@gmail.com', '2020-11-23'),
(508, 'flaviacgpereira@gmail.com', '2020-11-25'),
(509, 'a2pinheiros@outlook.com', '2020-11-28'),
(510, 'carmen.coutinho@gmail.com', '2020-11-29'),
(511, 'martaaguiar8@hotmail.com', '2020-11-30'),
(512, 'joanarcalves@gmail.com', '2020-11-30'),
(513, 'margarida.coelho216@gmail.com', '2020-12-01'),
(514, 'mangoncalves@gmail.com', '2020-12-01'),
(515, 'lilianalopes23@gmail.com', '2020-12-02'),
(516, 'raquel.velososilva@gmail.com', '2020-12-03'),
(517, 'marina-abreu22@hotmail.com', '2020-12-05'),
(518, 'psi.anabarros@gmail.com', '2020-12-16'),
(519, 'anapaulanorte@gmail.com', '2020-12-20'),
(520, 'carlasilvalopes@hotmail.com', '2020-12-28'),
(521, 'sofia.nogueira@neuf.fr', '2020-12-30'),
(522, 'joao.laraealbuquerque@hotmail.com', '2020-12-30'),
(523, 'fernando.ribeiro@redemaior.com', '2021-01-07'),
(524, 'carinasilvamoreira@gmail.com', '2021-01-11'),
(525, 'adeliajonesmilagres@gmail.com', '2021-01-17'),
(526, 'sisduarte@sapo.pt', '2021-01-17'),
(527, 'anabelabarroso@gmail.com', '2021-01-17'),
(528, 'mariasilvamestre@gmail.com', '2021-01-17'),
(529, 'elsareginan@gmail.com', '2021-01-17'),
(530, 'helenacarromeu@gmail.com', '2021-01-17'),
(531, 'jifatimarodrigues@gmail.com', '2021-01-17'),
(532, 'isabel.barbosa.fernandes@gmail.com', '2021-01-17'),
(533, 'saomaroco1@gmail.com', '2021-01-18'),
(534, 'santacruz.sofia66@gmail.com', '2021-01-18'),
(535, 'helderfgs@gmail.com', '2021-01-18'),
(536, 'andreacorreia05@hotmail.com', '2021-01-18'),
(537, 'filomena.frija@sapo.pt', '2021-01-18'),
(538, 'filomena.frija@sapo.p', '2021-01-18'),
(539, 'rita.vasconcelos@outlook.pt', '2021-01-18'),
(540, 'margarida.md82@gmail.com', '2021-01-18'),
(541, '68albinosiva@gmail.com', '2021-01-18'),
(542, 'soniajj1@hotmail.com', '2021-01-18'),
(543, 'palmiramanuelacpereira@gmail.com', '2021-01-18'),
(544, 'filomaroco@hotmail.com', '2021-01-18'),
(545, 'hemiliannybrasil@hotmail.com', '2021-01-19'),
(546, 'sofia-f81@hotmail.com', '2021-01-19'),
(547, 'smnagostinho@gmail.com', '2021-01-19'),
(548, 'isildamata@sapo.pt', '2021-01-19'),
(549, 'csntserra@gmail.com', '2021-01-19'),
(550, 'graciete.dias@hotmail.com', '2021-01-20'),
(551, 'magdarsf@netcabo.pt', '2021-01-20'),
(552, 'pedroajluis@gmail.com', '2021-01-20'),
(553, 'mariarosaliasergio@hotmail.com', '2021-01-21'),
(554, 'carla.brito@gmail.com', '2021-01-21'),
(555, 'cdalila18@hotmail.com', '2021-01-25'),
(556, 'pimatos40@hotmail.com', '2021-01-25'),
(557, 'af.alves.faria@gmail.com', '2021-01-26'),
(558, 'luciafatimasa@hotmail.com', '2021-01-27'),
(559, 'claudia.soares@suma.pt', '2021-01-28'),
(560, 'enriquesanzguard@hotmail.com', '2021-01-28'),
(561, 'be@beze.pt', '2021-01-28'),
(562, 'fatimavcarreira@gmail.com', '2021-01-28'),
(563, 'paulo.lili@hotmail.com', '2021-01-28'),
(564, 'sandraborges911@gmail.com', '2021-01-28'),
(565, 'angelaguerreiro84@gmail.com', '2021-01-29'),
(566, 'alexandra.madeira.almeida@gmail.com', '2021-01-29'),
(567, 'adelaidemoreira@sapo.pt', '2021-01-29'),
(568, 'martagarim@gmail.com', '2021-01-29'),
(569, 'gloriapereira476@gmail.com', '2021-01-29'),
(570, 'oagallegor@gmail.com', '2021-01-30'),
(571, 'alexliching@gmail.com', '2021-01-30'),
(572, 'cmelo_moreira@hotmail.com', '2021-01-31'),
(573, 'joselia_tomas@hotmail.com', '2021-01-31'),
(574, 'boutiquecristela@hotmail.com', '2021-02-02'),
(575, 'isabel.bouro@gmail.com', '2021-02-03'),
(576, 'ana.freire79@gmail.com', '2021-02-04'),
(577, 'oliveira.esterdacosta@gmail.com', '2021-02-04'),
(578, 'helenarodrijo@icloud.com', '2021-02-05'),
(579, 'graca.pinho@outlook.pt', '2021-02-09'),
(580, 'cristinamc1963@sapo.pt', '2021-02-10'),
(581, 'matiascila@gmail.com', '2021-02-12'),
(582, 'anarodriguesba84@gmail.com', '2021-02-13'),
(583, 'cristinaharrington@hotmail.com', '2021-02-15'),
(584, 'ana.paula.teles@sapo.ptana', '2021-02-15'),
(585, 'ana.paula.teles@sapo.pt', '2021-02-15'),
(586, 'chindachipesse@gmail.com', '2021-02-16'),
(587, 'nita.almeida.1963@gmail.com', '2021-02-17'),
(588, 'ermelindapinto@hotmail.com', '2021-02-17'),
(589, 'lilaribe@gmail.com', '2021-02-19'),
(590, 'csara2989@gmail.com', '2021-02-24'),
(591, 'dalvameireles@icloud.com', '2021-02-25'),
(592, 'carlamacedo77@hotmail.com', '2021-02-25'),
(593, 'paulasmota12@gmail.com', '2021-02-25'),
(594, 'quintapedra@hotmail.com', '2021-02-25'),
(595, 'maria_santosesanroses@hotmail.com', '2021-02-26'),
(596, 'maria_santosesantoses@hotmail.com', '2021-02-26'),
(597, 'paulitaamcunha@hotmail.com', '2021-02-26'),
(598, 'isimorcor@gmail.comisimorcor', '2021-02-27'),
(599, 'isimorcor@gmail.com', '2021-02-27'),
(600, 'eudaliavalente@gmail.com', '2021-02-27'),
(601, 'liamb@sapo.pt', '2021-02-28'),
(602, 'manuela.ssantos@gmail.com', '2021-02-28'),
(603, 'fatimafiuza@sapo.pt', '2021-03-01'),
(604, 'mariaelisabeteasilva@gmail.com', '2021-03-01'),
(605, 'carlalvesoliveira@gmail.com', '2021-03-08'),
(606, 'cristina.amaral3@gmail.com', '2021-03-13'),
(607, 'm.elisabete.marques@gmail.com', '2021-03-13'),
(608, 'valeriafrade@hotmail.com', '2021-03-16'),
(609, 'claudia.ferreira.coelho@gmail.com', '2021-03-20'),
(610, 'monicasilvaduarte@sapo.pt', '2021-03-20'),
(611, 'crisg_mail@yahoo.com', '2021-03-21'),
(612, 'francelinasilva1958@gmail.com', '2021-03-26'),
(613, 'mariafncosta@hotmail.com', '2021-03-28'),
(614, 'lrocha1987@hotmail.com', '2021-03-28'),
(615, 'paulacbpsabrito@gmail.com', '2021-03-29'),
(616, 'cameni.cmfb@gmail.com', '2021-04-01'),
(617, 'brunommsampaio@gmail.com', '2021-04-02'),
(618, 'vania_coelho@hotmail.com', '2021-04-13'),
(619, 'joao_pedro04@yahoo.com.br', '2021-04-21'),
(620, 'elsacostaaraujo74@gmail.com', '2021-04-24'),
(621, 'saopereira71@gmail.com', '2021-05-08'),
(622, 'mc.mcintosh@me.com', '2021-05-12'),
(623, 'celinaneiva@gmail.com', '2021-06-17'),
(624, 'diogoogenio@gmail.com', '2021-06-21'),
(625, 'vbaia.distribuicao@sapo.pt', '2021-06-28'),
(626, 'fjfcoelho@gmail.com', '2021-06-28'),
(627, 'msafrias@gmail.com', '2021-06-28'),
(628, 'liam3039@gmail.com', '2021-06-29'),
(629, '1972paula.rocha@gmail.com', '2021-06-29'),
(630, 'pires_evadina@yahoo.com', '2021-06-30'),
(631, 'nina894729@gmail.com', '2021-07-02'),
(632, 'paulaferreira4001@gmail.com', '2021-07-02'),
(633, 'oliviamsmendes@hotmail.com', '2021-07-23'),
(634, 'anocassilva83@gmail.com', '2021-08-11'),
(635, 'steveg.a@gmail.com', '2021-08-26'),
(636, 'smcvc@hotmail.com', '2021-09-02'),
(637, 'ariellauviah@gmail.com', '2021-09-14'),
(638, 'mariajoseadao_11@sapo.pt', '2021-09-28'),
(639, 'almeidaamelia552@gmail.com', '2021-10-02'),
(640, 'carlas3@live.com.pt', '2021-11-10'),
(641, 'cristina.almodovar10@gmail.com', '2021-11-18'),
(642, 'hsilva@mredis.com', '2021-11-18'),
(643, 'be_navio@hotmail.com', '2021-11-18'),
(644, 'madalenacastro_7@hotmail.com', '2021-11-23');

-- --------------------------------------------------------

--
-- Estrutura da tabela `noticia`
--

CREATE TABLE `noticia` (
  `id` bigint NOT NULL,
  `titulo_pt` text NOT NULL,
  `titulo_en` text NOT NULL,
  `noticia_pt` text NOT NULL,
  `noticia_en` text NOT NULL,
  `criacao` date NOT NULL,
  `publicacao` date NOT NULL,
  `img` text NOT NULL,
  `online` tinyint(1) NOT NULL
) ENGINE=InnoDB DEFAULT CHARSET=latin1;

--
-- Extraindo dados da tabela `noticia`
--

INSERT INTO `noticia` (`id`, `titulo_pt`, `titulo_en`, `noticia_pt`, `noticia_en`, `criacao`, `publicacao`, `img`, `online`) VALUES
(1, 'Filda 2016', 'Filda 2016', 'Pelo terceiro ano consecutivo, estaremos presentes na Feira Internacional de Luanda. Um evento que nos permite mais um momento de proximidade aos nossos clientes Angolanos. De 19 a 24 de Julho de 2016.', 'For the third consecutive year, we will be attending the Luanda International Fair. An event that allows us a moment of closeness with our Angolan clients. From 19 to 24 July 2016.', '2016-02-12', '2016-02-12', '/img/noticias/001.jpg', 1),
(2, 'A Claus chegou ao showroom', 'Claus has arrived at the showroom', 'Na Ci estamos sempre há procura de produtos diferenciadores. Desta vez a aposta foi para a marca de fragrâncias Claus Porto. Além de ser uma experiência única para os nossos sentidos, a imagem cuidada com que os produtos se apresentam torna-os em elementos decorativos marcantes.', 'At Ci we\'re always looking for differentiating products. This time the bet was on the fragrance brand Claus Porto. Besides being a unique experience for our senses, the careful image with which the products present themselves makes them into striking decorative elements.', '2016-02-18', '2016-02-18', '/img/noticias/002.jpg', 1),
(3, 'Open Day |Próximo Dia 02 de Julho', 'Open Day |Next July 2nd', 'Numa iniciativa conjunta com a Offa Arquitectura, no próximo dia 02 de Julho estaremos de portas abertas para vos dar a conhecer os diversos trabalhos deste Atelier, num espaço da sua criação para a Ci Interior Decor. A Arquitectura e o Design de Interiores esperam por si, numa tarde de Sábado que irá certamente valer a pena.', 'In a joint initiative with Offa Arquitectura, on the next July 2nd we will be open to present the various works of this Atelier, at a space of their creation for Ci Interior Decor. Architecture and Interior Design are waiting for you, on a Saturday afternoon that will surely be worth it.', '2016-06-11', '2016-06-11', '/img/noticias/0003.jpg', 1),
(4, 'A Ci no Porto', 'Ci in Oporto', 'Em breve teremos um novo Showroom! \r\nPretendemos levar mais longe a marca Ci e elegemos a encantadora cidade do Porto para abrir um segundo espaço ao nível nacional. Brevemente as peças de nosso design, as conceituadas marcas que representamos e todos os nossos serviços estarão ainda mais perto de si.', 'Soon we will have a new Showroom!\r\nWe intend to expand the CI brand and we have chosen the lovely city of Oporto to open a second space nationwide. Soon our design pieces, the well-known brands that we represent and all our services will be even closer to you.', '2016-07-06', '2016-07-06', '/img/noticias/0004.jpg', 1),
(5, '', '', '', '', '2016-08-26', '2016-08-26', '/img/noticias/0005.jpg', 1),
(6, 'Participação na Index Dubai Design Series 2017', 'Participation on the Index Dubai Design Series 2017', 'Estaremos presentes no Dubai, com a apresentação de um quarto de hotel de nossa autoria.\r\nCom a participação nesta conceituada feira a Ci dá assim mais um passo na sua expansão internacional.', 'We will be present in Dubai, presenting a hotel room of our authorship.\r\nWith the particitpation on this renowed fair, Ci takes another step into its international expansion.', '2017-05-04', '2017-05-04', '/img/noticias/0006.png', 1),
(7, 'INDEX DUBAI 2018', '', 'Pelo segundo ano consecutivo, estaremos presentes na Index. \r\nUma feira dedicada ao design que decorre no Dubai World Trade Centre.', '', '2018-03-13', '2018-03-27', '/img/noticias/0007.png', 1);

-- --------------------------------------------------------

--
-- Estrutura da tabela `portes`
--

CREATE TABLE `portes` (
  `id` bigint NOT NULL,
  `id_categoria` text,
  `id_produto` text,
  `nome` varchar(255) NOT NULL DEFAULT '',
  `codigo` varchar(255) NOT NULL DEFAULT '',
  `valor_desconto` int DEFAULT NULL,
  `valor_condicao` float DEFAULT NULL,
  `gratis` tinyint(1) NOT NULL DEFAULT '0',
  `data_inicio` date DEFAULT NULL,
  `data_fim` date NOT NULL,
  `descricao` text NOT NULL,
  `tipo` varchar(255) NOT NULL DEFAULT ''
) ENGINE=InnoDB DEFAULT CHARSET=latin1;

--
-- Extraindo dados da tabela `portes`
--

INSERT INTO `portes` (`id`, `id_categoria`, `id_produto`, `nome`, `codigo`, `valor_desconto`, `valor_condicao`, `gratis`, `data_inicio`, `data_fim`, `descricao`, `tipo`) VALUES
(12, '[\"1\",\"3\",\"4\",\"5\",\"6\",\"8\",\"9\",\"10\",\"11\",\"12\",\"13\"]', '', 'Portes Grátis Ci', 'cidecor21', 0, 35, 1, '2021-02-17', '2021-03-31', 'Coloque o código e usufrua de portes grátis para todos os produtos.', 'acima_de');

-- --------------------------------------------------------

--
-- Estrutura da tabela `produto`
--

CREATE TABLE `produto` (
  `id` bigint NOT NULL,
  `id_produto_cat` bigint NOT NULL,
  `produto_pt` text NOT NULL,
  `produto_en` text NOT NULL,
  `preco` float NOT NULL,
  `desconto` float NOT NULL,
  `saldo` tinyint(1) NOT NULL,
  `referencia` text NOT NULL,
  `dimensoes` text NOT NULL,
  `descricao_pt` text NOT NULL,
  `descricao_en` text NOT NULL,
  `quantidade` int NOT NULL,
  `produzir` tinyint(1) NOT NULL,
  `orcamento` tinyint(1) NOT NULL,
  `comprimento` float NOT NULL,
  `largura` float NOT NULL,
  `altura` float NOT NULL,
  `peso` float NOT NULL,
  `ordem` int NOT NULL,
  `online` tinyint(1) NOT NULL
) ENGINE=InnoDB DEFAULT CHARSET=latin1;

--
-- Extraindo dados da tabela `produto`
--

INSERT INTO `produto` (`id`, `id_produto_cat`, `produto_pt`, `produto_en`, `preco`, `desconto`, `saldo`, `referencia`, `dimensoes`, `descricao_pt`, `descricao_en`, `quantidade`, `produzir`, `orcamento`, `comprimento`, `largura`, `altura`, `peso`, `ordem`, `online`) VALUES
(43, 4, 'Jarra Horizon Baixa', 'Horizon Low Jar', 55, 33, 0, 'CI0401-0000000041', 'Ø20xH21cm', 'Jarra decorativa. Material: Vidro colorido Azul agua com o fundo pintado a Dourado.', 'Decorative Jar. Material: Watery blue colored glass with golden painted bottom.', 2, 0, 0, 21, 21, 22, 2400, 101, 1),
(45, 4, 'Jarra Horizon Alta', 'Horizon High Jar', 115, 69, 0, 'CI0401-0000000040', 'Ø18xH50cm', 'Jarra decorativa. Material: Vidro colorido Azul agua com o fundo pintado a Dourado.', 'Decorative Jar. Material: Watery blue colored glass with Golden painted bottom.', 1, 0, 0, 19, 19, 51, 5000, 102, 1),
(46, 4, 'Jarra Belt Buble', 'Belt Buble Jar', 49, 34.3, 0, 'CI0401-0000000048', 'Ø12,5xH26cm', 'Jarra decorativa. Material: Vidro colorido Azul com anel inferior em Bronze.', 'Decorative Jar. Material: Blue colored glass with Bronze lower ring.', 3, 0, 0, 14, 14, 27, 1500, 125, 1),
(47, 4, 'Jarra Belt', 'Belt Jar', 55, 38.5, 0, 'CI0401-0000000049', 'Ø11xH26cm', 'Jarra decorativa. Material: Vidro colorido Azul e Âmbar com anel em Bronze.', 'Decorative Jar. Material: Blue and Amber Colored glass with Bronze ring.', 4, 0, 0, 12, 12, 27, 1200, 126, 1),
(48, 3, 'Candeeiro Bell  S', 'Bell Lamp S', 360, 216, 0, 'CI0402-0000000008', 'Ø22xH33cm', 'Candeeiro de Mesa. Material: Porcelana Branca.\r\nAcessórios eléctricos: Suporte da lâmpada de luz E27, max 40W.\r\nInclui branco branco 250cm e interruptor manual.', 'Table lamp. Material: White Porcelain.\r\nElectrical Accessories: E27 light bulb holder, 40W max.\r\nIncludes a 250cm White cord and a manual switch.', 1, 0, 0, 22, 22, 23, 2200, 30, 1),
(49, 4, 'Jarra Graphic Luster M', 'Graphic Luster Jar M', 29.5, 0, 0, 'CI0401-0000000043', 'Ø14xH30cm', 'Jarra decorativa. Material: Vidro colorido Azul com tonalidades em Bronze.', 'Decorative Jar. Material: Blue colored glass with Bronze shades.', 0, 0, 0, 15, 15, 31, 1300, 152, 0),
(50, 4, 'Jarra Graphic Luster L', 'Graphic Luster Jar L', 79, 0, 0, 'CI0401-0000000042', 'Ø25,5xH40,5cm', 'Jarra decorativa. Material: Vidro colorido Azul com tonalidades em Bronze.', 'Decorative Jar. Material: Blue colored glass with Bronze shades.', 1, 0, 0, 25.5, 25.5, 40.5, 4000, 159, 0),
(51, 4, 'Garrafas Multi Cor', 'Multi Color Bottles', 247.5, 0, 0, 'CI0401-0000000032', '2x Ø18xH33cm, 2x Ø13xH44cm; rolha: 4x Ø9xH12cm', 'Conjunto de 4 garrafas decorativas. Material: Vidro colorido de diversas cores, com dois tamanhos diferentes.', 'Set of 4 decorative bottles. Material: Colored glass with multiple colors, with two different sizes.', 1, 0, 0, 36, 31, 52, 1100, 155, 0),
(52, 4, 'Jarra Vermelha', 'Red Jar', 39.95, 23.97, 0, 'CI0401-0000000034', 'Ø13,5xH30cm', 'Jarra decorativa. Material: Vidro colorido Vermelho com transparência central.', 'Decorative Jar. Material: Red Colored glass with transparency in the middle.', 2, 0, 0, 15, 15, 31, 1300, 161, 0),
(53, 4, 'Jarra Ramo', 'Branch Jar', 97.5, 68.25, 0, 'CI0401-0000000031', 'Ø17,5xH30cm', 'Jarra decorativa. Material: Vidro grosso transparente com forma e textura de um ramo.', 'Decorative Jar. Material: Thick transparent glass with the shape and texture of a branch.', 2, 0, 0, 19, 19, 31, 3200, 165, 1),
(54, 4, 'Taça Porta Velas', 'Candle Holder Bowl', 35, 24.5, 0, 'CI0403-000000007', 'Ø17,5xH12,5cm', 'Taça Porta Velas decorativa. Material: Porcelana pintada a Dourado.', 'Decorative Candle Holder Cup. Material: Porcelain painted in Gold.', 1, 0, 0, 19, 19, 14, 400, 167, 1),
(55, 4, 'Taça Galinha', 'Chicken Bowl', 34.95, 24.46, 1, 'CI0403-0000000006', 'Ø15xH5.5cm', 'Taça decorativa. Material: Porcelana Branca com galinha e ovos Dourados.', 'Decorative cup. Material: White porcelain with golden chicken and eggs.', 0, 0, 0, 16, 16, 7, 400, 164, 0),
(56, 4, 'Jarra Cabeça Branca', 'White Head Jar', 59, 0, 0, 'CI0401-0000000033', 'L20xW15xH25cm', 'Jarra decorativa. Material: Porcelana branco mat com forma de cabeça. Pode ser usada em duas posições diferentes, como jarra ou peça decorativa.', 'Decorative Jar. Material: Head-shaped white mat porcelain. Can be used in two different positions, as a jar or as a decorative piece.', 0, 0, 0, 16, 21, 26, 1200, 168, 0),
(57, 4, 'Porta Velas Ramo', 'Branch Candle Holder', 159, 95.4, 1, 'CI0402-0000000010', 'L49xW14xH12cm', 'Porta Velas decorativo. Material: Alumínio pintado a dourado com forma e textura de um ramo. Pode ser utilizado dos dois lados.', 'Decorative Candle Holder. Material: Gold painted aluminum painted with with shape and texture of a branch. Can be used on both sides.', 0, 0, 0, 15, 50, 13, 1600, 170, 0),
(58, 4, 'Porta Velas Spinning Birds', 'Spinning Birds Candle Holder', 19.5, 13.65, 1, 'CI0402-0000000009', 'L8xW8xH11,5cm', 'Porta Velas Giratório. Material: Alumínio com pássaros coloridos pintados.', 'Rotating Candle Holder. Material: Aluminum with painted colorful birds.', 0, 0, 0, 9, 9, 13, 150, 172, 0),
(59, 4, 'Jarra Shanghai', 'Shanghai Jar', 115.8, 81.06, 1, 'CI0401-0000000021', 'L40xW12xH25cm', 'Base decorativa com 5 Jarras diferentes. Material: Porcelana branca com brilho.', 'Decorative base with 5 different Jars. Material: White porcelain with luster.', 1, 0, 0, 13, 41, 26, 2800, 173, 0),
(61, 6, 'Mesa de Apoio Tabuleiro', 'Tray Support Table', 185, 92.5, 1, 'CI0107-0000000013', 'Ø35xH45cm', 'Mesa de Apoio. Material: Ferro Pintado a Laranja com Bandeja Bronze removível. (Com marcas de exposição no tampo)', 'Support table. Material: Orange Painted Iron with removable Bronze Tray.', 0, 0, 0, 35, 35, 45, 4000, 55, 0),
(62, 6, 'Mesa de apoio antiga bronze', 'Antique bronze support table', 175, 122.5, 0, 'CI0107-0000000012', 'Ø38xH58cm', 'Mesa de Apoio. Material: Alumínio pintado a dourado antiquado.', 'Support desk. Material: Old-fashioned golden painted aluminum.', 1, 0, 0, 38, 38, 58, 3500, 58, 1),
(63, 6, 'Tamborete Zig Zag', 'Zig Zag Stool', 225, 157.5, 1, 'CI0407-0000000004', 'Ø35,5xH45cm', 'Tamborete Zig Zag. Material: PVC pintado a Verde.', 'Zig Zag stool. Material: Green painted PVC.', 0, 0, 0, 35.5, 35.5, 45, 3500, 50, 0),
(64, 6, 'Mesa de Apoio Ramos', 'Branches Support Table', 275, 192.5, 1, 'CI0107-0000000005', 'Ø49xH68cm', 'Mesa de Apoio. Material: Alumínio com pés em forma de Ramos.', 'Support Table. Material: Aluminum with legs in the shape of branches.', 0, 0, 0, 49, 49, 68, 6500, 52, 0),
(65, 6, 'Tamborete Gradiente', 'Gradient Stool', 200, 100, 0, 'CI0407-0000000003', 'Ø33,5xH44cm', 'Tamborete Gradiente. Material: Cerâmica pintado a Azul e Bronze gradiente.', 'Gradient Stool. Material: Blue and Bronze Gradient painted Ceramic.', 0, 0, 0, 33.5, 33.5, 44, 7900, 38, 0),
(68, 6, 'Cadeirão Merlot', 'Merlot Armchair', 550, 385, 0, 'CI0111-0000000003', 'L80xC70xH75cm', 'Poltrona. Material: Estofo em Poliéster com vivo e botões, Pernas em Madeira Carvalho.', 'Armchair. Material: Polyester upholstery with piping and buttons, legs in Oak Wood.', 0, 1, 1, 70, 80, 75, 0, 59, 0),
(70, 4, 'Jarra Concrete Rosa', 'Pink Concrete Jar', 12, 7.2, 0, 'CI401-0000000011', 'Ø6xH20m', 'Jarra decorativa. Material: Cerâmica na cor Betão mat com o fundo pintado a Rosa brilho.', 'Decorative Jar. Material: Matt concrete colored Ceramic with a bright Pink painted bottom.', 4, 0, 0, 7, 7, 21, 300, 180, 1),
(71, 4, 'Jarra Concrete Gold', 'Gold Concrete Jar', 12, 7.2, 0, 'CI0401-0000000012', 'Ø6xH20cm', 'Jarra decorativa. Material: Cerâmica na cor Betão mat com o fundo pintado a Dourado.', 'Decorative Jar. Material: Matt concrete colored Ceramic with a golden painted bottom.', 4, 0, 0, 7, 7, 21, 300, 177, 1),
(73, 4, 'Jarra Cinza', 'Grey Jar', 7.15, 5, 0, 'CI0401-0000000024', 'Ø7xH14.5cm', 'Jarra decorativa. Material: Cerâmica Cinza brilho de forma cilíndrica moldada manualmente.', 'Decorative Jar. Material: Shining Grey Ceramic in a manually molded cylindrical shape.', 3, 0, 0, 8, 8, 16, 250, 181, 1),
(75, 4, 'Conjunto 3 Taças Brass Plated Gold', 'Set of 3 Brass Plated Gold Bowls', 35, 24.5, 0, 'CI0403-0000000003', '10.5x20cm; 9,5x16,5cm; 7,5x13cm', 'Conjunto de 3 taças decorativas. Material: Alumínio pintado a Dourado com forma oval em 3 tamanhos diferentes.', 'Set of 3 decorative bowls. Material: Gold painted Aluminum with oval shape in 3 different sizes.', 0, 0, 0, 21, 12, 6, 500, 175, 0),
(81, 4, 'Taça Metálica S', 'Metallic Jar S', 15, 7.5, 1, 'CI0401-0000000009', 'Ø8xH12cm', 'Taça decorativa. Material: Metal', 'Decorative Jar. Material: Metal.', 5, 1, 0, 10, 10, 15, 100, 182, 0),
(82, 4, 'Taça Metálica M', 'Metallica Jar M', 21, 14.7, 0, 'CI0401-0000000010', 'Ø9xH15cm', 'Taça decorativa. Material: Metal.', 'Decorative Jar. Material: Metal.', 1, 0, 0, 10, 10, 17, 150, 183, 1),
(83, 4, 'Porta Velas Organic Dot', 'Organic Dot Candle Holder', 18, 12.6, 0, 'CI0402-0000000005', 'Ø11xH10cm', 'Porta Velas decorativo. Material: Vidro grosso colorido na cor Azul com forma orgânica.', 'Decorative Candle Holder. Material: Blue Thick colored glass with organic shape.', 3, 0, 0, 12, 12, 11, 500, 184, 1),
(84, 4, 'Jarra Laranja L', 'Orange Jar L', 94.65, 66.35, 0, 'CI0401-0000000051', 'Ø25xH61cm', 'Jarra decorativa. Material: Vidro colorido grosso Laranja.', 'Decorative Jar. Material: Thick orange colored glass.', 1, 0, 0, 26, 26, 62, 4500, 189, 1),
(86, 4, 'Jarra Geométrica Redonda', 'Round Geometric Jar', 13.1, 9.17, 0, 'CI0401-0000000013', 'Ø9xH10cm', 'Jarra decorativa. Material: Cerâmica na cor Bronze com forma geométrica .', 'Decorative Jar. Material: Bronze colored Ceramic with geometric shape.', 0, 0, 0, 10, 10, 11, 200, 186, 0),
(87, 4, 'Jarra Verde Redonda', 'Round Green Jar', 88.3, 44.15, 0, 'CI0401-0000000053', 'Ø23x26Hcm', 'Jarra redonda decorativa. Material:  Vidro grosso colorido na cor verde.', 'Decorative round Jar. Material: Green colored thick glass.', 1, 0, 0, 24, 24, 27, 700, 188, 1),
(92, 1, 'Manta Maia Verde Kaki', 'Green Khaki Mayan Blanket', 66, 33, 0, 'CI0203-00000000030', '140x200cm', 'Manta em Algodão. Frente/Verso: Liso/Liso. Recomenda-se lavagem a 30º.', 'Cotton Blanket. Front/Back: Smooth/Smooth. It is recommended to wash at 30º.', 0, 0, 0, 40, 50, 6, 500, 125, 0),
(95, 1, 'Cabanon Green', 'Cabanon Green', 75.5, 37.75, 0, 'CI0202-0000000061', '45x45cm aprox.', 'Almofada de tecido \"Christian Lacroix\" em Algodão e Poliéster, com fecho. Enchimento incluído. Frente/Verso: Padrão/Padrão. Lavagem a seco.', 'Cotton and Polyester Cushion, with zipper. Filling included. Front/Back: Pattern/Pattern. Dry clean.', 0, 0, 0, 45, 45, 20, 405, 68, 0),
(99, 5, 'Rélogio Parede Bilbão', 'Bilbao Wall Clock', 635, 444.5, 0, 'CI0406-0000000007', 'Ø110cm', 'Relógio de Parede. Material: Aro: Fibra de vidro preto; Ponteiros: Madeira pintado a Preto.', 'Wall clock. Material: Rim: Black fiber glass; Hands: Wood painted in Black.', 0, 1, 0, 7, 16.5, 173, 3000, 23, 0),
(100, 5, 'Relógio OJ', 'OJ Clock', 50, 35, 0, 'CI0406-0000000008', 'Ø80cm', 'Relógio de Parede. Material: PVC na cor Vermelho.', 'Wall clock. Material: Red colored PVC.', 1, 0, 0, 80, 80, 5, 300, 21, 1),
(101, 5, 'Relógio OJ', 'OJ Clock', 50, 35, 1, 'CI0406-0000000009', 'Ø80cm', 'Relógio de Parede. Material: PVC na cor Amarelo Mostarda', 'Wall clock. Material: Mustard Colored PVC', 1, 0, 0, 80, 80, 5, 300, 22, 0),
(102, 5, 'Quadro Palm Jungle', 'Palm Jungle Painting', 147.5, 73.75, 1, 'CI0412-0000000016', 'L70xC57xH4.5cm', 'Quadro com Papel de Parede. Material: Imagem de Palmeiras em papel de parede com Moldura pintada a Branco mat e vidro anti reflexo.', 'Frame with Wallpaper. Material: Palm Tree image in wallpaper in a matt white painted frame and anti-glare glass.', 0, 0, 0, 75, 70, 4.5, 2500, 41, 0),
(105, 1, 'Caribean Stripe Tierra', 'Caribean Stripe Tierra', 42, 21, 1, 'CI0202-0000000093', '70x45 cm aprox.', 'Almofada em Viscose e Linho, com pesponto e fecho. Enchimento incluído. Frente/Verso: Padrão/Padrão. Recomenda-se lavagem a frio.', 'Viscose and Linen Cushion, with topstitching and zipper. Filling included. Front/Back: Pattern/Pattern. Cold wash is recommended.', 2, 0, 0, 45, 75, 20, 675, 124, 0),
(108, 8, 'Troféu Elefante', 'Elephant Trophy', 75, 52.5, 0, 'CI0405-0000000026', 'C30xL40xH50cm', 'Troféu Cabeça Elefante. Material: Tecido Pelúcia e Algodão. Recomenda-se lavagem a frio.', 'Elephant Head Trophy. Material: Plush Fabric and Cotton. Cold wash is recommended.', 1, 0, 0, 30, 40, 50, 0, 42, 1),
(109, 8, 'Troféu Flamingo', 'Flamingo Head Trophy', 47.85, 33.5, 0, 'CI0401-0000000022', 'C18xL15xH50cm', 'Troféu Cabeça Flamingo. Material: Tecido Pelúcia e Algodão. Recomenda-se lavagem a frio.', 'Flamingo Head Trophy. Material: Plush Fabric and Cotton. Cold wash is recommended.', 0, 0, 0, 18, 15, 50, 300, 45, 1),
(110, 8, 'Troféu Girafa', 'Giraffe Trophy', 61.5, 43.05, 0, 'CI0405-0000000027', 'L25xC35xH35cm', 'Troféu Cabeça Girafa. Material: Tecido Pelúcia e Algodão. Recomenda-se lavagem a frio.', 'Giraffe Head Trophy. Material: Plush Fabric and Cotton. Cold wash is recommended.', 1, 0, 0, 35, 25, 35, 500, 48, 1),
(111, 8, 'Troféu Leão', 'Troféu Leão', 61.5, 43.05, 0, 'CI0405-0000000025', 'L30xC20xH26cm', 'Troféu Cabeça Leão. Material: Tecido Pelúcia e Algodão. Recomenda-se lavagem a frio.', 'Troféu Cabeça Leão. Material: Tecido Pelúcia e Algodão. Recomenda-se lavagem a frio.', 0, 0, 0, 20, 30, 26, 500, 47, 1),
(112, 8, 'Troféu Panda', 'Panda Trophy', 59.95, 0, 0, 'CI0405-0000000017', 'L35xC40xH35cm', 'Troféu Cabeça Panda. Material: Tecido Pelúcia e Algodão. Recomenda-se lavagem a frio.', 'Panda Head Trophy. Material: Plush Fabric and Cotton. Cold wash is recommended.', 0, 0, 0, 35, 40, 35, 450, 49, 1),
(113, 8, 'Troféu Unicórnio', 'Unicorn Trophy', 68.9, 0, 0, 'CI0405-0000000028', 'L35xL25xH35cm', 'Troféu Cabeça Unicórnio. Material: Tecido Pelúcia e Algodão. Recomenda-se lavagem a frio.', 'Unicorn Head Trophy. Material: Plush Fabric and Cotton. Cold wash is recommended.', 0, 0, 0, 35, 25, 35, 500, 50, 1),
(114, 8, 'Troféu Urso Polar', 'Polar Bear Trophy', 59.95, 41.97, 0, 'CI0405-0000000024', 'L35xC40xH35cm', 'Troféu Cabeça Urso Polar. Material: Tecido Pelúcia e Algodão. Recomenda-se lavagem a frio.', 'Polar Bear Head Trophy. Material: Plush Fabric and Cotton. Cold wash is recommended.', 1, 0, 0, 35, 40, 35, 500, 51, 1),
(115, 8, 'Troféu Zebra', 'Zebra Trophy', 59, 41.3, 0, 'CI0405-0000000016', 'L35xC35xH25cm', 'Troféu Cabeça Zebra. Material: Tecido Pelúcia e Algodão. Recomenda-se lavagem a frio.', 'Zebra Head Trophy. Material: Plush Fabric and Cotton. Cold wash is recommended.', 1, 0, 0, 35, 35, 25, 450, 52, 1),
(116, 6, 'Cadeira Butterfly', 'Butterfly Chair', 895, 626.5, 0, 'CI0101-0000000001', 'L88XC90XH93CM', 'Cadeira Butterfly. Material: Couro Castanho Claro com Pés em ferro pintados a Preto.', 'Cadeira Butterfly. Material: Couro Castanho Claro com Pés em ferro pintados a Preto.\r\nButterfly chair. Material: Light Brown Leather with Iron Legs painted in Black.', 0, 0, 0, 90, 88, 93, 7500, 53, 0),
(118, 6, 'Banqueta Amarela', 'Yellow Stool', 450, 315, 0, 'CI0113-0000000002', 'L43xC63xH45cm', 'Banqueta estofada a tecido, em algodão e poliéster, com estrutura de pernas em aço inox escovado.', 'Upholstered stool in cotton and polyester, with brushed stainless-steel leg structure.', 0, 0, 1, 63, 43, 45, 5600, 60, 0),
(119, 6, 'Cadeira de Jantar', 'Dining Chair', 280, 196, 0, 'CI0101-0000000011', 'L42xC45xH83cm', 'Cadeira de jantar estofada a tecido em poliéster com pés em madeira pintados a preto.', 'Dining chair upholstered in polyester fabric with wooden legs painted in black.', 2, 0, 0, 45, 42, 83, 0, 61, 1),
(121, 6, 'Mesa de Cabeceira', 'Bedside Table', 490, 343, 0, 'CI0107-0000000018', 'L45XC60XH45CM', 'Mesa de Cabeceira em madeira de castanho envernizada, com pés em ferro pintado. Uma gaveta com puxador em pele camel, corrediça soft close.', 'Bedside table in varnished brown wood with painted iron legs. A drawer with a camel leather handle, soft close runner.', 2, 1, 0, 60, 45, 45, 35, 63, 1),
(122, 5, 'Espelho Prickle', 'Prickle Mirror', 399, 319.2, 1, 'CI0412-0000000008', '81.3XH8,9CM', 'Espelho de Parede. Material: Ferro niquelado com Espelho em vidro côncavo', 'Wall Mirror. Material: Nickel-plated iron with concave glass', 1, 0, 0, 83, 83, 10, 8000, 30, 0),
(124, 3, 'Candeeiro Suspensão Redondo', 'Candeeiro Suspensão Redondo', 62, 31, 0, 'CI0305-0000000001', 'Ø15xH15cm', 'Candeeiro de Suspensão. Material: Cerâmica na Cor Verde menta. \r\nAcessórios eléctricos: Suporte da lâmpada de luz E27, max 40W, \r\nInclui cabo branco/preto 300cm.', 'Suspension Lamp. Material: Mint Green Ceramic.\r\nElectrical Accessories: E27 light bulb holder, 40W max,\r\nIncludes a white/black 300cm cable.', 3, 0, 0, 15, 15, 15, 2000, 34, 1),
(126, 5, 'Espelho Cobre', 'Copper Mirror', 57.3, 28.65, 0, 'CI0412-0000000005', 'Ø38CM', 'Espelho de Parede: Material: Aço com acabamento em cobre e corrente para afixar na parede.', 'Wall Mirror: Material: Steel with copper finish and a chain to affix to the wall.', 1, 0, 0, 45, 45, 5, 1500, 7, 1),
(129, 6, 'Mesa de Centro Tabuleiro', 'Tray Center Table', 299, 149.49, 1, 'CI0107-0000000016', 'Ø62xH35cm', 'Mesa de Centro. Material: Ferro Pintado a Branco com topo em Bandeja removível.', 'Center table. Material: White painted Iron with removable Tray on top.', 0, 0, 0, 62, 62, 35, 5000, 64, 0),
(130, 6, 'Tamborete Branco', 'White Stool', 87.5, 61.25, 0, 'CI0407-00000000001', 'Ø35xH45cm', 'Tamborete. Material: Cerâmica pintada a branco.', 'Stool. Material: White painted Ceramics.', 1, 1, 0, 35, 35, 45, 7500, 65, 0),
(132, 8, 'Almofada Estrela Rosa', 'Pink Star Cushion', 15.8, 11.06, 1, 'CI0202-0000000043', 'L34xC34xH6cm', 'Almofada em Algodão. Enchimento não removível. Frente/Verso: Padrão/Padrão. Recomenda-se lavagem a frio ou delicado.', 'Almofada em Algodão. Enchimento não removível. Frente/Verso: Padrão/Padrão. Recomenda-se lavagem a frio ou delicado.\r\nCotton Cushion. Non-removable filler. Front/Back: Pattern/Pattern. Cold or delicate wash is recommended.', 1, 0, 0, 34, 34, 6, 230, 58, 0),
(134, 8, 'Almofada Elefantes', 'Elephants Cushion', 25.4, 17.78, 1, 'CI0202-0000000042', 'L50xC30xH15cm', 'Almofada em Algodão e Linho, com fecho e vivo. Enchimento incluído. Frente/Verso: Padrão/Liso. Recomenda-se lavagem a frio ou delicado.', 'Almofada em Algodão e Linho, com fecho e vivo. Enchimento incluído. Frente/Verso: Padrão/Liso. Recomenda-se lavagem a frio ou delicado.\r\nCotton and Linen Cushion, with zipper and piping. Filling Included. Front/Back: Pattern/Plain. Cold or delicate wash is recommended.', 2, 0, 0, 30, 50, 15, 300, 33, 0),
(135, 8, 'Almofada Nuvem Azul', 'Blue Cloud Cushion', 15.8, 11.06, 1, 'CI0202-0000000041', 'L40xC22xH10cm', 'Almofada em Algodão. Enchimento não removível. Frente/Verso: Padrão/Padrão. Recomenda-se lavagem a frio ou delicado.', 'Cotton Cushion. Non-removable filler. Front/Back: Pattern/Pattern. Cold or delicate wash is recommended.', 1, 0, 0, 22, 40, 10, 176, 60, 0),
(136, 8, 'Almofada Nuvem Rosa', 'Pink Cloud Cushion', 15.8, 11.06, 1, 'CI0202-0000000041', 'L40XC22XH10CM', 'Almofada em Algodão. Enchimento não removível. Frente/Verso: forma de Nuvem. Recomenda-se lavagem a frio ou delicado.', 'Cotton Cushion. Non-removable filler. Front/Back: Cloud shaped. Cold or delicate wash is recommended.', 1, 0, 0, 40, 22, 10, 176, 61, 0),
(137, 8, 'Almofada Redonda Rosa', 'Pink Rounded Cushion', 45, 31.5, 1, 'CI0202-0000000021', 'Ø50xH20cm', 'Almofada em Algodão, com  fecho. Enchimento incluído. Frente/Verso: Liso/Liso. Recomenda-se lavagem a frio ou delicado.', 'Cotton Cushion, with zipper. Filling included. Front/Back: Plain/Plain. Cold or delicate wash is recommended.', 2, 0, 0, 50, 50, 20, 500, 26, 0),
(141, 8, 'Cão Sam', 'Dog Sam', 17.5, 12.25, 1, 'CI0405-0000000005', 'L20xC15xH20cm', 'Peluche Cão em Algodão Tricotado. Recomenda-se lavagem a frio ou delicado.', 'Dog Teddy in Knitted Cotton. Cold or delicate wash is recommended.', 1, 0, 0, 15, 20, 20, 200, 56, 0),
(146, 8, 'Urso Nina Medium', 'Bear Nina Medium', 29.6, 20.72, 1, 'CI0405-0000000011', 'L25xC25xH30cm', 'Peluche Urso em Algodão Tricotado. Recomenda-se lavagem a frio ou delicado.', 'Teddy Bear in Knitted Cotton. Cold or delicate wash is recommended.', 1, 0, 0, 25, 25, 30, 250, 54, 0),
(151, 3, 'Abajur Cetim Verde', 'Satin Green Lampshade', 42.5, 0, 0, 'CI0305-0000000005', 'Ø40xH25cm', 'Abajur para Candeeiro de Mesa. Material: Cetim Verde. Exterior/Interior: Liso/Espelhado.', 'Table Lamp Lampshade. Material: Green Satin. Exterior/Interior: Plain/Mirrored.', 0, 1, 0, 40, 40, 25, 300, 40, 0),
(159, 8, 'Urso Nono Small', 'Nono Bear Small', 17.5, 12.25, 1, 'CI0405-0000000010', 'L22xC15xH22cm', 'Peluche Urso em Algodão Tricotado. Recomenda-se lavagem a frio ou delicado.', 'Teddy Bear in Knitted Cotton. Cold or delicate wash is recommended.', 1, 0, 0, 16, 23, 23, 160, 55, 0),
(174, 1, 'Caribean Tierra', 'Caribean Tierra', 43.5, 0, 0, 'CI0202-0000000085', '70x45cm aprox.', 'Almofada em Viscose e Linho, com pesponto e fecho. Enchimento incluído. Frente/Verso: Padrão/Padrão. Recomenda-se lavagem a frio.', 'Viscose and Linen Cushion, with topstitching and zipper. Filling included. Front/Back: Pattern/Pattern. Cold wash is recommended.', 2, 0, 1, 75, 50, 20, 400, 121, 0),
(175, 6, 'Banqueta Riscas Verde e Branco', 'Green and White Striped Stool', 265, 185.5, 0, 'CI0201-0000000097', 'C45xL70xH45cm', 'Banqueta estofada a tecido em algodão e poliéster com pés em madeira pintados a branco.', 'Stool upholstered in cotton and polyester fabric with white painted wood legs.', 0, 1, 0, 47, 77, 47, 3500, 56, 0),
(176, 6, 'Banqueta Jungle', 'Jungle Stool', 265, 185.5, 0, 'CI0201-0000000012', 'C45xL70xH45cm', 'Banqueta estofada a tecido em algodão e poliéster com pés em madeira pintados a branco.', 'Stool upholstered in cotton and polyester fabric bench with white painted wood legs.', 0, 1, 1, 47, 77, 47, 3500, 66, 0),
(179, 8, 'Troféu Tigre', 'Tiger Trophy', 61.5, 0, 0, 'CI0405-0000000013', 'L34xC24xH32cm', 'Troféu Cabeça Tigre. Material: Tecido Pelúcia e Algodão. Recomenda-se lavagem a frio.', 'Tiger Head Trophy. Material: Plush Fabric and Cotton. Cold wash is recommended.', 0, 0, 0, 25, 35, 32, 500, 41, 1),
(180, 8, 'Troféu Coelho', 'Trophy Rabbit', 63.75, 51, 0, 'CI0405-0000000023', 'L28xC30xH40cm', 'Troféu Cabeça Coelho. Material: Tecido Pelúcia e Algodão. Recomenda-se lavagem a frio.', 'Trophy Head Rabbit. Material: Plush Fabric and Cotton. Cold wash is recommended.', 0, 0, 0, 32, 30, 42, 500, 43, 1),
(181, 8, 'Flamingo LED', 'LED Flamingo', 41.4, 0, 0, 'CI0304-0000000005', 'L22xC5xH50.5cm', 'Luzes LED. Feito de metal, que vem na cor rosa quente e tem um anexo para que ele possa ser pendurado na parede. Com grandes lâmpadas, esta luz super elegante tem um toque retro-inspirado e toques contemporâneos. Requer duas pilhas AA. Pilhas não incluí', 'LED lights. Made of metal, in a warm pink color and has an attachment to be hung on the wall. With large bulbs, this super stylish light has a retro-inspired touch mixed with contemporary touches. It requires two AA batteries. Batteries not included.', 0, 1, 0, 7, 25, 52, 1500, 25, 0),
(182, 8, 'Cactos LED', 'LED Cactus', 26.4, 0, 0, 'CI0304-0000000006', 'L15xC5xH30cm', 'Luzes LED. Feito de metal e está disponível em uma cor verde fresco e tem um anexo para que ele possa ser pendurado na parede. Com grandes lâmpadas, esta luz super elegante tem um toque retro-inspirado e toques contemporâneos. Requer duas pilhas AA. Pilhas não incluí', 'LED lights. Made of metal, in a fresh green color and has an attachment to be hung on the wall. With large bulbs, this super stylish light has a retro-inspired touch mixed with contemporary touches. It requires two AA batteries. Batteries not included.', 1, 1, 0, 7, 17, 32, 1000, 27, 0),
(183, 8, 'Nuvem LED', 'LED Cloud', 26.4, 18.48, 0, 'CI0304-0000000007', 'L30xC19xH5cm', 'Luzes LED. Feito de metal e está disponível em uma cor Branco e tem um anexo para que ele possa ser pendurado na parede. Com grandes lâmpadas, esta luz super elegante tem um toque retro-inspirado e toques contemporâneos. Requer duas pilhas AA. Pilhas não incluí', 'LED lights. Made of metal, in white color and has an attachment to be hung on the wall. With large bulbs, this super stylish light has a retro-inspired touch mixed with contemporary touches. It requires two AA batteries. Batteries not included.', 0, 0, 0, 20, 31, 6, 800, 36, 0),
(184, 8, 'Troféu Rena', 'Reindeer Trophy', 59, 0, 0, 'CI0405-0000000018', 'C32xL50xH36cm', 'Troféu Cabeça Rena. Material: Tecido Pelúcia e Algodão. Recomenda-se lavagem a frio.', 'Reindeer Head Trophy. Material: Plush Fabric and Cotton. Cold wash is recommended.', 0, 0, 0, 33, 51, 37, 500, 44, 1),
(185, 8, 'Troféu Ovelha', 'Sheep Trophy', 60.75, 48.6, 0, 'CI0405-00000000031', 'L30xC35xH35cm', 'Troféu Cabeça Ovelha. Material: Tecido Pelúcia e Algodão. Recomenda-se lavagem a frio.', 'Sheep Head Trophy. Material: Plush Fabric and Cotton. Cold wash is recommended.', 0, 0, 0, 37, 32, 37, 500, 46, 1),
(186, 8, 'Urso Emil Small', 'Emil Bear Small', 15.95, 11.16, 1, 'CI0405-0000000029', 'L28xC11xH30cm', 'Peluche Urso . Material: Tecido Pelúcia e Algodão. Recomenda-se lavagem a frio.', 'Teddy bear. Material: Plush Fabric and Cotton. Cold wash is recommended.', 1, 0, 0, 12, 30, 32, 150, 53, 0),
(187, 4, 'Lanterna Ferro L', 'Iron Lantern L', 214, 85.6, 1, 'CI0402-0000000012', 'Ø19xH64,5cm', 'Lanterna Preta. Material: Ferro pintado a preto com Vidro Transparente cilíndrico removível.', 'Black Lantern. Material: Iron painted in black with removable cylindrical Transparent Glass', 1, 0, 0, 20, 20, 65, 4000, 191, 0),
(188, 4, 'Lanterna Ferro S', 'Iron Lantern S', 189, 94.5, 0, 'CI0402-0000000011', 'Ø14xH51cm', 'Lanterna Preta. Material: Ferro pintado a preto com Vidro Transparente cilíndrico removível.', 'Black Lantern. Material: Iron painted in black with removable cylindrical Transparent Glass.', 1, 0, 0, 15, 15, 52, 3000, 192, 1),
(192, 6, 'Mesa de Apoio Tube', 'Tube Support Table', 169, 84.5, 0, 'CI0107-0000000020', 'L60xC40xH40cm', 'Mesa de Apoio. Material: Ferro Pintado a Bronze com tampo em Vidro transparente.', 'Support table. Material: Bronze Painted Iron with a transparent glass top.', 1, 0, 0, 42, 62, 42, 0, 67, 1),
(202, 6, 'Cadeira de Rattan', 'Rattan Chair', 350, 245, 0, 'CI0101-0000000016', 'L73xC71xH78cm', 'Cadeira Redonda. Material: Assento em Rattan com estrutura de pernas em Ferro pintado a preto.', 'Round Chair. Material: Rattan seat with iron legs, painted in black.', 1, 0, 0, 71, 73, 78, 0, 41, 1),
(203, 4, 'Lanterna Zen', 'Zen Lantern', 36.5, 18.25, 0, 'CI0402-0000000014', 'L21xC21xH39cm', 'Lanterna. Material: Ferro pintado a preto em perfil fino com copo em vidro transparente.', 'Lantern. Material: Iron painted in black in a thin profile with cup in transparent glass.', 1, 0, 0, 22, 22, 40, 0, 194, 1),
(205, 3, 'Candeeiro Toupie', 'Toupie Lamp', 34.3, 24.01, 1, 'CI0301-0000000021', 'Ø23xH33cm', 'Candeeiro de Mesa. Material: Cerâmica na cor Branco.\r\nAcessórios eléctricos: Suporte da lâmpada de luz E14, max 40W, inclui cabo preto 100cm e interruptor manual.', 'Table Lamp. Material: Ceramic in white color.\r\nElectrical accessories: E14 light bulb holder, 40W max, includes a 100cm black cable and a manual switch.', 1, 0, 0, 24, 24, 34, 0, 27, 0),
(206, 4, 'Jarra Hurricane Alta', 'Hurricane Tall Jar', 59, 41.3, 0, 'CI0401-0000000054', 'Ø22xH31cm', 'Jarra decorativa. Material: Vidro transparente.', 'Decorative Jar. Material: Transparent glass.', 1, 0, 0, 23, 23, 32, 0, 195, 1),
(208, 4, 'Jarra Hurricane Baixa', 'Hurricane Short Jar', 12, 8.4, 0, 'CI0401-0000000056', 'Ø14,5xH15,5cm', 'Jarra Decorativa. Material: Vidro transparente.', 'Decorative Jar. Material: Transparent glass.', 3, 1, 0, 15, 15, 16, 0, 197, 1),
(212, 1, 'Caribean Stripe Tierra', 'Caribean Stripe Tierra', 46, 23, 1, 'CI0202-0000000088', 'L70xC55cm', 'Almofada em Viscose e Linho, com caixa de 5cm e fecho. Enchimento incluído. Frente/Verso: Padrão/Padrão. Recomenda-se lavagem a frio.', 'Viscose and Linen Cushion, with 5cm box and zipper. Filling included. Front/Back: Pattern/Pattern. Cold wash is recommended.', 2, 1, 0, 46, 71, 25, 630, 122, 0),
(213, 4, 'JARRA LOST ROXA', 'PURPLE LOST JAR', 22.65, 15.85, 0, 'CI0401-0000000058', 'Ø6xH15,5cm', 'Jarra Decorativa. Material: Vidro grosso colorido Roxo com um anel superior pintado a Dourado.', 'Decorative Jar. Material: Thick purple colored glass with a top Gold painted ring.', 4, 0, 0, 7, 7, 16, 0, 198, 1),
(214, 4, 'JARRA LOST AZUL', 'BLUE LOST JAR', 36.3, 25.41, 1, 'CI0401-0000000057', 'Ø10xH21cm', 'Jarra Decorativa. Material: Vidro grosso Azul água com anel pintado a Dourado.', 'Decorative Jar. Material: Thick Watery Blue glass with a golden painted ring.', 1, 0, 0, 11, 11, 22, 0, 199, 0),
(215, 5, 'Ilustração Abstracta Mármore Verde/Cinza', 'Green/Grey Marble Abstract Illustration', 46.5, 27.9, 0, 'CI0412-0000000022', '44x31,7cm', 'Quadro Decorativo. Material: Ilustração abstracta em tons de verde, cinza e dourado com moldura em carvalho e vidro frontal.', 'Decorative Print. Material: Abstract illustration in shades of green, grey and gold with an oak frame and frontal glass.', 4, 0, 0, 45, 33, 4, 0, 40, 1),
(216, 5, 'Ilustração NY Dourada Grande', 'Golden NY Illustration Big', 19.8, 11.88, 0, 'CI0412-0000000024', '29,7x42cm', 'Quadro Decorativo. Material: Ilustração abstracta em tons de cinza e dourado com moldura dourada e vidro frontal.', 'Decorative Print. Material: Abstract illustration in shades of grey and gold with a gold frame and a frontal glass.', 4, 0, 0, 30, 43, 3, 0, 38, 1),
(217, 5, 'Ilustração NY Dourada Pequena', 'Golden NY Illustration Small', 12.7, 7.62, 0, 'CI0412-0000000023', '21x29,7cm', 'Quadro Decorativo. Material: Ilustração abstracta em tons de cinza e dourado com moldura dourada e vidro frontal.', 'Decorative Print. Material: Abstract illustration in shades of grey and gold with a gold frame and a frontal glass.', 4, 0, 0, 22, 30, 3, 0, 39, 1),
(218, 1, 'Citizen', 'Citizen', 45, 22.5, 0, 'CI0202-0000000066', '50x50cm aprox.', 'Almofada em Algodão com fecho. Enchimento incluído. Frente/Verso: Padrão/Padrão. Recomenda-se lavagem a frio.', 'Cotton Cushion, with zipper. Filling included. Front/Back: Pattern/Pattern. Cold wash is recommended.', 1, 0, 0, 52, 52, 15, 500, 123, 1),
(220, 9, 'Pena Porcelana/Dourada', 'Porcelain/Golden Feather', 4, 2.4, 1, 'CI0501-0000000042', '', 'Decoração para Árvore de Natal. Material: Porcelana em branco com apontamentos pintado a dourado.', 'Decoration for the Christmas tree. Material: White porcelain with notes painted in gold.', 6, 0, 0, 11, 4, 1, 50, 128, 1),
(221, 9, 'Pena Porcelana/Dourada', 'Porcelain/Golden Feather', 4, 2.4, 1, 'CI0501-0000000042', '', 'Decoração para Árvore de Natal. Material: Porcelana em branco com apontamentos pintado a dourado.', 'Decoration for the Christmas tree. Material: White porcelain with notes painted in gold.', 6, 1, 0, 12, 4, 1, 50, 129, 1),
(222, 9, 'Estrela Dourada', 'Golden Star', 4, 2, 1, 'CI0501-0000000043', '9x9cm', 'Decoração de Árvore. Material: Arame em forma de Estrela pintado a Dourado.', 'Tree Decoration. Material: Star-shaped wire painted in gold.', 23, 0, 0, 10, 10, 2, 70, 130, 1),
(223, 9, 'Cabeça Rena/Toro', 'Log/Reindeer Head', 4.7, 2.35, 1, 'CI0501-0000000040', '', 'Decoração para Árvore de Natal. Material: Rena em tecido e toro em madeira.', 'Decoration for the Christmas tree. Material: fabric Reindeer and wood log.', 12, 0, 0, 7, 7, 9, 20, 131, 1),
(224, 9, 'Coração Vidro/Rena', 'Glass Hear/Reindeer', 2.1, 1.05, 1, 'CI0501-0000000022', '', 'Decoração para Árvore de Natal. Material: Vidro transparente com imagem interna e forrado a serapilheira na parte de trás.', 'Decoration for the Christmas tree. Material: Transparent glass with internal image and lined with burlap on the back.', 8, 1, 0, 11, 5, 10, 30, 132, 0),
(225, 9, 'Anjo Cinza', 'Grey Angel', 4.3, 2.15, 1, 'CI0501-0000000036', 'L10xC3xH12cm', 'Decoração para Árvore de Natal. Material: Anjo em tecido com enchimento na cor cinza, chapa Xmas e dois sinos.', 'Decoration for the Christmas tree. Material: Fabric angel with grey filling, Xmas print and two bells.', 6, 0, 0, 5, 12, 15, 15, 136, 1),
(226, 9, 'Árvore Cinza', 'Grey Tree', 4.3, 2.15, 1, 'Ci0501-0000000035', 'L10xC3xH12cm', 'Decoração para Árvore de Natal. Material: Árvore de natal em tecido com enchimento na cor cinza, chapa Xmas e um sinos.', 'Decoration for the Christmas tree. Material: Fabric Christmas tree with grey filling, Xmas print and a bell.', 3, 0, 0, 5, 12, 15, 15, 137, 1),
(228, 9, 'Árvore Branca', 'White Tree', 4.3, 2.15, 1, 'CI0501-0000000035', 'L10xC3xH12cm', 'Decoração para Árvore de Natal. Material: Árvore em tecido com enchimento na cor cinza, chapa Xmas e um sinos.', 'Decoration for the Christmas tree. Material: Fabric tree with grey filling and a bell.', 0, 0, 0, 5, 12, 15, 15, 138, 0),
(229, 9, 'Bola de Papel', 'Paper Ball', 3.5, 1.75, 1, 'CI0501-0000000044', '', 'Bola para pendurar. Material: Papel.', 'Hanging ball. Material: Paper.', 5, 0, 0, 10, 10, 10, 20, 77, 0),
(230, 9, 'Pai Natal Estrela', 'Star Santa Claus', 2, 1, 1, 'CI0501-0000000028', '11x11cm', 'Estrela para Árvore de Natal. Material: Madeira com decoração têxtil.', 'Star for the Christmas tree. Material: Wood with textile decoration.', 1, 0, 0, 11, 11, 1, 30, 139, 1),
(231, 9, 'Pai Natal Árvore', 'Santa Claus Tree', 2, 1, 1, 'CI0501-0000000028', '11x11cm', 'Árvore para Árvore de Natal. Material: Madeira com decoração têxtil.', 'Decoration for Christmas Tree. Material: Wood with textile decoration.', 1, 0, 0, 11, 11, 1, 20, 140, 1),
(232, 9, 'Pai Natal Coração', 'Santa Claus Heart', 2, 1, 1, 'CI0501-0000000028', '11x11cm', 'Coração para Árvore de Natal. Material: Madeira com decoração têxtil.', 'Heart for Christmas Tree. Material: Wood with textile decoration.', 1, 0, 0, 11, 11, 1, 20, 141, 1),
(233, 9, 'Estrela Madeira Glitter', 'Glitter Wooden Star', 1.9, 0.95, 1, 'Ci0501-0000000041', 'Ø9cm', 'Estrela de pendurar. Material: Madeira pintada a branco, com detalhes glitter.', 'Hanging Star. Material: Wood painted in white, with glitter details.', 11, 0, 0, 9, 9, 2, 10, 142, 1),
(234, 9, 'Coração Madeira Glitter', 'Glitter Wooden Heart', 1.9, 0.95, 1, 'Ci0501-0000000041', 'Ø9cm', 'Coração de pendurar. Material: Madeira pintada a branco, com detalhes glitter.', 'Hanging Heart. Material: Wood painted in white, with glitter details.', 11, 0, 0, 9, 9, 2, 10, 143, 1),
(235, 9, 'Árvore Madeira Glitter', 'Glitter Wooden Tree', 1.9, 0.95, 1, 'Ci0501-0000000041', 'Ø9cm', 'Árvore de pendurar. Material: Madeira pintada a branco, com detalhes glitter.', 'Hanging Tree. Material: Wood painted in white, with glitter details.', 11, 0, 0, 9, 9, 2, 10, 144, 1),
(238, 9, 'Cogumelo', 'Mushroom', 1.2, 0.84, 0, 'CI0501-0000000025', 'L7xC2xH7cm', 'Decoração para Árvore de Natal. Material: Cogumelo em tecido com enchimento na cor bege e vermelho,', 'Decoration for Christmas Tree. Material: Fabric Mushroom with beige and red filling.', 7, 0, 0, 9, 4, 9, 10, 145, 0),
(240, 9, 'Cogumelo', 'Mushroom', 1.2, 0.84, 0, 'CI0501-0000000025', 'L7xC2xH7cm', 'Decoração para Árvore de Natal. Material: Cogumelo em tecido com enchimento na cor bege e vermelho,', 'Decoration for Christmas Tree. Material: Fabric Mushroom with beige and red filling,', 6, 0, 0, 9, 4, 9, 10, 146, 0),
(242, 9, 'Pai Natal', 'Santa Claus', 3, 2.4, 0, 'Ci0501-0000000010', 'L10xC1xH14cm', 'Decoração para Árvore de Natal. Material: Pai Natal em madeira pintado com pernas e braços de puxar.', 'Decoration for Christmas Tree. Material: Santa Claus in painted wood with pullable legs and arms.', 3, 0, 0, 2, 12, 16, 15, 147, 0),
(243, 9, 'Boneco de Neve', 'Snowman', 3, 0.9, 1, 'CI0501-0000000011', 'L10xC1xH14cm', 'Decoração para Árvore de Natal. Material: Boneco de Neve em madeira pintado com pernas e braços de puxar.', 'Decoration for Christmas Tree. Material: Snowman in painted wood with pullable legs and arms.', 3, 0, 0, 2, 12, 16, 15, 148, 0),
(244, 9, 'Comboio Pai Natal', 'Santa Claus Train', 7.5, 3.75, 1, 'Ci0501-0000000012', 'L8,5xC1,5xH8,5cm', 'Decoração para Árvore de Natal. Material: Chapa pintada em forma de Comboio com Pai Natal.', 'Decoration for Christmas Tree. Material: Painted plate in the shape of a Train with Santa Claus.', 1, 0, 0, 2.5, 10.5, 10.5, 15, 149, 0),
(245, 9, 'Comboio Rena', 'Reindeer Train', 7.5, 3.75, 1, 'Ci0501-0000000012', 'L8,5xC1,5xH8,5cm', 'Decoração para Árvore de Natal. Material: Chapa pintada em forma de Comboio com Rena.', 'Decoration for Christmas Tree. Material: Painted plate in the shape of a Train with a Reindeer.', 0, 0, 0, 2.5, 10.5, 10.5, 15, 150, 0),
(246, 9, 'Comboio Boneco de Neve', 'Snowman Train', 7.5, 3.75, 1, 'Ci0501-0000000012', 'L8,5xC1,5xH8,5cm', 'Decoração para Árvore de Natal. Material: Chapa pintada em forma de Comboio com Boneco de Neve.', 'Decoration for Christmas Tree. Material: Painted Plate in the shape of a Train with a Snowman.', 0, 0, 0, 2.5, 10.5, 10.5, 15, 151, 0),
(248, 9, 'Estrela Cobre', 'Copper Star', 6, 1.8, 1, 'CI0501-0000000053', 'H-12,5cm L-12,5cm', 'Decoração para Árvore de Natal. Material: Chapa em forma de estrela pintada a cobre.', 'Decoration for Christmas Tree. Material: Star-shaped plate painted in copper.', 12, 0, 0, 14, 14, 1, 15, 111, 0),
(249, 9, 'Anjo Branco com Estrela', 'White Angel with Star', 45.45, 22.73, 1, 'CI0202-0000000054', 'L12xC8xH31cm', 'Anjo para colocar sobre a mesa. Material: Corpo em resina pintada a branco e dourado e asas em chapa pintada a dourado.', 'Angel to put on the table. Material: Resin body painted in white and gold and plate wings painted in gold.', 1, 0, 0, 10, 14, 33, 400, 103, 0),
(250, 9, 'Pai Natal', 'Santa Claus', 13.1, 3.92, 1, 'CI0501-0000000055', '8x21cm', 'Decoração para Árvore de Natal. Material: Chapa em forma de Pai Natal pintada.', 'Decoration for the Christmas tree. Material: Metal Sheet painted in the shape of Santa Claus.', 1, 0, 0, 21, 8, 1, 25, 110, 0),
(251, 9, 'Anjo em Penas', 'Feather Angel', 6.5, 3.25, 1, 'CI0501-0000000056', 'L10xC4xH13cm', 'Decoração para Árvore de Natal. Material: Anjo em penas brancas.', 'Decoration for the Christmas tree. Material: Angel with white feathers.', 0, 0, 0, 6, 12, 15, 15, 114, 0),
(252, 9, 'Presépio Moldura', 'Nativity Set Frame', 54.45, 32.67, 1, 'CI0501-0000000058', 'L28xC8xH28cm', 'Presépio em moldura para pendurar ou pousar, com ponto de luz. Material: Chapa moldada e pintada com uma lâmpada pequena. Necessita de duas pilhas AA. Pilhas não incluídas', 'Table or hanging nativity set with light point. Material: Molded and painted sheet with a small lamp. 2 AA batteries are needed. Batteries not included.', 0, 1, 0, 10, 30, 30, 500, 97, 0),
(253, 9, 'Presépio Porta Velas', 'Nativity Set Candleholder', 38.45, 23.07, 1, 'CI0501-0000000059', 'L17xC8xH21cm', 'Presépio de mesa. Material: Chapa recortada e pintada com suporte e copo em vidro para uma vela na parte de trás. Vela não incluída.', 'Table nativity set. Material: Cut and painted sheet with stand a and glass for a candle in the back. Candle not included.', 0, 0, 0, 10, 19, 23, 350, 96, 0),
(254, 9, 'Estrela com Iman (Dourada)', 'Golden Star with Magnet', 5.6, 2.8, 1, 'CI0501-0000000060', 'H-12,5cm H-12,5cm', 'Decoração para Árvore de Natal. Material: Chapa em forma de estrela Pintada e Estrela menor com Iman. 5 cores disponíveis.', 'Decoration for Christmas Tree. Material: Star-shaped painted plate and smaller star with a magnet. 5 colors available.', 4, 0, 0, 14, 14, 1, 15, 115, 1),
(255, 9, 'Pai Natal Madeira', 'Wooden Santa Claus', 8, 4, 1, 'CI0501-0000000061', 'H17cm ou H21cm', 'Pai Natal de Pousar. Material: Madeira pintada com base em forma de toro.', 'Santa Claus to pose. Material: Painted wood with base in the shape of a log.', 4, 0, 0, 10, 10, 23, 100, 105, 1),
(256, 9, 'Bolota Cinza Peq.', 'Small Grey Acorn', 7, 3.5, 1, 'CI0501-0000000073', 'L8xC8xH10cm', 'Decoração para Árvore de Natal. Material: Tricô em lã cinza, pinha com neve e glitter.', 'Decoration for Christmas Tree. Material: Knit in grey wool, pinecone with snow and glitter.', 10, 0, 0, 10, 10, 12, 30, 107, 1),
(257, 9, 'Bolotas Cinza Grd.', 'Bolotas Cinza Grd,', 8.5, 4.25, 1, 'CI0501-0000000075', 'L10xC10xH12cm', 'Decoração para Árvore de Natal. Material: Tricô em lã cinza, pinha com neve e glitter.', 'Decoração para Árvore de Natal. Material: Tricô em lã cinza, pinha com neve e glitter.', 2, 0, 0, 12, 12, 14, 40, 109, 1),
(258, 9, 'Capricórnio Telescópio', 'Capricorn Telescope', 141.5, 70.75, 1, 'CI0501-0000000064', 'H160 a H210cm', 'Cabeça de Capricórnio Telescópio. Material: Cornos e pernas em chapa pintada a cobre, cabeça e base em madeira.', 'Capricorn Head Telescope. Material: Horns and legs in a copper painted plate, head and base in wood.', 1, 0, 0, 60, 93, 20, 5000, 94, 1),
(259, 9, 'Vaca Telescópio', 'Cow Telescope', 165.5, 82.75, 1, 'CI0501-0000000065', 'H140cm a H190cm', 'Cabeça de Vaca Telescópio. Material: Cornos e pernas em chapa pintada a cobre, cabeça e base em madeira.', 'Cow Head Telescope. Material: Horns and legs in a copper painted plate, head and base in wood.', 1, 0, 0, 60, 93, 20, 5000, 95, 1),
(260, 9, 'Garrafa Mensagem Pq.', 'Small Message Bottle', 6.15, 3.69, 0, 'CI0501-0000000066', 'Ø7xH21cm', 'Garrafa Mensagem. Material: Garrafa em vidro transparente com pérolas no interior e uma folha em branco enrolada com um laço dourado, para poder personalizar a sua mensagem.', 'Bottle Message. Material: Transparent glass bottle with pearls inside and a white sheet wrapped with a golden bow, so you can personalize your message.', 0, 0, 0, 21, 21, 7, 300, 102, 0),
(261, 9, 'Estrela Glitter Branca', 'White Glitter Star', 8.5, 5.1, 1, 'CI0501-0000000047', '20x20cm', 'Decoração para Árvore de Natal. Material: Chapa em forma de estrela pintada a branco com glitter.', 'Decoration for Christmas Tree. Material: Star-shaped plate painted in white with glitter.', 14, 1, 0, 22, 22, 2, 50, 120, 1),
(262, 9, 'Estrela Glitter Branca', 'White Glitter Star', 4.9, 2.94, 1, 'CI0501-0000000048', '10x10cm', 'Decoração para Árvore de Natal. Material: Chapa em forma de estrela Pintada a Prata com Glitter.', 'Decoration for Christmas Tree. Material: Star-shaped plate Painted in Silver with Glitter.', 21, 0, 0, 12, 12, 2, 30, 121, 1),
(263, 9, 'Estrela 3D Glitter', '3D Glitter Star', 7.5, 4.5, 1, 'CI0501-0000000049', '12x12x12cm', 'Decoração para Árvore de Natal. Material: Vidro transparente em forma de estrela 3D com Glitter.', 'Decoration for Christmas Tree. Material: Transparent 3D star-shaped glass with Glitter.', 0, 0, 0, 14, 14, 14, 40, 122, 0),
(264, 9, 'Estrela 3D Glitter', '3D Glitter Star', 5, 3, 1, 'CI0501-0000000050', '7,5x7,5x7,5cm', 'Decoração para Árvore de Natal. Material: Vidro transparente em forma de estrela 3D com Glitter.', 'Decoration for Christmas Tree. Material: Transparent 3D star-shaped glass with Glitter.', 12, 0, 0, 8, 8, 8, 30, 123, 0),
(265, 9, 'Estrela em Palha', 'Straw Star', 13.5, 6.75, 1, 'CI0501-0000000045', '', 'Decoração para Árvore de Natal. Material: Estrela em Palha com Glitter. Diversos Formatos. Caixa com 27 unidades.', 'Decoration for Christmas Tree. Material: Straw Star with Glitter. Various Formats. Box with 27 units.', 2, 0, 0, 30, 30, 5, 50, 127, 1),
(266, 9, 'Bolas Branco e Dourado', 'White and Golden Balls', 4.5, 2.25, 0, 'CI0501-0000000046', 'L8xC8xH8cm', 'Decoração para Árvore de Natal. Material: Bola em vidro pintada a branco e meia bola com glitters dourados.', 'Decoration for Christmas Tree. Material: Glass Ball painted in white, and half ball with gold glitter.', 22, 0, 0, 10, 10, 10, 10, 76, 1),
(267, 9, 'Anjo Arame Dourado', 'Golden Wire Angel', 1.4, 0.42, 1, 'CI0501-0000000051', 'L8xH9cm', 'Decoração para Árvore de Natal. Material: Arame dourado em forma de anjo.', 'Decoration for Christmas Tree. Material: Golden angel-shaped wire.', 9, 0, 0, 10, 11, 1, 10, 124, 0),
(269, 9, 'Rena com Sino', 'Reindeer with Bell', 13.1, 6.55, 1, 'CI0501-0000000057', 'L6xC4xH26cm', 'Rena Com Sino: Material: Corpo em madeira com sinos em ferro enferrujado.', 'Reindeer with Bell: Material: Wooden body with rusty iron bells.', 1, 1, 0, 6, 8, 28, 20, 104, 0),
(270, 9, 'Estrela com Iman (Prateada)', 'Star with Magnet (Silver)', 5.6, 2.8, 1, 'CI0501-0000000060', 'H-12,5cm H-12,5cm', 'Decoração para Árvore de Natal. Material: Chapa em forma de estrela Pintada e Estrela menor com Iman. 5 cores disponíveis.', 'Decoration for Christmas Tree. Material: Star-shaped painted plate and a smaller star with a magnet. 5 colors available.', 4, 0, 0, 14, 14, 1, 15, 116, 1),
(271, 9, 'Estrela com Iman (Branca)', 'Star with Magnet (White)', 5.6, 2.8, 1, 'CI0501-0000000060', 'H-12,5cm H-12,5cm', 'Decoração para Árvore de Natal. Material: Chapa em forma de estrela Pintada e Estrela menor com Iman. 5 cores disponíveis.', 'Decoration for Christmas Tree. Material: Star-shaped painted plate and a smaller star with a magnet. 5 colors available.', 4, 0, 0, 14, 14, 1, 15, 118, 1),
(272, 9, 'Estrela com Iman (Preta)', 'Star with Magnet (Black)', 5.6, 2.8, 1, 'CI0501-0000000060', 'H-12,5cm H-12,5cm', 'Decoração para Árvore de Natal. Material: Chapa em forma de estrela Pintada e Estrela menor com Iman. 5 cores disponíveis.', 'Decoration for Christmas Tree. Material: Star-shaped painted plate and a smaller star with a magnet. 5 colors available.', 4, 0, 0, 14, 14, 1, 15, 119, 1),
(273, 9, 'Estrela com Iman (Vermelha)', 'Star with Magnet (Red)', 5.6, 2.8, 1, 'CI0501-0000000060', 'H12,5cm - H12,5cm', 'Decoração para Árvore de Natal. Material: Chapa em forma de estrela Pintada e Estrela menor com Iman. 5 cores disponíveis.', 'Decoration for Christmas Tree. Material: Star-shaped painted plate and a smaller star with a magnet. 5 colors available.', 4, 1, 0, 14, 14, 1, 15, 117, 1),
(274, 9, 'Bolota Bege Grd.', 'Big Beije Acorn', 8.5, 4.25, 1, 'CI0501-0000000074', 'L10xC10xH12cm', 'Decoração para Árvore de Natal. Material: Tricô em lã bege, pinha com apontamentos pintado a dourado.', 'Decoration for Christmas Tree. Material: Knit in beige wool, pinewood with notes painted in gold.', 6, 0, 0, 12, 12, 14, 40, 108, 1),
(275, 9, 'Bolota Bege Peq.', 'Small Beige Acorn', 7, 3.5, 1, 'CI0501-0000000072', 'L8xC8xH10cm', 'Decoração para Árvore de Natal. Material: Tricô em lã bege, pinha com apontamentos pintado a dourado.', 'Decoration for Christmas Tree. Material: Knit in beige wool, pinewood with notes painted in gold.', 10, 0, 0, 10, 10, 12, 30, 106, 1),
(276, 9, 'Boneco de Neve em Penas', 'Feather Snowman', 6.5, 3.25, 1, 'CI0501-0000000056', 'L10xC4xH13cm', 'Decoração para Árvore de Natal. Material: Boneco de neve em penas brancas.', 'Decoration for Christmas Tree. Material: Snowman in white feathers.', 0, 1, 0, 6, 12, 15, 15, 112, 0),
(277, 9, 'Pai Natal em Penas', 'Feather Santa Claus', 6.5, 3.25, 1, 'CI0501-0000000056', 'L10xC4xH13cm', 'Decoração para Árvore de Natal. Material: Pai natal em penas brancas.', 'Decoration for Christmas Tree. Material: Santa Claus in white feathers.', 0, 0, 0, 6, 12, 15, 15, 113, 0),
(278, 9, 'Estrela Arame Dourado', 'Golden Wire Star', 1.4, 0.42, 1, 'CI0501-0000000051', 'L8,5xC8,5cm', 'Decoração para Árvore de Natal. Material: Arame dourado em forma de estrela.', 'Decoration for Christmas Tree. Material: Golden angel-shaped wire.', 12, 0, 0, 10, 10, 1, 10, 126, 0),
(279, 9, 'Coração Arame Dourado', 'Golden Wire Hearth', 1.4, 0.42, 1, 'CI0501-0000000051', 'L8,5xC8,5cm', 'Decoração para Árvore de Natal. Material: Arame dourado em forma de coração.', 'Decoration for Christmas Tree. Material: Golden heart-shaped wire.', 12, 0, 0, 10, 10, 1, 10, 125, 0),
(280, 9, 'Sagrada Família', 'Holy Family', 26.8, 16.08, 1, 'CI0501-0000000039', '9x14cm; 7x19cm; 7x22cm', 'Presépio de Mesa. Material:', 'Table Nativity Set.', 0, 0, 0, 0, 0, 0, 0, 98, 0),
(281, 9, 'Reis Magos', 'Wise Men', 28, 16.8, 0, 'Ci0501-0000000038', '9x14cm; 7x19cm; 7x22cm', 'Conjunto dos 3 Reis Magos. Material:', 'Three Wise Men set.', 0, 0, 0, 25, 15, 12, 100, 100, 0),
(282, 9, 'Presépio 8 elementos', '8 Elements Nativity Scene', 35.5, 17.75, 1, 'CI0501-0000000006', '10x15cm a 2,5x4,5cm', 'Presépio de mesa com 8 elementos. Material: Cerâmica pintada', 'Table nativity set with 8 elements. Material: Painted Ceramic.', 1, 0, 0, 15, 21, 17, 500, 101, 0),
(284, 9, 'Bola Juta Rena', 'Reindeer Jute Ball', 1.9, 0.95, 1, 'Ci0501-0000000020', 'Ø9xH9cm', 'Decoração para Árvore de Natal. Material: Bola em vidro transparente com Rena em Juta.', 'Decoration for Christmas Tree. Material: Transparent glass ball with a Jute Reindeer.', 8, 0, 0, 11, 11, 11, 15, 133, 0),
(285, 9, 'Rena com Prendas', 'Reindeer with Presents', 7.5, 6, 0, 'CI0501-0000000031', 'L9xC4xH11cm', 'Brinquedo de Mesa. Material: Rena em madeira pintado, com prendas.', 'Table Toy. Material: Painted wood Reindeer, with presents.', 1, 0, 0, 6, 11, 13, 15, 154, 0),
(286, 9, 'Pai Natal com Prendas', 'Santa Claus with Presents', 7.5, 6, 0, 'CI0501-0000000031', 'L9xC4xH11cm', 'Brinquedo de Mesa. Material: Pai Natal em madeira pintado, com prendas.', 'Table Toy. Material: Painted wood Santa Claus, with presents.', 2, 0, 0, 6, 11, 12, 15, 152, 0),
(287, 9, 'Boneco de Neve com Prendas', 'Snowman with Presents', 7.5, 6, 0, 'CI0501-0000000031', 'L9xC4xH11cm', 'Brinquedo de Mesa. Material: Boneco de neve em madeira pintado, com prendas.', 'Table Toy. Material: Painted wood Snowman, with presents.', 4, 0, 0, 6, 11, 13, 15, 153, 0),
(288, 9, 'Bola Vidro com Mocho', 'Glass Ball with Owl', 1.9, 0.95, 1, 'CI0501-0000000018', 'Ø9xH9cm', 'Decoração para Árvore de Natal. Material: Bola em vidro transparente com Mocho.', 'Decoration for Christmas Tree. Material: Transparent glass ball with an Owl.', 3, 0, 0, 11, 11, 11, 15, 134, 0),
(289, 9, 'Bola Vidro com Boneco de Neve', 'Glass Ball with Snowman', 1.9, 0.95, 1, 'CI0501-0000000019', 'Ø9xH9cm', 'Decoração para Árvore de Natal. Material: Bola em vidro transparente com Boneco de Neve.', 'Decoration for Christmas Tree. Material: Transparent glass ball with a Snowman.', 1, 0, 0, 11, 11, 11, 15, 135, 0);
INSERT INTO `produto` (`id`, `id_produto_cat`, `produto_pt`, `produto_en`, `preco`, `desconto`, `saldo`, `referencia`, `dimensoes`, `descricao_pt`, `descricao_en`, `quantidade`, `produzir`, `orcamento`, `comprimento`, `largura`, `altura`, `peso`, `ordem`, `online`) VALUES
(291, 6, 'Cadeirão Azul', 'Blue Armchair', 575, 402.5, 0, 'CI0202-xxxxxx', 'L85xC75xH85', 'Cadeirão estofado a tecido aveludado azul escuro com vivo e botões. Pernas em madeira de Nogueira.', 'Armchair upholstered in velvety dark blue fabric with piping and buttons. Legs in walnut wood.', 0, 0, 1, 78, 88, 88, 5000, 49, 0),
(292, 6, 'Cadeirão Turquesa', 'Turquoise Armchair', 575, 402.5, 0, 'CI0202-xxxxxx', 'L85xC75xH85', 'Cadeirão estofado a tecido aveludado turquesa com vivo e botões. Pernas em madeira de Nogueira.', 'Armchair upholstered in velvety turquoise fabric with piping and buttons. Legs in walnut wood.', 0, 0, 0, 78, 88, 88, 5000, 51, 0),
(294, 1, 'Reindeer', 'Reindeer', 207, 103.5, 0, 'CI0204-0000000014', '110x120cm', 'Pêlo constituído por duas camadas, uma mais exterior, de pêlos delicados e outra mais interior muito densa. A cor varia, do pêlo branco ao acastanhado ou acinzentado, com partes mais claras e características naturais e por isso cada pele é única.', 'Two layers of hairs, an external layer, with delicate hairs and an internal and denser layer. The color varies, from white hair to brownish or grayish, with lighter parts and natural characteristics and that’s why each skin is unique.', 1, 0, 0, 25, 25, 112, 1500, 20, 1),
(297, 4, 'Jarra Abacaxi Pink', 'Pink Pineapple Jar', 62, 43.4, 0, 'CI0401-0000000061', 'L23xC 23xH39,5cm', 'Jarra decorativa. Material: Cerâmica em forma de Abacaxi com tampa pintada a rosa, azul e amarelo.', 'Decorative jar. Material: Pineapple shaped ceramic with lid painted in pink, blue and yellow.', 0, 0, 0, 25, 25, 42, 0, 157, 0),
(298, 4, 'Jarra em Vidro Amarelo', 'Yellow Glass Jar', 47.5, 33.25, 0, 'CI0401-0000000062', 'Ø16xH29cm', 'Jarra decorativa. Material: Vidro colorido Amarelo e Branco.', 'Decorative jar. Material: Yellow and White colored glass.', 2, 0, 0, 18, 18, 31, 0, 71, 1),
(299, 4, 'Jarra Azul', 'Blue Jar', 39.95, 23.97, 0, 'CI0401-0000000063', 'Ø13,5xH30cm', 'Jarra decorativa. Material: Vidro colorido Azul com transparência central.', 'Decorative jar. Material: Blue colored glass with transparency in the middle.', 2, 0, 0, 15, 15, 32, 0, 156, 1),
(300, 4, 'Abacaxi Prata', 'Silver Pineapple', 63, 0, 0, 'CI0410-0000000006', 'L14,5xC14,5xH32cm', 'Peça decorativa. Material: Cerâmica na forma de um Abacaxi pintado em prata.', 'Decorative piece. Material: Pineapple shaped ceramic painted in silver.', 0, 0, 0, 16, 16, 34, 0, 151, 0),
(301, 4, 'Taça Pneu', 'Tyre Bowl', 122.5, 85.75, 0, 'CI0403-0000000008', 'Ø45xH10cm', 'Taça decorativa. Material: Vidro transparente na forma de um pneu.', 'Decorative bowl. Material: Transparent glass in the shape of a tire.', 1, 0, 0, 44, 44, 12, 0, 154, 1),
(302, 3, 'Candeeiro Estrelas XL', 'Lamp with Stars XL', 210, 147, 0, 'CI0301-0000000023', 'Ø23xH48cm', 'Candeeiro de Mesa. Material: Cerâmica na cor Branco mat. Acessórios eléctricos: Suporte da lâmpada de luz E14, max 40W, Fonte de luz recomendada: 4W LED\r\nInclui cabo preto 180cm e interruptor manual.', 'Table lamp. Material: Matt white Ceramic. Electrical Accessories: E14 light bulb holder, 40W max, Recommended light source: 4W LED\r\nIncludes a 180cm black cable and a manual switch.', 1, 0, 0, 25, 25, 50, 0, 29, 1),
(304, 6, 'Tamborete Zig Zag Cinza', 'Zig Zag Grey Stool', 225, 135, 1, 'CI0407-0000000008', 'Ø35,5xH45cm', 'Tamborete Zig Zag. Material: PVC pintado a Cinza. Resistente à água, uso interno somente.', 'Zig Zag stool. Material: Grey painted PVC. Water resistant, indoor use only.', 1, 0, 0, 37, 37, 47, 0, 44, 0),
(305, 3, 'Candeeiro Preto Mate', 'Matt Black Lamp', 239, 143.4, 0, 'CI0301-0000000022', 'Ø28xH59cm', 'Candeeiro de Mesa. Material: Alumínio fundido com acabamento preto. Acessórios eléctricos: Suporte da lâmpada E27, max 100W, inclui cabo preto 100cm e interruptor manual. Não inclui Abajur.', 'Table lamp. Material: Cast aluminum with black finish. Electrical accessories: E27 lamp holder, 100W max, includes a 100cm black cable and a manual switch. Lampshade not included.', 1, 0, 0, 30, 30, 61, 0, 31, 1),
(306, 4, 'Papagaio Branco', 'Black Parrot', 49.95, 34.96, 0, 'CI0410-0000000005', 'L12xC16xH35cm', 'Peça decorativa. Material: Porcelana Branca em forma de Papagaio.', 'Decorative piece. Material: White Parrot-shaped porcelain.', 2, 0, 0, 18, 14, 37, 0, 24, 1),
(307, 4, 'Porta Velas Base em Madeira  Médio', 'Candleholder with Wooden Base Medium', 110.5, 66.3, 0, 'CI1402-0000000007', 'Ø26xH37.5cm', 'Porta Velas. Material: Base em madeira pintado a preto com parte superior vidro transparente verde.', 'Candleholder. Material: Wooden base painted in black with a transparent green glass top.', 1, 0, 0, 28, 28, 39, 3000, 160, 1),
(308, 4, 'Porta Velas Base em Madeira Alto', 'Candleholder with Wooden Base Tall', 130, 78, 0, 'Ci1402-0000000006', 'Ø26xH50cm', 'Porta Velas. Material: Base em madeira pintado a preto com parte superior vidro transparente verde.', 'Candleholder. Material: Wooden base painted in black with a transparent green glass top.', 1, 0, 0, 28, 28, 52, 3800, 162, 1),
(309, 4, 'Porta Velas Cogumelo M', 'Mushroom Candleholder M', 79.95, 39.97, 0, 'CI1402-0000000009', 'Ø24xH24cm', 'Porta Velas em forma de Cogumelo. Material: Base em madeira com parte superior vidro transparente verde.', 'Mushroom-shaped Candleholder. Material: Wooden base with a transparent green glass top.', 0, 0, 0, 26, 26, 26, 0, 166, 0),
(310, 4, 'Porta Velas Cogumelo S', 'Mushroom Candleholder S', 67.65, 40.59, 0, 'CI1402-0000000010', 'Ø20,5xH19cm', 'Porta Velas em forma de Cogumelo . Material: Base em madeira com parte superior vidro transparente verde.', 'Mushroom-shaped Candleholder. Material: Wooden base with a transparent green glass top.', 0, 0, 0, 22, 22, 21, 0, 158, 0),
(311, 4, 'Porta Velas Verde', 'Green Candelholder', 8.6, 6.88, 0, 'CI1402-0000000008', 'Ø8,5xH13cm', 'Porta Velas decorativo. Material: Vidro grosso colorido na cor verde.', 'Decorative Candleholder. Material: Green colored thick glass.', 0, 0, 0, 9, 9, 15, 400, 163, 0),
(312, 4, 'Porta Velas Castanho', 'Brown Candleholder', 8.6, 6.02, 0, 'CI1402-0000000005', 'Ø8,5xH13cm', 'Porta Velas decorativo. Material: Vidro colorido na cor castanho.', 'Decorative Candleholder. Material: Brown colored thick glass.', 2, 0, 0, 9, 9, 15, 400, 169, 1),
(313, 4, 'Porta Velas em Vidro com Base em Madeira', 'Glass Candle Holder with Wooden Base', 184.5, 129.15, 0, 'CI1402-0000000013', 'Ø30xH41cm', 'Porta Velas decorativo. Material: Vidro transparente com base em madeira pintado a preto.', 'Decorative Candleholder. Material: Clear glass with wooden base painted in black.', 1, 0, 0, 32, 32, 43, 3900, 171, 1),
(315, 4, 'Jarra Vidro Cinza M', 'Grey Glass Jar M', 159.8, 95.88, 0, 'CI0401-0000000059', 'Ø 21 x H 51,5cm', 'Jarra decorativa. Material: Vidro cinza com detalhe metalizado na parte inferior.', 'Decorative Jar. Material: Grey colored glass with gold-painted bottom.', 1, 0, 0, 23, 23, 53, 0, 174, 1),
(316, 4, 'Lanterna com pega de pele M', 'Latern with Leather Handle M', 35.7, 24.99, 0, 'CI1402-0000000011', 'Ø17,5xH20cm', 'Lanterna Redonda. Material: Vidro transparente de cor verde com pega em cobre e pele castanha.', 'Round Lantern. Material: Transparent green glass with copper and brown leather handle.', 1, 0, 0, 19, 19, 22, 1100, 176, 1),
(317, 4, 'Lanterna com pega em pele S', 'Latern with Leather Handle S', 30.75, 21.52, 0, 'CI1402-0000000012', 'Ø15xH13,5cm', 'Lanterna Redonda. Material: Vidro transparente de cor verde com pega em cobre e pele castanha.', 'Round Lantern. Material: Transparent green glass with copper and brown leather handle.', 1, 0, 0, 17, 17, 15.5, 710, 178, 1),
(321, 1, 'Long Hair Goatskin', 'Long Hair Goatskin', 170, 85, 0, 'CI0204-0000000017', '100x120cm', 'Origina de uma raça de cabra de pêlos compridos com origem na China e Mongólia, única no mundo pelo seu toque sedoso e macio.', 'A long-haired goat breed originally from China and Mongolia, unique in the world for its silky and soft touch.', 1, 0, 0, 25, 25, 112, 1500, 85, 1),
(322, 1, 'Cowhide Assorted', 'Cowhide Assorted', 375, 0, 0, 'CI0204-0000000019', '350 a 390cm', 'Pele de vaca, tamanho L. Pêlo curto e espesso naturalmente resistente e duradouro. A cor é regular dentro da cor castanha com partes mais claras e características naturais da pele e por isso cada pele de vaca é única.', 'Cowhide, L size. Short and thick HAIR, naturally resistant and durable. The color is regular, with clearer variations within the brown and natural characteristics of the skin, for that reason, each cowhide is unique.', 1, 0, 0, 0, 0, 0, 0, 126, 0),
(323, 1, 'Cowhide Bege & White Regular', 'Cowhide Bege & White Regular', 350, 245, 0, 'CI0204-0000000016', '250 a 340cm', 'Pele de vaca tamanho M. Pêlo curto e espesso naturalmente resistente e duradouro. A cor é regular dentro da cor bege claro com partes mais claras e características naturais da pele e por isso cada pele de vaca é única.', 'Cowhide, M size. Short and thick hair, naturally resistant and durable. The color is regular, with clearer variations within the beije and natural characteristics of the skin, for that reason, each cowhide is unique.', 0, 0, 0, 0, 0, 0, 0, 127, 0),
(324, 1, 'Cowhide Assorted', 'Cowhide Assorted', 350, 0, 0, 'CI0204-0000000016', '250 a 340cm', 'Pele de vaca, tamanho XL. Pêlo curto e espesso naturalmente resistente e duradouro. A cor é regular dentro da cor castanho escuro com partes  brancas e características naturais da pele e por isso cada pele de vaca é única.', 'Cowhide, XL size. Short and thick hair naturally resistant and durable. The color is regular inside the dark brown color with white parts and natural characteristics of the skin and that is why each cowhide is unique.', 0, 0, 0, 0, 0, 0, 0, 128, 0),
(325, 1, 'Cowhide Brown & White Speckled', 'Cowhide Brown & White Speckled', 350, 0, 0, 'CI0204-0000000018', '250 a 340cm', 'Pele de vaca, tamanho L. Pêlo curto e espesso naturalmente resistente e duradouro. A cor do pêlo varia e apresenta aspecto de salpicos de cor branca e acastanhada, com partes mais claras e características naturais e por isso cada pele ser única.', 'Cowhide, L size. Short and thick HAIR naturally resistant and durable. The color is regular inside the dark brown color with white parts and natural characteristics of the skin and that is why each cowhide is unique.', 1, 0, 0, 0, 0, 0, 0, 129, 0),
(326, 3, 'Candeeiro Linda', 'Linda Lamp', 176.2, 0, 0, 'Ci0301-0000000016', 'Ø40x47cm', 'Candeeiro de Mesa. Material: Aço e metal com acabamento branco e abajur em tecido branco. Acessórios eléctricos: Suporte da lâmpada E27, max 100W, inclui cabo branco 100cm e interruptor manual.', 'Table lamp. Material: Steel and metal with white finish and a white fabric lampshade. Electrical accessories: E27 lamp holder, 100W max, includes a 100cm white cable and a manual switch.', 0, 0, 0, 42, 42, 50, 3000, 32, 1),
(327, 3, 'Abajur riscas azuis', 'Blue Stripes Lampshade', 45.6, 31.92, 0, 'CI0305-0000000018', 'Ø40xH22cm', 'Abajur para Candeeiro de Mesa. Material: Tecido com riscado azul. Exterior/Interior: Padrão/Branco', 'Table Lampshade. Material: Fabric with blue stripes. Exterior/Interior: Pattern/White', 0, 0, 0, 50, 50, 30, 300, 39, 0),
(328, 3, 'Abajur Rscas Azuis', 'Blue Stripes Lampshade', 26.5, 18.55, 0, 'CI0305-0000000019', 'Ø25xH15cm', 'Abajur para Candeeiro de Mesa. Material: Tecido com riscado azul. Exterior/Interior: Padrão/Branco', 'Table Lamp. Material: Fabric with blue stripes. Exterior/Interior: Pattern/White', 1, 0, 0, 30, 30, 20, 200, 38, 1),
(331, 3, 'Abajur Preto', 'Black Lampshade', 72, 43.2, 0, 'CI0305-0000000013', 'Ø40xØ50xH47cm', 'Abajur para Candeeiro de Mesa ou de Pé. Material: Cetim texturado preto. Exterior/Interior: Liso/Costa do tecido.', 'Lampshade for Table Lamp or Floor Lamp. Material: Black textured satin. Exterior/Interior: Plain/ Fabric Coast.', 1, 0, 0, 0, 0, 0, 0, 37, 1),
(332, 6, 'Banqueta turquesa', 'Turquoise bench', 220, 154, 0, 'CI0113-0000000007', 'C45xL70xH45cm', 'Banqueta estofada a tecido em algodão e poliéster com pés em madeira pintados a branco.', 'Upholstered bench in cotton and polyester fabric, with wood legs painted in white.', 0, 1, 0, 50, 80, 50, 3500, 45, 1),
(336, 6, 'Pedestal', 'Pedestal', 225, 0, 0, 'Ci0121-0000000004', 'L30xC30xH92,5cm', 'Pedestal quadrado. Material: Estrutura em Ferro pintado a preto e tampo superior em madeira Ébano.', 'Square pedestal. Material: Structure in Iron painted in black with an Ebony Wood Top.', 0, 1, 0, 40, 40, 100, 3500, 42, 0),
(337, 6, 'Cadeirão Turquesa', 'Turquoise Armchair', 850, 525, 0, 'CI0101-0000000018', 'L70xC60xH88cm', 'Cadeirão estofado a tecido aveludado com apontamentos dourados. Pernas revestidas no mesmo tecido com capas em chapa dourada.', 'Upholstered armchair in velvety fabric with gold accents. Legs covered in the same fabric with golden plated covers.', 0, 0, 0, 70, 80, 90, 5000, 48, 1),
(338, 6, 'Cadeira', 'Chair', 280, 196, 0, 'Cixxxxx', 'L50xC54xH80cm', 'Cadeira de jantar estofada a tecido cinza com pernas em madeira.', 'Dining chair upholstered in grey fabric with wooden legs.', 0, 0, 0, 60, 60, 90, 3500, 47, 0),
(340, 6, 'Cadeira Aveludada Verde', 'Velvety Green Chair', 285, 199.5, 0, 'CI0101-0000000013', 'L45xC54xH77cm', 'Cadeira de Jantar estofada a tecido aveludado verde com pés em madeira pintados a preto.', 'Dining chair upholstered in green velvety fabric with wooden legs painted in black.', 0, 1, 0, 60, 50, 80, 3000, 43, 0),
(341, 6, 'Cadeira aveludada Bege', 'Beige Velvety Chair', 285, 199.5, 0, 'CI0101-0000000012', 'L45xC54xH77cm', 'Cadeira de Jantar estofada a tecido aveludado bege com pés em madeira pintados a preto.', 'Dining chair upholstered in velvety beige fabric with wooden legs painted in black.', 0, 1, 0, 50, 60, 80, 3000, 39, 0),
(342, 6, 'Mesa de Centro', 'Center Table', 360, 0, 0, 'CI0107-0000000024', 'L50xC80xH30cm', 'Mesa de centro com estrutura em madeira e tampo de vidro transparente superior e inferior.', 'Center Table with wooden structure and transparent glass top.', 0, 1, 0, 0, 0, 0, 0, 36, 0),
(343, 5, 'Espelho Madeira Pequeno', 'Small Wooden Mirror', 159.9, 79.95, 0, 'CI0412-0000000031', 'Ø27xH3cm', 'Espelho de fixar na parede, redondo, em madeira escura com cinto em pele castanha.', 'Mirror to fix on the wall, round, dark wood with a brown leather belt.', 1, 0, 0, 30, 30, 5, 1000, 31, 1),
(344, 5, 'Espelho Madeira Grande', 'Large Wooden Mirror', 209.1, 104.55, 0, 'CI0412-0000000030', 'Ø35xH3,5cm', 'Espelho de fixar na parede, redondo, em madeira escura com cinto em pele castanha.', 'Mirror to fix on the wall, round, dark wood with a brown leather belt.', 1, 0, 0, 40, 40, 5, 1200, 32, 1),
(347, 6, 'Sofá Bege', 'Beige Sofa', 1850, 1480, 1, 'CI0110-0000000005', 'L260xC100xH64cm', 'Sofá estofado a tecido Bege, com pé em madeira pintado a preto, costas e braços da mesma altura com 4 almofadas grandes de encosto.', 'Sofaupholstered in beige fabric, with wooden legs painted in black, backrest and armrests of the same height and with 4 large cushions for the backrest.', 1, 0, 0, 110, 270, 75, 100000, 34, 0),
(350, 8, 'Anánas  \"Doorstop\"', 'Pineapple', 14.8, 8.88, 0, 'CI0410-0000000007', 'L10xC18xH38cm', 'Ananás decorativo em tecido poliéster com enchimento em areia fina.', 'Decorative pineapple in polyester fabric with fine sand filling.', 3, 0, 0, 15, 20, 40, 30000, 23, 1),
(352, 8, 'Almofada Cacto', 'Cactus Cushion', 16.8, 8.4, 1, 'CI0410-0000000012', 'L40xC40xH10cm', 'Almofada em Poliéster, com fecho. Enchimento incluído .Frente/Verso: Padrão/Liso com um cacto na frente que é aplicado com uma mistura de muitos tecidos diferentes. Recomenda-se lavagem a frio ou delicado.', 'Polyester cushion, with zipper. Filling included. Front/Back: Pattern/Plain with a cactus on the front applied with a blend of many different fabrics. Cold or delicate wash is recommended.', 0, 0, 0, 40, 40, 10, 400, 35, 0),
(353, 8, 'Porta Jóias \"awesome\"', '\"you are awesome\" jewelry dish', 5.5, 3.85, 0, 'CI0410-0000000010', 'L15xC10xH2cm', 'Porta Jóias decorativo. Material: Cerâmica branca com bordo a azul e texto a preto \'\'YOU ARE AWESOME\'\'', 'Decorative jewelry dish. Material: White ceramic with blue brim and black text \"YOU ARE AWESOME\".', 1, 0, 0, 0, 0, 0, 0, 28, 1),
(354, 8, 'Porta Jóias \"Prety Thing\"', '\'\'Prety Thing\'\' Jewelry Dish', 5.5, 3.85, 0, 'CI0410-0000000009', 'L15xC10xH2cm', 'Porta Jóias decorativo. Material: Cerâmica branca com bordo a azul e texto a preto \'\'OH YOU PRETY THING\'\'', 'Decorative jewelry dish. Material: White ceramic with blue brim and black text \"OH YOU PRETTY THING\".', 1, 0, 0, 17, 12, 4, 100, 31, 1),
(355, 8, 'Porta Jóias \"sunshine\"', '\"HELLO SUNSHINE\" jewelry dish', 5.5, 3.85, 0, 'CI0410-0000000008', 'L15xC10xH2cm', 'Porta Jóias decorativo. Material: Cerâmica branca com bordo a azul e texto a preto \"HELLO SUNSHINE\"', 'Decorative jewelry dish. Material: White ceramic with blue brim and black text \"HELLO SUNSHINE\".', 2, 0, 0, 17, 12, 4, 100, 34, 1),
(356, 8, 'Cacto Porta Jóias', 'Cactus Jewelry Holder', 15.4, 10.78, 0, 'CI0410-0000000013', 'L17xC19xH30cm', 'Porta jóias decorativo. Matreial: MDF em forma de cacto, pintado a verde sobre base redonda.', 'Decorative jewelry holder. Material: MDF in the form of a cactus, painted in green on a round base.', 0, 0, 0, 20, 20, 30, 400, 32, 1),
(357, 8, 'Troféu Raposa', 'Fox Trophy', 59.95, 41.97, 0, 'CI0405-0000000034', 'L34xC24xH32cm', 'Troféu Cabeça Raposa. Material: Tecido Pelúcia e Algodão. Recomenda-se lavagem a frio.', 'Fox Head Trophy. Material: Plush Fabric and Cotton. Cold wash is recommended.', 1, 0, 0, 40, 30, 30, 500, 38, 1),
(358, 8, 'Troféu Coelho', 'Rabbit Trophy', 63.75, 0, 0, 'CI0405-0000000035', 'L28xC30xH40cm', 'Troféu Cabeça Coelho. Material: Tecido Pelúcia e Algodão. Recomenda-se lavagem a frio.', 'Rabbit Head Trophy. Material: Plush Fabric and Cotton. Cold wash is recommended.', 0, 0, 0, 30, 30, 40, 500, 40, 1),
(359, 8, 'Troféu Cisne', 'Swan Trophy', 47.85, 33.5, 0, 'CI0405-0000000032', 'C18xL15xH50cm', 'Troféu Cabeça Cisne. Material: Tecido Pelúcia e Algodão. Recomenda-se lavagem a frio.', 'Swan Head Trophy. Material: Plush Fabric and Cotton. Cold wash is recommended.', 1, 0, 0, 20, 15, 50, 500, 39, 1),
(360, 8, 'Troféu Burro', 'Donkey Trophy', 58.85, 41.2, 0, 'CI0405-0000000033', 'L25xC35xH35cm', 'Troféu Cabeça Burro. Material: Tecido Pelúcia e Algodão. Recomenda-se lavagem a frio.', 'Donkey Head Trophy. Material: Plush Fabric and Cotton. Cold wash is recommended.', 1, 0, 0, 40, 30, 40, 500, 37, 1),
(361, 8, 'Prato Jóias Cacto', 'Cactus Jewelry Holder', 8.3, 5.81, 0, 'CI0410-0000000011', 'Ø10xH12cm', 'Prato decorativo para Jóias. Material: Cerâmica pintada com um Cacto no centro do prato.', 'Decorative jewelry holder. Material: Painted ceramic with a Cactus in the center of the plate.', 3, 0, 0, 10, 10, 12, 200, 29, 1),
(362, 8, 'Prato Jóias Ananás', 'Pineapple Jewelry Dish', 9.8, 0, 0, 'CI0410-0000000015', 'Ø11xH6cm', 'Prato decorativo para Jóias. Material: Cerâmica pintada a branco com um Ananás dourado no centro do prato.', 'Decorative jewelry dish. Material: Ceramic painted in white with a golden Pineapple in the center of the plate.', 0, 0, 0, 11, 11, 6, 100, 24, 0),
(363, 1, 'Caribean Mar', 'Caribean Sea', 40, 17.7, 0, 'CI0202-0000000106', '60x40cm', 'Almofada em Viscose e Linho, com pesponto e fecho. Enchimento incluído. Frente/Verso: Padrão/Padrão. Recomenda-se lavagem a seco.', 'Viscose and Linen Cushion, with topstitching and zipper. Filling included. Front/Back: Pattern/Pattern. Dry cleaning is recommended.', 0, 0, 0, 60, 40, 15, 300, 113, 0),
(364, 1, 'Jade', 'Jade', 45.3, 22.65, 0, 'CI0202-0000000103', '60x40cm', 'Almofada em Algodão e Linho, com pesponto e fecho. Enchimento incluído. Frente/Verso: Padrão/Padrão. Recomenda-se lavagem a 30º.', 'Cotton and Linen Cushion, with topstitching and zipper. Filling included. Front/Back: Pattern/Pattern. It is recommended to wash at 30º.', 0, 1, 0, 60, 40, 15, 300, 112, 1),
(365, 1, 'Hana Eden', 'Hana Eden', 30.5, 21.35, 0, 'CI0202-0000000104', '45x45cm', 'Almofada em Viscose e linho, com vivo em cetim e fecho. Enchimento incluído. Frente/Verso: Padrão/Padrão. Lavagem a seco.', 'Viscose and linen Cushion, piping in satin and zipper. Filling included. Front/Back: Pattern/Pattern. Dry clean.', 0, 0, 1, 50, 50, 15, 300, 117, 0),
(367, 1, 'Bordeaux', 'Bordeaux', 26.5, 18.55, 0, 'CI0202-0000000100', '40x40cm', 'Almofada em Algodão e Poliéster, com caixa e fecho. Enchimento incluído. Frente/Verso: Liso/Liso. Recomenda-se lavagem a frio.', 'Cotton and Polyester Cushion, with box and zipper. Filling included. Front/Back: Pattern/Plain. Cold wash is recommended.', 0, 0, 1, 40, 40, 15, 0, 118, 0),
(368, 1, 'Veludo verde', 'Green Velvet', 37, 18.5, 0, 'CI0202-0000000102', '45x45cm', 'Almofada em Veludo, com pesponto e fecho. Frente/Verso: Liso/Liso Enchimento incluído. Recomenda-se limpeza a seco.', 'Velvet Cushion, with topstitching and zipper. Front/Back: Plain/Plain. Filling included. Dry cleaning is recommended.', 0, 1, 0, 45, 45, 15, 300, 84, 1),
(369, 1, 'Caribean Mar', 'Caribean Sea', 23, 0, 0, 'CI0202-0000000107', '40x40cm', 'Almofada em Viscose e Linho, com pesponto e fecho. Enchimento incluído. Frente/Verso: Padrão/Liso. Recomenda-se lavagem a seco.', 'Viscose and Linen Cushion, with topstitching and zipper. Filling included. Front/Back: Pattern/Plain. Dry cleaning is recommended.', 0, 1, 0, 40, 40, 15, 300, 119, 0),
(371, 1, 'Penas de pavão/veludo', 'Peacock Feathers/Velvet', 49.5, 34.65, 0, 'CI0202-0000000101', '60x45cm', 'Almofada em Viscose/Linho e Veludo, com vivo e fecho. Enchimento incluído. Frente/Verso: Padrão/Liso. Recomenda-se lavagem a seco.', 'Viscose/Linen and Velvet Cushion, with piping and zipper. Filling included. Front/Back: Pattern/Plain. Dry cleaning is recommended.', 0, 1, 0, 60, 45, 15, 350, 115, 0),
(372, 1, 'Penas de Pavão/Cetim', 'Peacock Feathers/Satin', 43, 21.5, 0, 'CI0202-0000000096', '65x45cm', 'Almofada em Viscose/Linho e Cetim, com vivo e fecho. Enchimento incluído. Frente/Verso: Padrão/Liso. Recomenda-se lavagem a seco.', 'Viscose/Linen and Satin Cushion, with piping and zipper. Filling included. Front/Back: Pattern/Plain. Dry cleaning is recommended.', 0, 1, 0, 65, 45, 15, 350, 120, 0),
(374, 6, 'Cadeira', 'Chair', 250, 147, 0, 'CI0101-0000000021', 'C50xL48xH80cm', 'Cadeira de Jantar estofada a tecido com pernas em madeira.', 'Dining chair upholstered in fabric with wooden legs.', 0, 1, 0, 55, 55, 85, 3000, 25, 0),
(376, 1, 'Orange', 'Orange', 36, 25.2, 0, 'CI0202-0000000113', '40x50x15cm', 'Almofada em Algodão e Poliéster, com pesponto e fecho. Enchimento incluído. Frente/Verso: Liso/Liso. Recomenda-se lavagem a frio.', 'Cotton and Polyester Cushion, with topstitching and zipper. Filling included. Front/Back: Plain/Plain. Cold wash is recommended.', 0, 0, 1, 40, 50, 15, 350, 114, 1),
(377, 1, 'Riscas Azuis', 'Blue Stripes', 46, 18.4, 1, 'CI0202-0000000112', '60x50x15cm', 'Almofada em Algodão e Poliéster, com vivo e fecho. Enchimento incluído. Frente/Verso: Padrão/Liso. Recomenda-se lavagem a frio.', 'Cotton and Polyester Cushion, with piping and zipper. Filling included. Front/Back: Pattern/Plain. Cold wash is recommended.', 1, 0, 0, 60, 50, 15, 400, 116, 0),
(382, 6, 'Mesa de apoio Wizard', 'Wizard Side Table', 420, 294, 0, 'CI0107-0000000029', 'L40xC53xH41cm', 'Mesa de apoio metálica pintada a areia mate.', 'Metallic side table painted in matt sand.', 1, 0, 0, 55, 45, 45, 3000, 31, 1),
(383, 6, 'Cadeirão Verde Esmeralda', 'Emerald Green Armchair', 850, 0, 0, 'Ci0101-0000000026', 'L76xC80xH86cm', 'Cadeirão estofado a tecido aveludado verde esmeralda. Pernas revestidas no mesmo tecido com capas em chapa dourada.', 'Upholstered chair with velvety emerald green fabric. Legs covered in the same fabric with golden plated covers.', 0, 1, 0, 85, 80, 85, 10000, 29, 0),
(386, 3, 'Candeeiro de parede Hifi', 'Hifi Wall Lamp', 41.2, 28.84, 0, 'Ci0304-0000000008', '30x30x30cm', 'Candeeiro de Parede. Material: Ferro pintado a cinza com pormenor em madeira carvalho. Acessórios eléctricos: Suporte da lâmpada de luz E27, max 40W.', 'Wall lamp. Material: Iron painted in grey with detail in oak wood. Electrical Accessories: E27 light bulb holder, 40W max.', 0, 0, 0, 30, 30, 30, 500, 22, 0),
(387, 3, 'Candeeiro de mesa Cocotte', 'Cocotte Lamp Table', 257.7, 154.62, 0, 'Ci0301-0000000033', 'Ø25xH50cm', 'Candeeiro de Mesa. Material: Ferro pintado a preto e dourado. Acessórios eléctricos: Suporte da lâmpada de luz E27, max 40W, inclui cabo vermelho 140cm e interruptor manual.', 'Table lamp. Material: Iron painted in black and gold. Electrical accessories: E27 light bulb holder, 40W max, includes a140cm red cable and a manual switch.', 2, 0, 0, 40, 22, 57, 500, 23, 1),
(388, 3, 'Candeeiro de mesa Guéthary', 'Guéthary Table Lamp', 72.5, 50.75, 1, 'Ci0301-0000000035', 'Ø30xH52cm', 'Base de Candeeiro de Mesa. Material: Ferro pintado a preto. Acessórios eléctricos: Suporte da lâmpada de luz E27, max 40W, inclui cabo preto 140cm e interruptor manual. Inclui Abajur.', 'Table Lamp Base. Material: Iron painted in black. Electrical accessories: E27 light bulb holder, 40W max, includes a 140cm black cable and a manual switch. Includes lampshade.', 0, 0, 0, 30, 30, 52, 0, 24, 0),
(389, 4, 'Porta Velas Cole Gr.', 'Cole Candleholder Big', 18.5, 12.95, 1, 'Ci0402-0000000019', 'Ø15xH18cm', 'Porta Velas decorativo. Material: Vidro colorido na cor dourado com apontamentos pintado a branco.', 'Decorative Candleholder. Material: Golden colored glass with white painted notes.', 0, 0, 0, 15, 15, 18, 300, 187, 0),
(390, 4, 'Porta Velas Cole Pq.', 'Cole Candleholder Small', 11.7, 8.19, 1, 'Ci0402-0000000020', 'Ø12xH14cm', 'Porta Velas decorativo. Material: Vidro colorido na cor dourado com apontamentos pintado a branco.', 'Decorative Candleholder. Material: Golden colored glass with white painted notes.', 0, 0, 0, 12, 12, 14, 300, 25, 0),
(392, 3, 'Candeeiro de mesa Terra-Cotta', 'Terra-Cotta Table Lamp', 108.7, 76.09, 0, 'Ci0301-0000000028', 'Ø25xH50cm', 'Candeeiro de Mesa. Material: Cerâmica na cor Branco. Acessórios eléctricos: Suporte da lâmpada de luz E14, max 40W, inclui cabo branco 100cm e interruptor manual. inclui abajur.', 'Table lamp. Material: White colored Ceramic. Electrical accessories: E14 light bulb holder, 40W max, includes a 100cm white cable and a manual switch. includes lampshade.', 1, 0, 0, 25, 25, 50, 600, 25, 1),
(393, 3, 'Candeeiro de mesa Vidro Rattan', 'Table Lamp Glass Rattan', 273.5, 191.45, 0, 'CI0301-0000000029', 'Ø40xH59cm', 'Candeeiro de Mesa. Material: Vidro transparente. Acessórios eléctricos: Suporte da lâmpada de luz E27, max 40W, inclui cabo branco e preto 100cm e interruptor manual. inclui abajur em rattan.', 'Table lamp. Material: Clear glass. Electrical accessories: E27 light bulb holder, 40W max, includes a 100cm white and black cable and a manual switch. Includes rattan lampshade.', 2, 0, 0, 40, 40, 59, 1000, 19, 1),
(394, 6, 'Mesa Rattan', 'Rattan Table', 425, 297.5, 0, 'Ci0107-00000000031', 'Ø80xH72cm', 'Mesa de apoio redonda. Material: Rattan com tampo em vidro transparente.', 'Round side table. Material: Rattan with transparent glass top.', 0, 0, 0, 80, 80, 72, 7000, 21, 0),
(398, 5, 'Quadro abstrato amarelo', 'Yellow Abstract Painting', 194, 97, 0, 'Ci0412-0000000045', '118x97x4cm', 'Quadro Decorativo. Material: Tela invertida com pintura abstracta nas cores branco, preto. amarelo e roxo.', 'Decorative painting. Material: Inverted canvas with abstract painting in white, black, yellow and purple.', 2, 0, 0, 0, 0, 0, 0, 37, 1),
(399, 6, 'Mesa de apoio preta com espelho Pq.', 'Black Side Table with Mirror S', 150, 90, 0, 'Ci0107-0000000035', 'L52xC52xH51cm', 'Mesa de apoio. Material: Estrutura em Ferro pintado a preto e tampo superior em Espelho.', 'Support desk. Material: Structure in iron painted in black and mirror top.', 1, 0, 0, 52, 52, 51, 5000, 40, 1),
(400, 6, 'Mesa de apoio preta com espelho Md.', 'Black Side Table with Mirror M', 190, 114, 0, 'Ci0107-0000000036', 'L52xC52xH62cm', 'Mesa de apoio. Material: Estrutura em Ferro pintado a preto e tampo superior em Espelho.', 'Support desk. Material: Structure in iron painted in black and mirror top.', 2, 0, 0, 52, 52, 62, 5000, 18, 1),
(401, 6, 'mesa de apoio preta com espelho Gr.', 'Black Side Table with Mirror L', 220, 132, 0, 'Ci0107-0000000037', 'L60xC60H71cm', 'Mesa de apoio. Material: Estrutura em Ferro pintado a preto e tampo superior em Espelho.', 'Support desk. Material: Structure in iron painted in black and mirror top.', 1, 0, 0, 60, 60, 71, 5000, 33, 1),
(405, 1, 'Manta em Pelo', 'Hair Throw Blanket', 415, 207.5, 1, 'CI0203-0000000002', '220x150cm', 'Manta em Pelo e Cetim. Recomenda-se lavagem a seco.', 'Hair and Satin Throw Blanket. Dry cleaning is recommended.', 0, 1, 0, 0, 0, 0, 0, 2, 0),
(406, 1, 'Kaiko', 'Kaiko', 54, 37.8, 0, 'CI0202-0000000119', '65x50cm', 'Almofada em Algodão e Linho, com vivo em veludo e fecho. Enchimento incluído. Frente/Verso: Padrão/Padrão. Recomenda-se lavagem a 30º.', 'Cotton and Linen Cushion, with piping in velvet and zipper. Filling included. Front/Back: Pattern/Pattern. It is recommended to wash at 30º.', 0, 1, 0, 65, 50, 15, 400, 110, 1),
(407, 1, 'Mikado Coral', 'Coral Mikado', 54, 27, 1, 'CI0202-0000000120', '60x40cm', 'Almofada em Algodão e Linho, com caixa em veludo e fecho. Enchimento incluído. Frente/Verso: Padrão/Padrão. Recomenda-se lavagem a 30º.', 'Cotton and Linen Cushion, with velvet box and zipper. Filling included. Front/Back: Pattern/Pattern. It is recommended to wash at 30º.', 0, 1, 0, 60, 40, 15, 400, 36, 0),
(408, 1, 'Takana', 'Takana', 32, 22.4, 0, 'CI0202-0000000121', '45x30cm', 'Almofada em Algodão e Linho, com pesponto e fecho. Enchimento incluído. Frente/Verso: Padrão/Padrão. Recomenda-se lavagem a 30º', 'Cotton and Linen Cushion, with topstitching and zipper. Filling included. Front/Back: Pattern/Pattern. It is recommended to wash at 30º.', 0, 1, 0, 45, 30, 15, 300, 82, 0),
(409, 1, 'Veludo Vermelho', 'Red Velvet', 32, 0, 0, 'CI0202-0000000122', '45x45cm', 'Almofada em Veludo, com vivo e fecho. Frente/Verso: Liso/Liso. Enchimento incluído. Recomenda-se limpeza a seco.', 'Velvet Cushion, with piping and zipper. Front/Back: Plain/Plain. Filling included. Dry cleaning is recommended.', 0, 0, 0, 45, 45, 15, 300, 79, 1),
(410, 1, 'veludo vermelho', 'Red Velvet', 32, 0, 0, 'CI0202-0000000124', '60x40cm', 'Almofada em Veludo, com pesponto e fecho. Frente/Verso: Liso/Liso Enchimento incluído. Recomenda-se limpeza a seco.', 'Velvet Cushion, with topstitching and zipper. Front/Back: Plain/Plain. Filling included. Dry cleaning is recommended.', 0, 0, 0, 60, 40, 15, 400, 80, 1),
(411, 1, 'Alella', 'Alella', 58, 29, 0, 'CI0000', '55x45cm', 'Almofada em Algodão com fecho. Enchimento incluído. Frente/Verso: Padrão/Padrão. Lavagem a 30º', 'Cotton Cushion, with zipper. Filling included. Front/Back: Pattern/Pattern. It is recommended to wash at 30º.', 0, 1, 0, 0, 0, 0, 0, 108, 0),
(412, 1, 'Cactos Cinza', 'Grey Cactus', 34, 23.8, 0, 'CI0202-0000000118', '40x30cm', 'Almofada em Linho, com pesponto e fecho. Enchimento incluído. Frente/Verso: Padrão/Padrão. Recomenda-se lavagem a 30º.', 'Linen Cushion, with topstitching and zipper. Filling included. Front/Back: Pattern/Pattern. It is recommended to wash at 30º.', 0, 1, 0, 40, 30, 15, 300, 39, 0),
(413, 1, 'Cactos Cinza', 'Grey Cactus', 56, 39.2, 0, 'CI0202-0000000117', '60x40cm', 'Almofada em Linho, com pesponto e fecho. Enchimento incluído. Frente/Verso: Padrão/Padrão. Recomenda-se lavagem a 30º.', 'Cotton and Polyester Cushion, with topstitching and zipper. Filling included. Front/Back: Pattern/Pattern. It is recommended to wash at 30º.', 0, 1, 0, 60, 40, 15, 400, 46, 1),
(414, 1, 'Zig Zag', 'Zig Zag', 27, 13.5, 0, 'CI0202-0000000125', '55x40cm', 'Almofada em Algodão e Poliéster, com barbela lateral e fecho. Enchimento incluído. Frente/Verso: Padrão/Padrão. Recomenda-se lavagem a 30º.', 'Cotton and Polyester Cushion, with lateral barb and zipper. Filling included. Front/Back: Pattern/Pattern. It is recommended to wash at 30º.', 0, 1, 0, 55, 40, 15, 300, 111, 0),
(415, 4, 'Velvet Pineapple', 'Velvet Pineapple', 70, 35, 0, 'CI0410-0000000017', 'Ø16xH44cm', 'Peça decorativa. Material: Abacaxi em resina aveludado na cor beringela.', 'Decorative piece. Material: Pineapple in velvety resin in aubergine color.', 1, 0, 0, 0, 0, 0, 0, 135, 1),
(418, 3, 'Bronze Globo Branco', 'Bronze White Globe', 120, 84, 1, 'CI0301-0000000037', '40x40x30cm', 'Candeeiro de Mesa. Material: Aço com acabamento em bronze e globo em vidro branco mate. Acessórios eléctricos: Suporte da lâmpada de luz, max 40W, inclui cabo preto 200cm e interruptor manual.', 'Table lamp. Material: Steel with bronze finish and a matt  white glass globe. Electrical accessories: Lamp holder light, 40W max, includes a 200cm black cable and a manual switch.', 1, 0, 0, 0, 0, 0, 0, 20, 0),
(423, 1, 'Orange', 'Orange', 35, 24.5, 0, 'CI0202-0000000098', '45x45cm', 'Almofada em Algodão e Poliéster, com caixa e fecho. Enchimento incluído. Frente/Verso: Liso/Liso. Recomenda-se lavagem a frio.', 'Cotton and Polyester Cushion, with box and zipper. Filling included. Front/Back: Pattern/Plain. Cold wash is recommended.', 0, 1, 0, 0, 0, 0, 0, 109, 0),
(427, 6, 'POUF VERMELHO', 'Red Pouf', 175, 122.5, 0, 'CI0113-00000000010', 'Ø45xH45cm', 'Pouf cilíndrico estofado em tecido aveludado vermelho com pé em MDF folheado a nogueira com acabamento acetinado.', 'Cylindrical pouffe upholstered in red velvety fabric with MDF legs veneered in walnut with satin finish.', 0, 0, 0, 45, 45, 45, 2000, 22, 0),
(428, 6, 'POUF VERDE', 'Green Pouf', 165.5, 99.3, 0, 'CI0113-00000000011', 'Ø45xH45cm', 'Pouf cilíndrico estofado em tecido aveludado verde com pé em MDF folheado a nogueira com acabamento acetinado.', 'Cylindrical pouffe upholstered in green velvety fabric with MDF legs veneered in walnut with satin finish.', 1, 0, 0, 45, 45, 45, 2500, 24, 1),
(429, 6, 'Cadeirão Dourado', 'Golden Armchair', 660, 462, 0, 'CI0111-0000000004', '64x67x70cm', 'Cadeirão estofado a tecido aveludado dourado.', 'Armchair upholstered in golden velvety fabric.', 0, 0, 0, 0, 0, 0, 0, 32, 0),
(433, 3, 'Candeeiro de mesa cobre', 'Copper Table Lamp', 97, 67.9, 0, 'CI0301-0000000039', 'Ø30xH65cm', 'Candeeiro de Mesa. Material: Aço com acabamento em Cobre. Acessórios eléctricos: Suporte da lâmpada de luz E27, max 40W, inclui cabo preto 200cm e interruptor manual.', 'Table Lamp. Material: Steel with Copper finish. Electrical accessories: E27 light bulb holder, 40W max, includes a 200cm black cable and a manual switch.', 0, 0, 0, 0, 0, 0, 0, 18, 0),
(434, 3, 'Base de Candeeiro geométrico', 'Geometric Lamp Base', 35, 21, 0, 'CI0301-0000000040', 'C25xH55cm', 'Base de Candeeiro de Mesa. Material: Ferro pintado a preto. Acessórios eléctricos: Suporte da lâmpada de luz E27, max 40W, inclui cabo preto 140cm e interruptor manual. Inclui Abajur.', 'Table Lamp Base. Material: Steel painted in black. Electrical accessories: E27 light bulb holder, 40W max, includes a 140cm black cable and a manual switch. Includes lampshade.', 2, 0, 0, 0, 0, 0, 0, 21, 1),
(436, 5, 'Aight Gray&Red', 'Aight Gray&Red', 49.9, 34.93, 1, 'CI0406-0000000001', '28x5x2cm', 'Relógio de Pulso. Material:  Mostrador em aço inoxidável anodizado que combina com a bracelete. Bracelete em silicone sem fivela com um efeito de toque suave para fechar. Resistente à água.', 'Wristwatch. Material: Anodized stainless steel dial that matches the strap. Silicone strap without buckle with a soft touch close effect. Waterproof.', 3, 0, 0, 20, 15, 5, 100, 29, 0),
(437, 5, 'Aight Blue&Pink', 'Aight Blue&Pink', 49.9, 34.93, 1, 'CI0406-0000000002', '28x5x2cm', 'Relógio de Pulso. Material:  Mostrador em aço inoxidável anodizado que combina com a bracelete. Bracelete em silicone sem fivela com um efeito de toque suave para fechar. Resistente à água.', 'Wristwatch. Material: Anodized stainless steel dial that matches the strap. Silicone strap without buckle with a soft close touch effect. Waterproof.', 4, 0, 0, 20, 15, 5, 100, 28, 0),
(438, 5, 'Aight Pink&Blue', 'Aight Pink&Blue', 49.9, 34.93, 1, 'CI0406-0000000005', '28x5x2cm', 'Relógio de Pulso. Material:  Mostrador em aço inoxidável anodizado que combina com a bracelete. Bracelete em silicone sem fivela com um efeito de toque suave para fechar. Resistente à água.', 'Wristwatch. Material: Anodized stainless steel dial that matches the strap. Silicone strap without buckle with a soft close touch effect. Waterproof.', 4, 0, 0, 20, 15, 5, 100, 24, 0),
(439, 5, 'Aight Green&Yellow', 'Aight Green&Yellow', 49.9, 34.93, 1, 'CI0406-0000000004', '28x5x2cm', 'Relógio de Pulso. Material:  Mostrador em aço inoxidável anodizado que combina com a bracelete. Bracelete em silicone sem fivela com um efeito de toque suave para fechar. Resistente à água.', 'Wristwatch. Material: Anodized stainless steel dial that matches the strap. Silicone strap without buckle with a soft close touch effect. Waterproof.', 4, 0, 0, 20, 15, 5, 100, 26, 0),
(440, 5, 'Aight Blue&White', 'Aight Blue&White', 49.9, 34.93, 1, 'CI0406-0000000003', '28x5x2cm', 'Relógio de Pulso. Material:  Mostrador em aço inoxidável anodizado que combina com a bracelete. Bracelete em silicone sem fivela com um efeito de toque suave para fechar. Resistente à água.', 'Wristwatch. Material: Anodized stainless steel dial that matches the strap. Silicone strap without buckle with a soft close touch effect. Waterproof.', 5, 0, 0, 20, 15, 5, 100, 27, 0),
(441, 5, 'Aight White&Grey', 'Aight White&Grey', 49.9, 34.93, 1, 'CI0406-000000006', '28x5x2cm', 'Relógio de Pulso. Material:  Mostrador em aço inoxidável anodizado que combina com a bracelete. Bracelete em silicone sem fivela com um efeito de toque suave para fechar. Resistente à água.', 'Wristwatch. Material: Anodized stainless steel dial that matches the strap. Silicone strap without buckle with a soft close touch effect. Waterproof.', 2, 0, 0, 20, 15, 5, 100, 25, 0),
(442, 11, 'Vela Fresh cotton', 'Fresh Cotton Candle', 13, 10.4, 0, 'CI1402-0000000014', '7,5x7,5x8cm', 'Vela decorativa com cheiro a algodão fresco num frasco de vidro com tampa preta.', 'Decorative candle with fresh cotton smell,  in a glass jar with a black lid.', 0, 0, 0, 8, 8, 8, 500, 63, 0),
(443, 11, 'Vela woody amber', 'Woody Amber Candle', 13, 10.4, 0, 'CI1402-0000000015', '7,5x7,5x8cm', 'Vela decorativa com cheiro amadeirado num frasco de vidro com tampa preta.', 'Decorative candle with fresh cotton smell,  in a glass jar with a black lid.', 0, 0, 0, 8, 8, 8, 500, 62, 0),
(445, 5, 'Goldfish', 'Goldfish', 200, 160, 0, 'CI0406-0000000011', '10x65x65cm', 'Relógio de Parede. Material: Mostrador e peixes em resina, na cor branco. Pilhas não incluídas.', 'Wall clock. Material: MDF dial painted in white, with 9 wood Fish painted in white.', 2, 0, 0, 10, 65, 65, 200, 15, 1),
(446, 5, 'Migrant C', 'Migrant C', 164, 131.2, 0, 'CI0406-00000000012', '10x55x54cm', 'Relógio de Parede. Material: Mostrador e Pássaros em resina, na cor branco. Pilhas não incluídas.', 'Wall clock. Material: MDF dial painted in white, with 7 wood Birds painted in white.', 0, 0, 0, 55, 10, 54, 200, 16, 0),
(447, 5, 'Migrant O', 'Migrant O', 174, 121.8, 0, 'CI0406-0000000013', '10x65x65cm', 'Relógio de Parede. Material: Mostrador e Pássaros em resina pintados a branco. Pilhas não incluídas.', 'Wall clock. Material: MDF dial painted in white, with 12 wood Birds painted in white.', 0, 0, 0, 65, 10, 65, 200, 17, 1),
(448, 5, 'Cuckoo Cinza', 'Cuckoo Grey', 174, 0, 0, 'CI0406-00000000010', '10x12,5x22cm', 'Relógio de Parede. Material: Casa em MDF pintado a cinza claro com 2 Pássaros em madeira pintados a cinza claro.', 'Wall clock. Material: MDF dial painted in light grey, with 2 wood Birds painted in light grey.', 0, 0, 0, 10, 14, 22, 200, 20, 0),
(449, 5, 'Swallow', 'Swallow', 174, 139.2, 0, 'CI0406-00000000014', '10x65x65cm', 'Relógio de Parede. Material: Mostrador e Pássaros em resina, na cor branco. Pilhas não incluídas.', 'Wall clock. Material: MDF dial painted in white, with 12 wood Birds painted in white.', 0, 0, 0, 10, 65, 65, 200, 18, 0),
(450, 5, 'Espelho Sparrow', 'Sparrow Mirror', 135, 108, 0, 'CI0406-0000000049', '10x29x42,5cm', 'Espelho Parede. Material:  MDF pintado a branco com 2 Pássaros em resina, na cor branco.', 'Wall Mirror. Material: MDF painted in white, with 2 wood Birds painted in white.', 2, 0, 0, 29, 10, 43, 500, 8, 1),
(451, 9, 'Garrafa Mensagem Gr.', 'Message Bottle Big', 7.5, 4.5, 1, 'CI0501-0000000037', 'Ø10xH27cm', 'Garrafa Mensagem. Material: Garrafa em vidro transparente com uma folha em branco enrolada com um laço branco, para poder personalizar a sua mensagem. Estrela ou Árvore em chapa pintada na cor cobre.', 'Message Bottle. Material: Transparent glass bottle with a rolled white sheet and a white ribbon, for you to personalize your message. Metal Sheet Star or Tree painted in copper color.', 0, 0, 0, 10, 10, 27, 200, 99, 0),
(452, 3, 'Abajur Mushroom', 'Mushroom Lampshade', 25, 17.5, 0, 'CI0305-0000000023', 'Ø25xH15cm', 'Abajur para Candeeiro de Mesa. Material: Tecido Cinza e branco. Exterior/Interior: Padrão/Tela Branca.', 'Table Lampshade. Material: Grey and White Fabric. Exterior/Interior: Pattern/White Screen.', 2, 1, 0, 25, 25, 15, 200, 35, 1),
(453, 3, 'Abajur Mushroom', 'Mushroom Lampshade', 42, 29.4, 1, 'CI0305-0000000022', 'Ø40xH22cm', 'Abajur para Candeeiro de Mesa. Material: Tecido Cinza e branco. Exterior/Interior: Padrão/Tela Branca.', 'Table Lampshade. Material: Grey and White Fabric. Exterior/Interior: Pattern/White Screen.', 1, 1, 0, 40, 40, 22, 300, 41, 0),
(455, 1, 'Verde Zig Zag', 'Verde Zig Zag', 30, 15, 0, 'CI0202-0000000116', '45x45cm', 'Almofada em Algodão e Poliéster, com caixa e fecho. Enchimento incluído. Frente/Verso: LIso/Liso com caixa em padrão. Recomenda-se lavagem a 30º.', 'Cotton and Polyester Cushion, with box and zipper. Filling included. Front/Back: Plain/Plain with box in pattern. It is recommended to wash at 30º.', 0, 1, 0, 45, 45, 15, 300, 107, 0),
(456, 5, 'Quadro Leopardo', 'Leopard Print', 365, 219, 0, 'CI0412-0000000044', '90x90x3,5cm', 'Quadro Decorativo. Material: Moldura em alumínio preto e vidro frontal com cartolina e imagem de um Leopardo a preto e branco.', 'Decorative Print. Material: Black aluminum frame and front glass with card and a black and white Leopard image.', 0, 1, 0, 90, 90, 3.5, 1000, 35, 1),
(457, 5, 'Quadro Zebra', 'Zebra', 98, 68.6, 1, 'CI0412-0000000043', '40x50x2,5cm', 'Quadro Decorativo. Material: Moldura em alumínio preto e vidro frontal com cartolina e imagem de uma Zebra a preto e branco.', 'Decorative Print. Material: Black aluminum frame and front glass with card and a black and white Zebra image.', 0, 0, 0, 40, 50, 2.5, 500, 36, 0),
(458, 4, 'Garrafa Vermelha', 'Red Bottle', 62, 37.2, 0, 'CI0401-0000000074', 'Ø18xH33cm', 'Garrafa decorativa. Material: Vidro colorido em vermelho com tampa em vidro laranja.', 'Decorative bottle. Material: Red colored glass with an orange glass lid.', 0, 0, 0, 18, 18, 33, 400, 147, 0),
(459, 4, 'Garrafa Azul', 'Blue Bottle', 62, 37.2, 0, 'CI0401-0000000073', '2x Ø13xH44cm', 'Garrafa decorativa. Material: Vidro colorido azul com tampa em vidro amarela.', 'Decorative bottle. Material: Blue colored glass with an yellow glass lid.', 0, 1, 0, 13, 13, 44, 300, 150, 0),
(460, 4, 'Garrafa Lilás', 'Lilac Bottle', 62, 43.4, 0, 'CI0401-0000000075', 'Ø13xH44cm', 'Garrafa decorativa. Material: Vidro colorido lilás com tampa azul.', 'Decorative bottle. Material: Lilac colored glass with a blue glass lid.', 1, 1, 0, 13, 13, 44, 300, 148, 1),
(461, 4, 'Garrafa Verde', 'Green Bottle', 62, 37.2, 0, 'CI0401-0000000076', 'Ø18xH33cm', 'Garrafa decorativa. Material: Vidro colorido verde com tampa vermelha.', 'Decorative bottle. Material: Green colored glass with a red glass lid.', 0, 1, 0, 18, 18, 33, 300, 149, 0),
(462, 1, 'Veludo Laranja', 'Orange Velvet', 37, 18.5, 1, 'CI0202-0000000126', '45x45cm', 'Almofada em Veludo, com vivo e fecho. Frente/Verso: Liso/Liso Enchimento incluído. Recomenda-se limpeza a seco.', 'Velvet Cushion, with piping and zipper. Front/Back: Plain/Plain. Filling included. Dry Clean recommended.', 2, 1, 0, 0, 0, 0, 0, 101, 0),
(463, 1, 'Kaiko Laranja', 'Orange Kaiko', 48, 24, 1, 'CI0202-0000000127', '55x40cm', 'Almofada em Algodão e Linho, com caixa em cetim cinza. Enchimento incluído. Frente/Verso: Padrão/Padrão. Recomenda-se lavagem a 30º.', 'Cotton and Linen Cushion, with box in satin grey. Filling included. Front/Back: Pattern/Pattern. It is recommended to wash at 30º.', 1, 1, 0, 0, 0, 0, 0, 105, 0),
(464, 1, 'Kaiko Laranja', 'Orange Kaiko', 38.7, 27.09, 1, 'CI0202-0000000128', '45x45cm', 'Almofada em Algodão e Linho, com pesponto e fecho. Enchimento incluído. Frente/Verso: Padrão/Padrão. Recomenda-se lavagem a 30º.', 'Cotton and Linen Cushion, with topstitching and zipper. Filling included. Front/Back: Pattern/Pattern. It is recommended to wash at 30º.', 0, 1, 0, 0, 0, 0, 0, 37, 0),
(465, 1, 'Kaiko Cinza', 'Grey Kaiko', 55, 27.5, 0, 'CI0202-0000000129', '65x50cm', 'Almofada em Algodão e Linho, com vivo em veludo e fecho. Enchimento incluído. Frente/Verso: Padrão/Padrão. Recomenda-se lavagem a 30º.', 'Cotton and Linen Cushion, with piping in velvet and zipper. Filling included. Front/Back: Pattern/Pattern. It is recommended to wash at 30º.', 0, 1, 0, 0, 0, 0, 0, 78, 1),
(466, 1, 'Amazink', 'Amazink', 54, 27, 0, 'CI0202-0000000130', '45x50cm', 'Almofada em Veludo, com vivo e fecho. Frente/Verso: Padrão/Padrão Enchimento incluído. Recomenda-se limpeza a seco.', 'Velvet Cushion, with piping and zipper. Front/Back: Pattern/Pattern. Filling included. Dry cleaning recommended.', 0, 1, 0, 0, 0, 0, 0, 103, 0),
(467, 1, 'Lorcan Coral', 'Coral Lorcan', 53.3, 37.31, 0, 'CI0202-0000000131', '55x45cm', 'Almofada em Algodão e Linho, com pesponto e fecho. Enchimento incluído. Frente/Verso: Padrão/Padrão. Recomenda-se lavagem a 30º.', 'Cotton and Linen Cushion, with topstitching and zipper. Filling included. Front/Back: Pattern/Pattern. It is recommended to wash at 30º.', 4, 1, 0, 60, 60, 50, 300, 51, 1),
(468, 1, 'Sefina Vermelho', 'Red Sefina', 55.3, 38.71, 0, 'CI0202-0000000132', '50x40cm', 'Almofada em Algodão e Linho, com caixa em veludo e fecho. Enchimento incluído. Frente/Verso: Padrão/Padrão. Recomenda-se lavagem a 30º', 'Cotton and Linen Cushion, with box in velvet and zipper. Filling included. Front/Back: Pattern/Pattern. It is recommended to wash at 30º.', 0, 1, 0, 0, 0, 0, 0, 104, 0),
(469, 1, 'Sefina Vermelho', 'Red Sefina', 47, 23.5, 1, 'CI0202-0000000133', '50x35cm', 'Almofada em Algodão e Linho, com vivo em veludo e fecho. Enchimento incluído. Frente/Verso: Padrão/Padrão. Recomenda-se lavagem a 30º', 'Cotton and Linen Cushion, with velvet piping and zipper. Filling included. Front/Back: Pattern/Pattern. It is recommended to wash at 30º.', 2, 1, 0, 0, 0, 0, 0, 77, 0),
(470, 1, 'Veludo Verde', 'Green Velvet', 38, 19, 0, 'CI0202-0000000134', '55x40cm', 'Almofada em Veludo, com pesponto e fecho. Frente/Verso: Liso/Liso Enchimento incluído. Recomenda-se limpeza a seco.', 'Velvet Cushion, with topstitching and zipper. Front/Back: Plain/Plain. Filling included. Dry cleaning recommended.', 0, 1, 0, 60, 60, 50, 300, 52, 1),
(471, 1, 'Rubi', 'Rubi', 30, 24, 0, 'CI0202-0000000274', '45x45cm', 'Almofada em Algodão e Poliéster, com pesponto e fecho. Enchimento incluído. Frente/Verso: Liso/Liso. Recomenda-se lavagem a frio.', 'Cotton and Polyester Cushion, with topstitching and zipper. Filling included. Front/Back: Plain/Plain. Dry cleaning recommended.', 8, 1, 0, 45, 45, 10, 100, 34, 1),
(472, 1, 'Veludo Cinza', 'Grey Velvet', 23, 11.5, 1, 'CI0202-0000000136', '40x50cm', 'Almofada em Veludo, com vivo e fecho. Frente/Verso: Liso/Liso Enchimento incluído. Recomenda-se limpeza a seco.', 'Velvet Cushion, with piping and zipper. Front/Back: Plain/Plain. Filling included. Dry cleaning recommended.', 2, 1, 0, 0, 0, 0, 0, 106, 0),
(474, 1, 'Creme', 'Cream', 30.5, 21.35, 0, 'CI0202-0000000137', '45x45cm', 'Almofada em Veludo, com caixa e fecho. Frente/Verso: Liso/Liso Enchimento incluído. Recomenda-se limpeza a seco.', 'Velvet Cushion, with box and zipper. Filling included. Front/Back: Plain/Plain. Dry cleaning recommended.', 0, 1, 0, 50, 50, 50, 250, 29, 0),
(475, 1, 'Scoria', 'Scoria', 33, 0, 1, 'CI0202-0000000123', '60x45cm', 'Almofada em Algodão e Poliéster, com pesponto e fecho. Enchimento incluído. Frente/Verso: Liso/Liso. Recomenda-se lavagem a frio.', 'Cotton and Polyester Cushion, with topstitching and zipper. Filling included. Front/Back: Plain/Plain. Dry cleaning recommended.', 0, 1, 0, 0, 0, 0, 0, 102, 0),
(476, 1, 'Sefina Laranja', 'Orange Sefina', 47, 23.5, 1, 'CI0202-0000000145', '45x45cm', 'Almofada em Algodão e Linho, com vivo em veludo e fecho. Enchimento incluído. Frente/Verso: Padrão/Padrão. Recomenda-se lavagem a 30º', 'Cotton and Linen Cushion, with piping and zipper. Filling included. Front/Back: Pattern/Pattern. It is recommended to wash at 30º.', 2, 1, 0, 0, 0, 0, 0, 100, 0),
(478, 8, 'Ovelha', 'Sheep', 11.3, 7.91, 0, 'Ci0410-0000000019', '12x12cm', 'Ovelha decorativa branca em algodão e porcelana.', 'Decorative white sheep in cotton and porcelain.', 2, 0, 0, 12, 12, 12, 200, 22, 1),
(480, 1, 'Veludo Branco', 'White Velvet', 33, 16.5, 1, 'CI0202-0000000146', '40x40cm', 'Almofada em Veludo, com caixa e fecho. Frente/Verso: Liso/Liso Enchimento incluído. Recomenda-se limpeza a seco.', 'Velvet Cushion, with box and zipper. Front/Back: Plain/Plain. Filling included. Dry cleaning recommended.', 2, 1, 0, 40, 40, 15, 300, 98, 0);
INSERT INTO `produto` (`id`, `id_produto_cat`, `produto_pt`, `produto_en`, `preco`, `desconto`, `saldo`, `referencia`, `dimensoes`, `descricao_pt`, `descricao_en`, `quantidade`, `produzir`, `orcamento`, `comprimento`, `largura`, `altura`, `peso`, `ordem`, `online`) VALUES
(482, 1, 'Veludo azul', 'Blue Velvet', 27, 13.5, 1, 'CI0202-0000000148', '50x40cm', 'Almofada em Veludo, com pesponto e fecho. Frente/Verso: Liso/Liso Enchimento incluído. Recomenda-se limpeza a seco.', 'Velvet Cushion, with topstitching and zipper. Front/Back: Plain/Plain. Filling included. Dry cleaning recommended.', 1, 1, 0, 50, 40, 15, 300, 99, 0),
(483, 3, 'candeeiro dourado bell', 'Golden bell lamp', 105, 63, 0, 'CI0301-0000000044', 'L22xC22xH57cm', 'Candeeiro de Mesa. Material: Aço com acabamento em dourado. Acessórios eléctricos: Suporte da lâmpada de luz E27, max 40W, inclui cabo preto 200cm e interruptor manual.', 'Table lamp. Material: Steel with gold finish. Electrical accessories: E27 light bulb holder, max 40W, includes 200cm black cable and manual switch.', 2, 0, 0, 25, 25, 57, 1200, 15, 1),
(484, 3, 'Candeeiro de pé Rattan', 'Rattan Lamp', 255, 153, 0, 'Ci0302-000000010', 'Ø50xH140cm', 'Candeeiro de Pé. Material: Ferro pintado a preto. Acessórios eléctricos: Suporte da lâmpada de luz E27, max 40W, inclui cabo branco e preto 300cm e interruptor manual. inclui abajur em rattan.', 'Floor lamp. Material: Black painted iron. Electrical accessories: E27 light bulb holder, max 40W, includes black and white cable 300cm and manual switch. includes rattan lamp.', 1, 0, 0, 0, 0, 0, 0, 16, 1),
(485, 3, 'candeeiro de mesa preto legs', 'Legs black lamp', 60, 42, 0, 'CI0301-0000000045', 'L25xC25xH57cm', 'Candeeiro de Mesa. Material: Ferro pintado a preto. Acessórios eléctricos: Suporte da lâmpada de luz E27, max 40W, inclui cabo e interruptor manual.', 'Table lamp. Material: Black painted iron. Electrical accessories: E27 light bulb holder, max 40W, includes cable and manual switch.', 4, 0, 0, 25, 25, 57, 500, 17, 1),
(487, 6, 'tamborete toupeira', 'Mole', 148, 103.6, 0, 'Ci0407-0000000012', 'Ø33,5xH44cm', 'Tamborete. Material: Cerâmica na cor topeira com acabamento brilho.', 'Mole stool with gloss finish.', 2, 0, 0, 35, 35, 45, 8000, 19, 1),
(488, 3, 'Candeeiro de mesa dourado/branco', '', 156, 109.19, 0, 'Ci0301-0000000042 + Ci0305-0000000025', 'Ø30x56cm', 'Candeeiro de Mesa. Material: Cerâmica na cor branco e dourado. Acessórios eléctricos: Suporte da lâmpada de luz E27, max 40W, inclui cabo dourado 100cm e interruptor manual. Abajur incluido.', '', 0, 0, 0, 30, 30, 56, 1000, 2, 0),
(489, 1, 'Acacia Flores', '', 35.5, 24.85, 0, 'Ci0202-0000000150', '45x45cm', 'Almofada em viscose e linho, com pesponto e fecho. Enchimento incluído. Frente/Verso: Padrão/Padrão. Lavagem a seco.', '', 0, 1, 0, 45, 45, 15, 300, 97, 0),
(490, 1, 'Black Dots', 'Black dots', 98.3, 68.81, 0, 'Ci0201-0000000152', '60x38cm', 'Almofada em Algodão e Linho, com pesponto e fecho. Enchimento incluído. Frente/Verso: Padrão/Padrão. Recomenda-se lavagem a 30º.', 'Cotton and Linen Cushion with zip. Filler included. Front / Back: Pattern / Pattern. Washing at 30º is recommended.', 0, 1, 0, 60, 38, 15, 300, 93, 0),
(491, 3, 'Candeeiro de mesa círculo', 'Circle lamp', 45, 27, 0, 'CI0301-0000000046', '24x10x34cm', 'Candeeiro de Mesa. Material: Ferro pintado a preto e branco, base em mármore com pormenor dourado. Acessórios eléctricos: Suporte da lâmpada de luz E27, max 40W, inclui cabo preto 140cm e interruptor manual.', 'Table lamp. Material: Black and white painted iron, marble base with golden detail. Electrical accessories: E27 light bulb holder, max 40W, includes black cable 140cm and manual switch.', 2, 1, 0, 24, 10, 34, 800, 14, 1),
(492, 6, 'Cadeira em tecido e perna preta, capa em latão', 'Blue Chair', 310, 217, 0, 'CI0101-0000000032', 'L530xP530xH840mm', 'Cadeira estofada a tecido azul, pernas lacadas a preto e capas em latão.', 'Blue fabric chair, Black lacquered legs with golden detail', 6, 1, 0, 0, 0, 0, 0, 11, 1),
(493, 6, 'Cadeirão veludo laranja com pousa pés', 'Orange Armchair', 950, 665, 0, 'CI0101-0000000020', 'Cadeirão L770xP780xH76mm; Pousa pés L600xP480xH420mm', 'Cadeirão com pousa pés estofados a veludo laranja e com pernas em madeira.', 'Armchair with velvet orange fabric and wooden legs', 0, 1, 0, 0, 0, 0, 0, 12, 1),
(495, 3, 'Abajur Floral', 'Floral Lampshade', 62, 0, 0, 'Ci0305-0000000032', '40x40x35cm', 'Abajur para Candeeiro de Mesa ou Pé. Material: Tecido. Interior: Tela branca.', 'Lampshade. Material: Floral fabric. Interior: Plain/White', 0, 1, 0, 0, 0, 0, 0, 36, 0),
(496, 3, 'Base de Candeeiro Mesa Ananas Preto', 'Pinapple Table Lamp Base', 165, 115.5, 0, 'Ci0301-0000000044', 'Ø25X50cm', 'Base de Candeeiro de Mesa. Material: Cerâmica na cor preto mate e dourado. Acessórios eléctricos: Suporte da lâmpada de luz E27, max 40W, inclui cabo 100cm e interruptor manual. Não inclui abajur.', 'Table Lamp Base. Material: Black painted ceramic with golden detail. Electrical Accessories: E27 light bulb holder, 40W max. Includes a 100cm cable and a manual switch. Lampshade not included.', 0, 0, 0, 0, 0, 0, 0, 10, 0),
(497, 3, 'Suspensão Amarela, Gaiola (Interruptor)', 'Yellow Metal lamp', 35, 24.5, 0, 'Ci0303-0000000009', '13x13x17cm', 'Candeeiro de suspensão. Material: Metal na cor amarelo. Acessórios eléctricos: Suporte da lâmpada de luz E27, max 60W, inclui cabo preto de 140cm e interruptor manual.', 'Metal lamp in chartreuse. Incl. ± 1,4 meter cable and ceiling cap. E27, max 60W.', 2, 0, 0, 0, 0, 0, 0, 11, 1),
(498, 3, 'Suspensão Cobre, Gaiola (Interruptor)', 'Copper lamp', 65, 45.5, 0, 'Ci0303-0000000007', '32 x 32 x 15cm', 'Candeeiro de suspensão. Material: Metal cobre. Acessórios eléctricos: Suporte da lâmpada de luz E27, max 60W, inclui cabo preto de 140cm e interruptor manual.', 'Copper lamp. Incl. ± 1,4 meter cable and ceiling cap. E27, max 60W.', 0, 0, 0, 0, 0, 0, 0, 12, 0),
(499, 3, 'Suspensão Cobre, Gaiola (S/Interruptor)', 'Copper lamp', 65, 45.5, 0, 'Ci0303-0000000008', '32 x 32 x 15cm', 'Candeeiro de suspensão. Material: Metal cobre. Acessórios eléctricos: Suporte da lâmpada de luz E27, max 60W, inclui cabo preto de 140cm sem interruptor.', 'Copper lamp. Incl. ± 1,4 meter cable and ceiling cap. E27, max 60W.', 2, 0, 0, 0, 0, 0, 0, 13, 1),
(500, 6, 'MESA CENTRO L', 'Coffee table L', 205, 123, 0, 'CI0107-0000000046', '60 x 35 cm', 'Mesa de centro com perna em estrutura de ferro pintado e tampo em folheado de carvalho.', 'Coffe Table. Iron legs structure painted black and top in varnished oak.', 1, 0, 0, 0, 0, 0, 0, 13, 1),
(501, 6, 'MESA CENTRO M', 'Coffee table M', 171, 102.6, 0, 'Ci', '50 x 40 cm', 'Mesa de centro com perna em estrutura de ferro pintado e tampo em folheado de carvalho.', 'Coffe Table. Iron legs structure painted black and top in varnished oak.', 1, 0, 0, 0, 0, 0, 0, 14, 1),
(503, 6, 'MESA CENTRO S', 'Coffee table S', 140, 84, 0, 'CI0121-0000000048', '40 x 45 cm', 'Mesa de centro com perna em estrutura de ferro pintado e tampo em folheado de carvalho.', 'Coffee Table. Iron legs structure painted black and top in varnished oak.', 0, 0, 0, 0, 0, 0, 0, 15, 0),
(509, 9, 'Rena felpuda Gr.', '', 47.5, 33.25, 1, 'Ci0501-0000000108', 'Ø23x42cm', 'Rena com base esférica em cerâmica', '', 1, 1, 0, 0, 0, 0, 0, 84, 0),
(510, 9, 'Rena felpuda Pq.', '', 30, 21, 1, 'Ci0501-0000000107', 'Ø18x35cm', 'Rena com base esférica em cerâmica', '', 1, 1, 0, 0, 0, 0, 0, 83, 0),
(511, 6, 'Tamborete Pablo', 'Pablo stool', 134.15, 107.32, 0, 'Ci0407-0000000015', '36x43cm', 'Tamborete estilo nórdico em cerâmico', 'Nordic inspiration stool in ceramic', 1, 0, 0, 40, 40, 45, 2500, 16, 1),
(512, 4, 'Lanterna chapa peq.', 'LANTERN S', 47.9, 23.95, 0, 'Ci0402-0000000023', '20x38cm', 'Lanterna em chapa em tons terra', 'Sheet metal lantern with earth tones', 3, 1, 0, 20, 20, 38, 200, 119, 1),
(513, 4, 'Lanterna chapa gr.', 'LANTERN L', 70.5, 35.25, 0, 'Ci0402-0000000024', '20x42cm', 'Lanterna em chapa em tons terra', 'Sheet metal lantern with earth tones', 4, 1, 0, 26, 26, 42, 500, 120, 1),
(514, 4, 'Porta velas em arame dourado', 'Golden candle holder', 21, 14.7, 0, 'Ci-0402-0000000007', '10x11.5cm', 'Porta velas em latão\r\nA peça não inclui a vela', 'Brass candle holder \r\nDoesn´t include candle', 1, 1, 0, 12, 12, 11, 500, 122, 1),
(515, 4, 'Bandeja dourada', 'GOLDEN TRAY', 36.6, 25.62, 0, 'Ci0411-0000000023', '26,5x19,5x1cm', 'Bandeja retangular em bronze', 'Rectangular Bronze Tray', 1, 1, 0, 27, 20, 1.5, 250, 123, 1),
(516, 4, 'Bandeja dourada', 'Golden tray L', 32.4, 22.68, 0, 'Ci0411-0000000024', '35x11x1cm', 'Bandeja retangular em bronze', 'Rectangular Bronze Tray', 1, 0, 0, 36, 12, 1.5, 250, 124, 1),
(517, 4, 'Livro nature', 'Nature book', 19.8, 15.84, 1, 'Ci 0409-0000000003', '17x25x5cm', 'Livro caixa de arrumação', 'Storage box book', 0, 1, 0, 26, 18, 6, 200, 121, 0),
(518, 4, 'Taça mão', 'Hand', 75, 52.5, 0, 'Ci0403-0000000013', '15x15x10cm', 'Taça com o formato de mão em mármore', 'Marble hand-shaped bowl', 0, 1, 0, 0, 0, 0, 0, 129, 0),
(519, 4, 'Livro Earth', 'Earth Book', 19.8, 15.84, 1, 'Ci 0409-0000000003', '17x25x5cm', 'Livro caixa de arrumação', 'Storage box book', 1, 1, 0, 26, 18, 6, 200, 131, 0),
(520, 4, 'Campânula', 'CAMPANULA', 12, 8.4, 0, 'Ci0411-0000000025', '20x16cm', 'Campânula em vidro', 'Glass', 3, 1, 0, 20, 20, 15, 300, 132, 1),
(521, 5, 'Quadro abstrato', '', 65, 45.5, 0, 'Ci0412-0000000058', '50x70cm', 'Quadro com moldura em pinho', '', 2, 0, 0, 5, 52, 72, 300, 2, 1),
(522, 5, 'Quadro com ilustração gráfica', '', 65, 45.5, 0, 'Ci0412-0000000059', '50x70cm', 'Quadro com moldura em pinho', '', 3, 0, 0, 5, 72, 72, 300, 34, 1),
(523, 4, 'Livro Inka', 'Inka book', 14, 9.8, 0, 'Ci0411-0000000037', '16x7x22cm', 'Livro caixa de arrumação', 'Storage box book', 1, 1, 0, 8, 17, 23, 200, 133, 1),
(525, 10, 'Projecto de Decoração de Interiores', 'Interior design project', 80, 0, 0, 'CI0999', '1m2', 'Projecto de decoração de espaços interiores.', 'Interior design project', 0, 1, 0, 0, 0, 0, 0, 0, 0),
(526, 3, 'Candeeiro Note', 'Lamp Note', 250, 0, 1, 'Ci0301-0000000051', 'Diâm. 28x52 cm', 'Candeeiro de mesa, com base dourada e difusor em vidro. Lâmpada não incluída.', 'Table lamp, with golden base and glass shade. Light bulb not included.', 0, 0, 0, 39, 39, 63, 2000, 7, 0),
(527, 4, 'Groove Preta', 'Groove Preta', 21, 14.7, 0, 'Ci0401-0000000080', '15x22cm', 'Jarra cerâmica preta, mate, com textura.', 'Black ceramic vase, matt finish, textured.', 2, 0, 0, 20, 20, 25, 300, 118, 1),
(528, 1, 'Spice', 'Spice', 70, 0, 0, 'Ci0202-0000000161', '45x45cm', 'Almofada em Linho, com fecho. Enchimento incluído. Frente/Verso: Padrão/Padrão. Lavagem a seco.', 'Cushion in Linen with zipper. Filling included. Front/Back: Pattern/Pattern. Dry cleaning recommended.', 0, 1, 0, 45, 15, 45, 200, 92, 1),
(529, 1, 'Birds', 'Birds', 80, 0, 0, 'Ci0202-xxx', '65x45cm', 'Almofada em linho e veludo, com fecho. Enchimento incluido. Frente/Verso: Padrão/Liso. Lavagem a seco.', 'Linen and velvet cushion, with zipper. Filling included. Front/Back: Pattern/Plain. Dry cleaning recommended.', 0, 1, 0, 65, 20, 45, 300, 94, 1),
(530, 4, 'Tealight Cracklé', 'Tealight Cracklé', 4.15, 0, 0, 'Ci0501-0000000111', 'Diâm. 9 x 6cm', 'Tealight em vidro cracklé, prateado.', 'Tealight in crackle glass, silver.', 2, 0, 0, 10, 10, 7, 100, 136, 0),
(531, 4, 'Malik Bordeaux', 'Malik Bordeaux', 37, 25.9, 0, 'Ci0401-000000087', '18x28', 'Jarra em metal bordeaux, texturada.', 'Metallic vase in Bordeaux, textured.', 4, 0, 0, 20, 20, 30, 200, 137, 1),
(532, 4, 'Folha', 'Leaf', 28, 19.6, 0, 'Ci0411-0000000022', '19x25', 'Folha dourada decorativa em metal, com base em madeira preta.', 'Golden decorative leaf in metal, with wooden black base.', 0, 0, 0, 20, 15, 25, 300, 138, 0),
(533, 4, 'Jarra Eng.', 'Jar Eng', 20, 14, 0, 'Ci0401-000000083', '10x26 cm', 'Jarra cerâmica rústica em tons terra.', 'Ceramic rustic vase on earth tons.', 2, 0, 0, 12, 12, 28, 500, 29, 1),
(534, 4, 'Lanterna corda', 'Lantern rope', 55.3, 38.71, 0, 'Ci0402-000000022', '30x35 cm', 'Lanterna em corda, com suporte interior em vidro para vela.', 'Rope lantern with interior glass candle holder.', 0, 0, 0, 35, 35, 40, 300, 127, 1),
(535, 4, 'Lanterna corda', 'Rope lantern', 55.3, 38.71, 0, 'Ci0402-000000021', '27x37 cm', 'Lanterna em corda, com suporte interior em vidro para vela.', 'Rope lantern, with interior glass candle holder.', 0, 0, 0, 30, 30, 40, 300, 128, 1),
(536, 6, 'Banqueta xadrez', 'Plaid Stool', 186.5, 130.55, 0, 'Ci0113-0000000014', '40x40x40 cm', 'Banqueta cilíndrica em tecido xadrez, com base de madeira cor nogueira.', 'Plaid pattern stool, with base in wooden walnut.', 1, 1, 0, 40, 40, 40, 2000, 6, 1),
(537, 6, 'Picasso', 'Picasso', 190, 133, 0, 'Ci0407-0000000016', 'Diam. 43 x h 43 cm', 'Tamborete cerâmico. Com função de banco ou mesa de apoio.', 'Cerâmica stool. Use it as as side table or as a stool.', 1, 0, 0, 35, 35, 45, 2000, 5, 1),
(538, 3, 'Abajur Camel', 'Camel lampshade', 25, 17.5, 0, 'Ci0305-0000000015', 'Diam. 25 x h 16 cm', 'Abajur. Material: Tecido alinhado. Exterior/Interior: Liso/Incolor', 'Lampshade. Material: Lined fabric. Exterior/Interior: Plain/Colorless', 2, 0, 0, 27, 27, 20, 150, 8, 1),
(539, 6, 'Nórdico Rosa', 'Nordic Pink', 440, 308, 0, 'Ci0101-0000000036', 'Aprox. 71x60x71 cm', 'Cadeirão nórdico em madeira maciça, com dois coxins (assento e costas) em tecido aveludado na cor rosa velho.\r\nNota: É possível produzir noutras cores e tecidos, sob consulta.', 'Nordic chair in solid wood, with two cushions (seat and back) in velvety fabric in the old pink color.\r\nNote: It is possible to produce in other colors and fabrics, on request.', 0, 1, 0, 75, 60, 75, 10000, 8, 1),
(540, 6, 'Nórdico', 'Nordic', 485, 378, 1, 'Ci0101-0000000035', 'Aprox. 71x60x71 cm', 'Cadeirão nórdico em madeira maciça, com dois coxins (assento e costas) em tecido aveludado na cor cinza.\r\nNota: É possível produzir noutras cores e tecidos, sob consulta.', 'Nordic chair in solid wood, with two cushions (seat and back) in velvety fabric in grey color.\r\n\r\nNote: It is possible to produce in other colors and fabrics, on request.', 1, 1, 0, 75, 60, 75, 10000, 9, 0),
(541, 6, 'Metallic', 'Metallic', 400, 280, 0, 'Ci0301-0000000033', '55x55x85', 'Cadeira em metal dourado, com capas amovíveis em veludo verde.', 'Chair in gold metal with removable green velvet covers.', 2, 0, 0, 60, 60, 90, 5000, 10, 1),
(542, 4, 'Curve', 'Curve', 90, 54, 1, 'Ci0401-000000070', '25x50 cm', 'Jarra cerâmica branca com forma irregular e acabamento mate.', 'White ceramic jar with irregular shape and matt finish.', 0, 0, 0, 25, 25, 50, 2000, 139, 0),
(543, 4, 'Organic Gold', 'Organic Gold', 51.4, 35.98, 1, 'Ci0401-0000000095', '23x20cm', 'Vaso metálico dourado.', 'Metallic golden vase.', 0, 0, 0, 25, 25, 25, 1000, 130, 0),
(544, 4, 'Garrafa Rústica', 'Rustic bottle', 27.8, 19.46, 0, 'Ci0401-000000091', '13x25 cm', 'Garrafa cerâmica com pega, de estilo rústico, em azul claro.', 'Ceramic bottle with handle, rustic style, in light blue.', 0, 0, 0, 15, 15, 30, 1000, 26, 0),
(545, 4, 'Garrafa Mar', 'Sea bottle', 16, 11.2, 0, 'Ci0401-0000000092', '11x20cm', 'Garrafa cerâmica, estilo rústico, em tons de branco, cinza e azul.', 'Ceramic bottle, rustic style, in shades of white, grey and blue.', 0, 0, 0, 12, 12, 20, 500, 23, 0),
(546, 4, 'Outline', 'Outline', 24, 16.8, 0, 'Ci0401-0000000084', '14x26 cm', 'Jarra cerâmica, de base branca e riscas pretas.', 'Ceramic vase with white base and black stripes.', 1, 0, 0, 15, 15, 26, 1000, 27, 1),
(547, 6, 'Pied-Poule', 'Pied-Poule', 255, 178.5, 0, 'Ci0112-0000000008', '45x45x45', 'Banqueta estofada em tecido padrão pied-poule, com perna em ferro pintado preto, acabamento mate.', 'Upholstered stool in pied-poule pattern fabric, with black painted iron leg, matt finish.', 1, 1, 0, 50, 50, 50, 5000, 7, 1),
(548, 3, 'Club', 'Club', 350, 210, 0, 'Ci0302-0000000012', '35x35x140cm', 'Candeeiro de pé, metálico, preto mate. Difusor orientável, branco no interior.', 'Floor lamp, metallic, matt black. Adjustable diffuser, white inside.', 1, 0, 0, 143, 40, 30, 5000, 9, 1),
(549, 4, 'Etnik Purpura', 'Etnik Purpura', 42, 29.4, 0, 'Ci0401-000000089', '13x14cm', 'Jarra metálica, cor purpura.', 'Metal jug, purple color.', 4, 0, 0, 14, 14, 15, 400, 140, 1),
(550, 4, 'Marv', 'Marv', 62, 31, 0, 'Ci0401-000000082', '23x20cm', 'Jarra cerâmica, com relevos.', 'Ceramic jar with reliefs.', 0, 0, 0, 25, 25, 22, 2000, 141, 0),
(551, 4, 'Caneca rosa', 'Rose Mug', 29.5, 20.65, 0, 'Ci0411-0000000038', '19x24cm', 'Caneca cerâmica, estilo rústico, com pega. Handmade.', 'Ceramic mug, rustic style, with handle. Made by hand.', 1, 0, 0, 20, 20, 25, 2000, 142, 1),
(552, 4, 'Jang', 'Jang', 31, 21.7, 1, 'Ci0401-0000000088', '15x18', 'Vaso metálico preto, com pés.', 'Black metallic vase with feet.', 0, 0, 0, 15, 15, 20, 700, 143, 0),
(553, 4, 'Taça Folha', 'Golden leaf', 12.2, 9.76, 0, 'Ci0403-000000014', '13x16cm', 'Taça em forma de folha, em alumínio, dourada.', 'Leaf-shaped aluminum gilded bowl', 0, 0, 0, 15, 15, 20, 250, 144, 0),
(554, 1, 'Birds', 'Birds', 70, 0, 0, 'Ci0202-xxx', '45x35', 'Almofada em linho e veludo, com fecho. Enchimento incluido. Frente/Verso: Padrão/Liso. Lavagem a seco.', 'Linen and velvet cushion, with zipper. Filling included. Front/Back: Pattern/Plain. Dry cleaning recommended.', 0, 1, 0, 45, 20, 40, 200, 95, 1),
(555, 1, 'Black Stripes', 'Black Stripes', 83, 49.8, 0, 'Ci0202-0000000175', '50x40cm', 'Almofada de tecido acetinado \"Christian Lacroix\", com fecho. Enchimento incluido. Frente/Verso: Padrão/Padrão. Lavagem a seco.', 'Cushion in sita fabrica, with zipper. Filling included.. Front/Back: Pattern/Pattern. Dry cleaning recommended.', 0, 1, 0, 55, 20, 45, 300, 81, 0),
(556, 1, 'Spring', 'Spring', 30, 0, 0, 'Ci0202-0000000174', '50x50cm', 'Almofada em padrão floral, tecido 100% algodão, com fecho. Enchimento incluido. Frente/Verso: Padrão/Padrão. Recomenda-se lavagem a frio.', 'Cushion in floral pattern, 100% cotton fabric, with zipper. Filling included. Front / Back: Pattern / Pattern. Cold wash is recommended.', 0, 1, 0, 55, 20, 55, 300, 96, 0),
(557, 4, 'Bubbles', 'Bobbles', 65, 45.5, 0, 'Ci0401-000000085', '24x35,5 cm', 'Jarra cerâmica, cor cinza.', 'Ceramic vase, in grey color.', 3, 0, 0, 30, 30, 40, 3000, 145, 1),
(558, 4, 'Rose Blush', 'Rose Blush', 24.5, 0, 0, 'Ci0401-0000000090', 'Diâm. 20 x h30 cm', 'Jarra cerâmica estilo rústico, cor de rosa, com acabamento mate. Feita à mão.', 'Ceramic jar, rustic style, pink color, with matte finish. Handmade.', 0, 0, 0, 25, 25, 35, 700, 146, 0),
(559, 4, 'Ruka Mocha', 'Ruka Mocha', 15, 10.5, 0, 'Ci0401-0000000081', '11x17 cm', 'Jarra cerâmica rústica em tons terra.', 'Ceramic rustic vase on earth tons.', 2, 0, 0, 11, 11, 17, 300, 28, 1),
(560, 8, 'Butterfly', 'Ci0405-0000000001', 10, 6, 1, 'Ci0405-0000000001', '30x10x15 cm', 'Suporte para livros, composto por duas peças em madeira pintada. Decoração borboleta, em tons de branco, rosa e amarelo.', 'Bookends, consisting of two pieces of painted wood. Butterfly decoration in shades of white, pink and yellow.', 0, 0, 0, 30, 10, 15.5, 200, 17, 0),
(561, 8, 'Funny Owl', 'Funny Owl', 12.75, 8.93, 1, 'Ci0405-0000000002', '25x10x13 cm', 'Suporte para livros, composto por duas peças em madeira pintada. Decoração mocho, em tons de azul, rosa e castanho.', 'Bookends, consisting of two pieces of painted wood. Owl decoration, in shades of blue, pink and brown.', 1, 0, 0, 25, 10, 13, 300, 18, 0),
(562, 8, 'Pink Heart', 'Pink heart', 2.75, 1.65, 0, 'Ci0405-0000000020', '13x15cm', 'Placa de pendurar em madeira pintada, com a descrição \"Baby´s Room\". Letras em cor de rosa.', 'Wooden hanging plate with the description \"Baby\'s Room\". Letters in pink.', 4, 0, 0, 13, 5, 15, 150, 19, 1),
(563, 8, 'Blue heart', 'Blue heart', 2.75, 1.65, 0, 'Ci0405-0000000019', '13x15cm', 'Placa de pendurar em madeira pintada, com a descrição \"Baby´s Room\". Letras em azul.', 'Wooden hanging plate with the description \"Baby\'s Room\". Letters in pink.', 5, 0, 0, 13, 5, 15, 150, 20, 1),
(564, 1, 'Tribal', 'Tribal', 195, 117, 0, 'Ci0204-0000000083', '120x180cm', 'Tapete em juta e seda, com padrão tribal colorido.', 'Jute and silk rug with colorful tribal pattern.', 1, 0, 0, 65, 40, 40, 6000, 21, 1),
(566, 8, 'Manta coral', '', 46.5, 32.55, 1, 'Ci0203-0000000020', '130x170cm', 'Manta em algodão.', '', 1, 0, 0, 35, 25, 35, 300, 30, 0),
(567, 6, 'Tamborete Vidro', 'Glass Stool', 207.5, 166, 0, 'Ci0407-0000000017', 'Diâm.38xH45 cm', 'Tamborete em vidro incolor.', 'Colorless glass stool.', 1, 0, 0, 40, 40, 45, 3000, 3, 1),
(568, 4, 'Smoked', 'Smoked', 14.2, 9.94, 0, 'Ci0401-0000000097', '13,5x13,5x10,5cm', 'Vaso em vidro fumado', 'smoked brown glass vase', 4, 1, 0, 15, 15, 15, 100, 106, 1),
(569, 4, 'Round M', 'white round clay vase M', 43.8, 30.66, 0, 'Ci0401-0000000096', '15x15x30,5 cm', 'Jarra branca em barro, feita à mão.', 'white clay vase, handmade', 1, 0, 0, 35, 17, 17, 3200, 36, 1),
(570, 4, 'Zig Zag', 'White vase Zig Zag', 43.8, 30.66, 0, 'Ci0401-0000000101', '13,5x13,5x29,5 cm', 'Jarra branca em barro, feita à mão.', 'Handmade white clay jar.', 1, 0, 0, 15, 15, 32, 2300, 37, 1),
(571, 4, 'Straight M', 'Straight white vase M', 43.8, 30.66, 0, 'Ci0401-0000000098', '13x13x32cm', 'Jarra branca em barro, feita à mão.', 'Handmade white clay jar.', 1, 1, 0, 15, 15, 35, 2000, 112, 1),
(572, 4, 'Potbellied', 'Potbellied', 41.6, 29.12, 0, 'Ci0401-0000000102', '17,5x17,5x26 cm', 'Jarra branca em barro, feita à mão.', 'Handmade white clay jar.', 0, 1, 0, 20, 20, 30, 1200, 107, 0),
(573, 4, 'Blue Face', 'Blue face jar', 49.5, 34.65, 0, 'Ci0401-0000000104', '15x15x30 cm', 'Vaso em cerâmica azul.', 'Blue ceramic vase', 0, 0, 0, 17, 17, 32, 3100, 110, 0),
(574, 4, 'Rings L', 'Rings L', 48.3, 33.81, 0, 'Ci0401-0000000100', '13,5x13,5x30 cm', 'Jarra em cerâmica, feita à mão numa tradição com 2000 anos, proveniente de Chulucanas (Peru).', 'Ceramic vase, handmade in a 2000 year old tradition, from Chulucanas (Peru).', 4, 1, 0, 15, 15, 35, 3100, 117, 1),
(575, 4, 'Oslo', 'Oslo', 79.5, 55.65, 0, 'Ci0401-0000000106', '31x43cm', 'Jarra em cerâmica branca com acabamento mate.', 'White ceramic vase with matt finish.', 0, 0, 0, 35, 35, 45, 3000, 103, 0),
(576, 4, 'Pattern L', 'Pattern L', 67.5, 54, 1, 'Ci0401-0000000111', '16x16x39cm', 'Jarra cerâmica com padrão geométrico estampado', 'Ceramic vase with patterned geometric motifs', 0, 1, 0, 20, 20, 42, 3000, 114, 0),
(577, 4, 'PATTERN M', 'PATTERN M', 48, 38.4, 1, 'Ci0401-0000000110', '15x15x30 cm', 'Jarra cerâmica com padrão geométrico estampado', 'Ceramic vase with patterned geometric motifs', 0, 0, 0, 17, 17, 32, 1500, 105, 0),
(578, 1, 'Corals', 'Corals', 38, 30.4, 1, 'Ci0202-0000000190', 'aprox. 45x45cm', 'Almofada em Algodão, com vivo e fecho. Enchimento incluído. Frente/Verso: Padrão/Padrão. Recomenda-se lavagem a frio.', 'Cotton cushion with zipper. Filler included. Front / Back: Pattern / Pattern. Cold wash recommended', 0, 1, 0, 47, 47, 10, 1000, 69, 0),
(579, 1, 'Blue sea', 'Blue sea', 36, 25.2, 0, 'Ci0202-0000000187', 'aprox. 45x45cm', 'Almofada em Algodão, com dupla lapela e fecho. Enchimento incluído. Frente/Verso: Liso/Liso. Recomenda-se lavagem a frio.', 'Cotton cushion with double lapel and closure. Filler included. Front / Back: Smooth / Smooth. Cold wash is recommended.', 1, 1, 0, 47, 47, 10, 1000, 67, 1),
(580, 4, 'Standard pot', 'STANDARD POT', 43, 34.4, 1, 'Ci0403-0000000019', '13x13x20,5 cm', 'Pote em cerâmica, com estampagem de motivo geométrico.', 'Ceramic pot with geometric pattern print.', 0, 0, 0, 15, 15, 22, 1500, 116, 0),
(581, 4, 'Shadow L', 'Shadow L', 73, 51.1, 0, 'Ci0401-0000000113', '20x20x42cm', 'Jarra em vidro fosco com tons ambar', 'Frosted glass vase with amber tones', 1, 1, 0, 20, 20, 33, 2000, 108, 1),
(582, 4, 'Shadow M', 'Shadow M', 64, 44.8, 0, 'Ci0401-0000000114', '18x18x31cm', 'Jarra em vidro fosco com tons ambar', 'Frosted glass vase with amber tones', 1, 1, 0, 20, 20, 31, 2000, 111, 1),
(583, 4, 'Rings S', 'Rings S', 43.8, 30.56, 0, 'Ci0401-0000000099', '14x14x15cm', 'Jarra em cerâmica, feita à mão numa tradição com 2000 anos, proveniente de Chulucanas (Peru).', 'Ceramic vase, handmade in a 2000 year old tradition, from Chulucanas (Peru).', 4, 1, 0, 15, 15, 17, 1500, 113, 1),
(584, 4, 'Opal', 'Opal', 130, 91, 1, 'Ci0411-0000000041', '36x56x5cm', 'Tabuleiro em aço inoxidável com vidro preto', 'Stainless steel tray with black glass', 1, 1, 0, 60, 40, 7, 2000, 100, 0),
(585, 4, 'Glassy square', 'GLASSY SQUARE', 110, 77, 1, 'ci0411-0000000040', '40x40x5cm', 'Tabuleiro em metal com espelho', 'Mirror metal tray', 0, 1, 0, 42, 42, 7, 2000, 104, 0),
(586, 6, 'Old pink', 'Old pink', 190, 133, 0, 'Ci0407-0000000018', 'Ø33,5x44cm', 'Tamborete rosa velho com acabamento mate.', 'Old pink stool with matt finish.', 2, 0, 0, 35, 35, 40, 5000, 4, 1),
(587, 4, 'Fusion', 'FUSION', 90, 63, 1, 'Ci0401-0000000112', '25x25x23cm', 'Jarra em vidro em tons de castanho e azul', 'Brown and Blue Glass Vase', 1, 1, 0, 30, 30, 30, 2000, 109, 0),
(588, 4, 'Straight L', 'Straight L', 65.8, 46.06, 1, 'Ci0401-0000000103', '16x16x39,5 cm', 'Jarra branca em barro, feita à mão.', 'Handmade white clay jar.', 0, 0, 0, 18, 18, 42, 3000, 115, 0),
(589, 6, 'Elite L', 'Elite L', 380, 266, 0, 'ci0107-0000000056', '65x65x35cm', 'Mesa de apoio em madeira preta com detalhe de perna em palhinha.', 'Black wood side table with straw leg detail.', 1, 0, 0, 70, 70, 40, 5000, 2, 1),
(590, 6, 'Elite M', 'Elite M', 325, 260, 1, 'ci0107-0000000055', '80x80x30cm', 'Mesa de apoio em madeira preta com detalhe de perna em palhinha.', 'Black wood side table with straw leg detail.', 1, 0, 0, 85, 85, 35, 7000, 1, 0),
(591, 4, 'JARRA GREGA', 'GREEK VASE', 63, 44.1, 0, 'Ci0401-0000000117', '22x14x36 cm', 'Jarra cerâmica branco mate', 'White ceramic vase inspired by Greek style.', 2, 0, 0, 25, 25, 37, 2000, 30, 1),
(592, 4, 'JARRA GREGA', 'GREEK VASE', 69, 48.3, 0, 'CI0401-0000000115', '22,5x22,5x24,5cm', 'Jarra cerâmica branco mate', 'White ceramic vase inspired by Greek style.', 2, 0, 0, 25, 25, 25, 2000, 31, 1),
(593, 4, 'FACE MUSTARD', 'FACE MUSTARD', 32.9, 23.03, 0, 'Ci0411-0000000042', '12,5x1x15 cm', 'Ornamento em barro de pendurar (ou pousar), em formato rosto, cor amarelo mostarda.', 'A matt mustard yellow face wall ornament made of earthenware.', 2, 0, 0, 13, 2, 15, 500, 72, 1),
(594, 4, 'FACE WHITE', 'FACE WHITE', 43.8, 30.66, 0, 'Ci0411-0000000043', '20x1x17 cm', 'Ornamento em barro de pendurar (ou pousar), em formato rosto, branco mate.', 'A matt white face wall ornament made of earthenware', 0, 0, 0, 20, 1, 18, 700, 73, 1),
(595, 4, 'MASK WHITE', 'MASK WHITE', 43.8, 30.66, 0, 'Ci0411-0000000044', '13x1x23,5 cm', 'Ornamento em barro de pendurar (ou pousar), em formato rosto, branco mate.', 'A matt white mask wall ornament made of earthenware', 1, 0, 0, 15, 2, 25, 700, 74, 1),
(596, 4, 'FACE CREME', 'FACE CREME', 40.5, 28.35, 0, 'Ci0411-0000000045', '12,5X1x15,5 cm', 'Ornamento em barro de pendurar (ou pousar), em formato rosto, cor creme meio brilho.', 'A shiny taupe face wall ornament made of earthenware.', 2, 0, 0, 13, 2, 16.5, 500, 75, 1),
(597, 3, 'ABAJUR ROSTO', 'FACE LAMPSHADE', 89, 62.3, 0, 'Ci0305-0000000044', '36x36x42 cm', 'Abajur em linho crú com impressão de rostos em preto. Base de candeeiro não incluída.', 'Lampshade with faces print made of linen. Lamp base not included.', 1, 0, 0, 40, 40, 45, 600, 5, 1),
(598, 3, 'BASE CONE', 'CONE BASE', 209, 146.3, 0, 'Ci0301-0000000057', '18,5x18,5x55 cm', 'Base de candeeiro cerâmica, em formato cone, cor cinza claro com acabamento mate. Abajur não incluido.', 'A cone shaped lamp base in a matt light grey colour. Lamp shade not included', 1, 0, 0, 20, 20, 60, 1500, 6, 1),
(599, 4, 'JARRA VERDE', 'GREEN VASE', 20, 16, 0, 'Ci0401-0000000116', '11x11x17 cm', 'Jarra em vidro verde.', 'A green coloured vase made of glass.', 6, 0, 0, 12, 12, 20, 100, 76, 1),
(600, 5, 'QUADRO TERRA', 'TERRA FRAME', 59.8, 47.84, 0, 'Ci0412-0000000062', '42x50x2 cm', 'Retrato by Tiny Stories. Consiste numa impressão de papel com moldura de metal branco.', 'This beautiful portrait made by Tiny Stories is a paper print in a white metal frame.', 1, 0, 0, 45, 3, 52, 2700, 9, 1),
(601, 1, 'Ocre bird', '', 27.5, 0, 0, 'Ci0202-0000000178', '65x40cm', 'Almofada em Algodão, com barbela lateral e fecho. Enchimento incluído. Frente/Verso: Padrão/Padrão. Recomenda-se lavagem a 30º.', 'Cotton cushion with side barb and zip. Filler included. Front / Back: Pattern / Pattern. Washing at 30º is recommended.', 0, 1, 0, 62, 5, 42, 500, 86, 0),
(602, 1, 'Coral bar', 'Coral bar', 31, 24.8, 1, 'Ci0202-0000000186', '55x40cm', 'Almofada em Algodão, com barbela lateral e fecho. Enchimento incluído. Frente/Verso: Liso/Liso. Recomenda-se lavagem a 30º.', 'Cotton cushion with side barb and zip. Filler included. Front / Back: Smooth / Smooth. Washing at 30º is recommended.', 0, 1, 0, 58, 5, 42, 500, 66, 0),
(603, 1, 'Smooth Coral', 'Smooth Coral', 35, 0, 0, 'Ci0202-0000000185', '45x45 cm', 'Almofada em algodão com fecho. Enchimento incluído. Frente/Verso: Liso/Liso. Lavagem a seco.', 'Cotton cushion with closure. Filler included. Front / Back: Smooth / Smooth. Dry clean.', 0, 1, 0, 45, 5, 45, 500, 60, 0),
(604, 1, 'Spine', 'Spine', 38.5, 26.95, 0, 'Ci0202-0000000179', '58x30cm', 'Almofada em Algodão, com vivo e fecho. Enchimento incluído. Frente/Verso: Padrão/Padrão. Recomenda-se lavagem a frio.', 'Cotton cushion with zipper. Filler included. Front / Back: Pattern / Pattern. Cold wash recommended', 1, 1, 0, 58, 5, 30, 500, 87, 1),
(605, 1, 'Leaf', 'Leaf', 35, 24.5, 1, 'Ci0202-0000000181', '70x33cm', 'Almofada em Algodão, com barbela lateral e fecho. Enchimento incluído. Frente/Verso: Padrão/Padrão. Recomenda-se lavagem a 30º.', 'Cotton cushion with side barb and zip. Filler included. Front / Back: Pattern / Pattern. Washing at 30º is recommended', 0, 1, 0, 70, 5, 33, 500, 83, 0),
(606, 1, 'Green Velvet', 'Green Velvet', 76, 45.6, 0, 'Ci0202-0000000180', '49x49cm', 'Almofada em Veludo e Cetim, com vivo e fecho. Enchimento incluído. Frente/Verso: Padrão/Liso. Recomenda-se lavagem a seco', 'Velvet and Satin Cushion.  Zipper and filler included. Front / Back: Pattern / Plain. Dry cleaning recommended', 0, 1, 0, 50, 5, 50, 500, 3, 1),
(607, 1, 'White velvet', 'White velvet', 76, 45.6, 0, 'Ci0202-0000000180', '49x49cm', 'Almofada em Veludo e Cetim, com vivo e fecho. Enchimento incluído. Frente/Verso: Padrão/Liso. Recomenda-se lavagem a seco', 'Velvet and Satin Cushion.  Zipper and filler included. Front / Back: Pattern / Plain. Dry cleaning recommended', 0, 1, 0, 50, 5, 50, 500, 7, 1),
(608, 1, 'Green bird', 'Green bird', 58.5, 40.95, 1, 'Ci0202-0000000189', '58x38cm', 'Almofada em linho e algodão, com acabamento em pesponto. Fecho e enchimento incluídos. Frente/Verso: Padrão/Padrão. Recomenda-se lavagem a frio, processo suave.', 'Cotton fabric and linen cushion. Zipper and filler included. Front / Back: Pattern / Pattern. Cold wash is recommended.', 0, 1, 0, 60, 5, 40, 500, 76, 0),
(609, 1, 'Green', 'Green', 33.5, 23.45, 0, 'Ci0202-0000000182', '65x40cm', 'Almofada em Algodão, com barbela lateral e fecho. Enchimento incluído. Frente/Verso: Liso/Liso. Recomenda-se lavagem a 30º.', 'Cotton cushion with side bar and zip closure. Filler included. Front / Back: Smooth / Smooth. It is recommended to wash at 30º.', 0, 0, 0, 65, 5, 40, 500, 88, 0),
(610, 1, 'Turquoise flower', 'Turquoise flower', 45, 27, 0, 'Ci0202-0000000183', '30x60', 'Almofada em algodão, com fecho e vivo. Enchimento incluido. Frente/Verso: Padrão/Liso. Recomenda-se lavagem a 30º', 'Cotton cushion with zipper and vivid. Filling included. Front / Back: Standard / Smooth. 30 ° wash recommended', 0, 1, 0, 60, 5, 30, 500, 89, 1),
(611, 1, 'Sweet turquoise', 'Sweet turquoise', 55, 33, 0, 'Ci0202-0000000184', '45x60', 'Almofada em algodão, com fecho e acabamento em vivo floral. Enchimento incluído. Frente/Verso: Liso/Liso. Recomenda-se lavagem a 30º', 'Cotton cushion with zipper and vivid. Filler included. Front / Back: Plain / Plain. Wash at 30º recommended', 0, 1, 0, 65, 10, 35, 500, 90, 1),
(612, 1, 'Turquoise', 'Turquoise', 140, 84, 0, 'Ci0202-0000000044', '80x220 cm', 'Tapa pés em algodão. Frente/Verso: Frente/Verso: Liso/pasta de enchimento. Recomenda-se lavagem a frio.', 'Foot cover blanket in cotton fabric. Front/Back: Plain/filling paste. Cold wash is recommended.', 0, 1, 0, 50, 50, 50, 2500, 91, 1),
(613, 1, 'Virginia', 'Virginia', 55, 38.5, 0, 'Ci0202-0000000201', '40x40cm', 'Almofada em linho e algodão, com acabamento em vivo amarelo. Fecho e enchimento incluídos. Frente/Verso: Padrão/Padrão. Recomenda-se lavagem a frio, processo suave.', 'Linen and Cotton cushion. Zipper and filler included. Front / Back: Pattern / Pattern. Cold wash is recommended.', 1, 1, 0, 47, 5, 47, 500, 22, 1),
(614, 9, 'Anjo branco', '', 32, 22.4, 0, 'Ci0410-0000000022', 'H aprox. 40 cm', 'Anjo branco, em tecido. Modelo disponível: Estrela ou Coração.', '', 2, 0, 0, 12, 12, 40, 150, 90, 1),
(617, 9, 'Anjo peluche grande', '', 29.5, 23.6, 1, 'Ci0410-0000000023', 'H 48cm', 'Figura anjo, em material têxtil, de sentar.', '', 1, 1, 0, 15, 15, 15, 75, 91, 0),
(618, 9, 'Anjo peluche pequeno', '', 20.4, 16.32, 0, 'Ci0410-0000000024', 'H 32cm', 'Figura anjo, em material têxtil, de sentar.', '', 1, 0, 0, 12, 12, 12, 75, 92, 1),
(619, 9, 'Presépio cerâmico', '', 45, 31.5, 0, 'Ci0501-0000000093', '18x18x3 cm', 'Presépio cerâmico composto por 9 figuras, em tons neutros.', '', 2, 0, 0, 20, 5, 20, 500, 86, 1),
(620, 9, 'Árvore branca pequena', '', 30, 21, 1, 'Ci0501-0000000079', 'H 40cm', 'Árvore em casca de pinha, pintada a branco com glitter.', '', 1, 0, 0, 10, 15, 40, 100, 87, 0),
(621, 9, 'Árvore branca grande', '', 45, 31.5, 1, 'Ci0501-0000000080', 'H 47cm', 'Árvore em casca de pinha, pintada a branco com glitter.', '', 1, 0, 0, 20, 10, 47, 150, 88, 0),
(622, 9, 'Santa Claus', 'Santa Claus', 4.4, 2.2, 0, 'Ci0501-0000000027', '26x4x7', 'Pai Natal em madeira', 'Santa Claus in wood', 4, 1, 0, 5, 8, 27, 200, 89, 1),
(623, 11, 'Vela Marble Iconic', 'Marble iconic', 28.5, 19.95, 0, 'Ci1402-0000000021', '200 gr', 'Vela perfumada com a fragrância de  Lys Majestueux.\r\nO tempo de difusão da vela é de +/- 45h.', 'Candle scented with the fragrance of Lys Majestueux.\r\nThe candle\'s diffusion time is +/- 45h.', 1, 1, 0, 8, 8, 11, 200, 36, 1),
(624, 11, 'Vela Iconic dourada', 'Gold Candle iconic', 24.5, 17.15, 0, 'Ci1402-0000000020', '200gr', 'Vela perfumada com a fragrância de  Lys Majestueux.\r\nO tempo de difusão da vela é de +/- 45h.', 'Candle scented with the fragrance of Lys Majestueux.\r\nThe candle\'s diffusion time is +/- 45h.', 4, 1, 0, 8, 8, 11, 200, 38, 1),
(625, 11, 'Difusor Marble iconic', 'Marble Diffuser iconic', 33.5, 23.45, 0, 'Ci1404-0000000005', '100 ml', 'Difusor com fragrância de Lys Majestueux\r\nRecarga de ambientador com 100ml e 9 hastes de vime com 25cm', 'Lys Majestueux fragrance diffuser\r\n100 ml air freshener refill and 9 25 cm wicker stems', 1, 1, 0, 14, 14, 22, 300, 39, 1),
(626, 11, 'Difusor Iconic the blanc', 'Diffuser iconic the blanc', 29.5, 20.65, 0, 'Ci1404-0000000006', '100 ml', 'Difusor com fragrância de Thé blanc royal\r\nRecarga de ambientador com 100ml e 9 hastes de vime com 25cm', 'Thé blac Royal fragrance diffuser\r\n100 ml air freshener refill and 9 25 cm wicker stems', 0, 1, 0, 14, 14, 22, 300, 40, 0),
(627, 11, 'Recarga Difusor thé blanc royal', 'Thé blanc royal Diffuser Refill', 9.7, 0, 1, 'Ci1404-0000000009', '100ml', 'Recarga para difusor com fragrância de thé blanc royal', 'refill for thé blanc royal fragrance diffuser', 5, 1, 0, 5, 5, 10, 150, 48, 1),
(628, 11, 'Recarga Difusor Lys', 'Lys Diffuser Refill', 9.7, 0, 1, 'Ci1404-0000000008', '100 ml', 'Recarga para difusor com fragrância de Lys Majestueux', 'refill for Lys Majestueux fragrance diffuser', 0, 1, 0, 5, 5, 10, 100, 49, 0),
(629, 11, 'Difusor Iconic Ambre', 'Ambre Diffuser Refill', 9.7, 0, 1, 'Ci1404-0000000007', '100 ml', 'Recarga para difusor com fragrância de Ambre Souverain', 'refill for ambre souverain fragrance diffuser', 3, 1, 0, 5, 5, 10, 100, 50, 1),
(630, 11, 'Sticks 25cm', 'Sticks 25cm', 2.8, 0, 1, 'Ci1404-0000000010', '25 cm', '18 sticks de madeira para difusor', '18 wooden sticks for diffuser', 7, 1, 0, 5, 5, 25, 100, 51, 1),
(631, 3, 'Gold', 'Gold', 46, 32.2, 1, 'Ci0305-0000000025', '35x30x30 cm', 'Abajur com tela dourada', 'Golden screen lamp', 1, 1, 0, 45, 40, 40, 300, 1, 0),
(632, 8, 'Troféu macaco', 'MONKEY HEAD TROPHY', 68.5, 0, 0, 'Ci0405-0000000036', 'L35xH35xP27 cm', 'Troféu Cabeça Macaco. Material: Tecido Pelúcia e Algodão. Recomenda-se lavagem a frio.', 'Monkey Head Trophy. Material: Plush Fabric and Cotton. Cold wash is recommended.', 0, 0, 0, 40, 40, 30, 500, 21, 1),
(633, 11, 'Vela cónica Joie de Vivre branco/preto média', 'Candle Conical Vase black&white', 59, 41.3, 0, 'CI1402-0000000028', 'Ø 12 x 12 cm', 'Vela cónica Joie de Vivre branco/preto média com fragrância de algodão.', 'Cotton scented Candle in a black&white Conical Vase.', 1, 0, 0, 15, 15, 15, 1000, 41, 1),
(634, 3, 'Candeeiro de Pé Lilly', 'Lilly', 190, 0, 0, 'CI0302-0000000016', 'h 150 cm', 'Candeeiro de pé com estrutura metálica preto mate e 3 cúpulas de vidro fosco. \r\nE14, Max. 3X15W, lâmpadas não incluídas.', 'Floor lamp, metallic, matt black. Glass domes.\r\nE14, Max. 3X15W, Light source not included', 2, 0, 0, 0, 0, 0, 0, 3, 1),
(635, 4, 'Porta velas Cinza textura', 'T-light Holder Grey', 14.5, 0, 0, 'CI1402-0000000031', 'Ø 6,5 x 8,5', 'Porta velas em vidro cinza texturado.', 'T-light Holder in textured grey glass.', 0, 0, 0, 0, 0, 0, 0, 77, 0),
(636, 4, 'Porta Velas vidro grosso cobre', 'T-light holder copper/orange', 19, 13.3, 0, 'CI1402-0000000022', 'Ø7 x 9cm', 'Porta velas em vidro grosso cobre/laranja.', 'T-light holder in copper/orange glass.', 1, 0, 0, 0, 0, 0, 0, 78, 1),
(637, 4, 'Porta Velas vidro grosso cor pêssego', 'T-light holder peach', 19, 13.3, 0, 'CI1402-0000000022', 'Ø7 x 9cm', 'Porta velas em vidro grosso cor pêssego.', 'T-light holder in peach glass.', 1, 0, 0, 0, 0, 0, 0, 79, 1),
(638, 4, 'Porta Velas vidro grosso cinza', 'T-light holder steelgrey', 19, 13.3, 0, 'CI1402-0000000022', 'Ø7 x 9cm', 'Porta velas em vidro grosso cor cinza.', 'T-light holder in steelgrey glass.', 1, 0, 0, 0, 0, 0, 0, 80, 1),
(639, 4, 'Porta Velas vidro grosso lilás', 'T-light holder lilac', 19, 13.3, 0, 'CI1402-0000000022', 'Ø7 x 9cm', 'Porta velas em vidro grosso lilás.', 'T-light holder in lilac glass.', 1, 0, 0, 0, 0, 0, 0, 81, 1),
(640, 11, 'Vela cónica Joie de Vivre mini', 'Candle Conical Vase mini', 28, 19.6, 0, 'CI1402-0000000027', 'Ø 8 x 10 cm', 'Vela cónica Joie de Vivre ambar com fragrância de algodão.', 'Cotton scented Candle in a ambar Conical Vase.', 6, 0, 0, 0, 0, 0, 0, 42, 1),
(641, 3, 'Candeeiro de mesa dourado/negro', 'Table lamp golden/black', 285, 199.5, 0, 'CI0301-0000000059', '28x28x67cm', 'Candeeiro de mesa com estrutura metálica dourada e preto mate.\r\nInclui lâmpada: Não\r\nTipo de lâmpada: 2 x E27\r\nTipo de energia: 40W máximo', 'Table lamp metal golden/black\r\nIncludes light bulb: No\r\nType of bulb: 2 x E27\r\nPower type: 40W máx', 0, 0, 0, 40, 40, 70, 2000, 4, 0),
(642, 1, 'Black & White', 'Black & White', 39, 27.3, 0, 'CI0202-0000000204', '50x30cm', 'Almofada em tecido com padrão pied poule numa face e padrão geométrico na outra, em preto e branco, com detalhe em cetim. Enchimento incluído. Recomenda-se lavagem a seco.', 'Fabric cushion with pied poule pattern on one side and geometric pattern on the other, in black and white, with satin detail. Dry cleaning is recommended.', 0, 1, 0, 50, 15, 30, 250, 70, 0),
(643, 1, 'Labyrinth', 'Labyrinth', 29, 20.3, 0, 'CI0202-0000000205', '45x45cm', 'Almofada em tecido geométrico preto e branco com vivo em cetim. Enchimento incluído.\r\nRecomenda-se lavagem a frio.', 'Black and white geometric fabric cushion with satin detail. Cold wash is recommended.', 0, 1, 0, 45, 15, 45, 250, 65, 1),
(644, 1, 'Cetim geométrico', 'Geometric satin', 88, 0, 0, 'CI0202-0000000206', '50x50cm', 'Almofada em tecido acetinado com padrão geométrico, e vivo vermelho. Enchimento incluído.\r\nRecomenda-se lavagem a seco.', 'Cushion in satin fabric with geometric pattern and red detail. Dry cleaning is recommended.', 0, 1, 0, 50, 15, 50, 250, 71, 0),
(645, 1, 'Espinhado creme', 'Cream spine', 42, 29.4, 0, 'CI0202-0000000200', '50x50cm', 'Almofada em tecido espinhado com linho, costa em cetim e vivo em veludo. Enchimento incluído.\r\nRecomenda-se lavagem a seco.', 'Cushion in spine fabric with linen, satin back and velvet detail.\r\nDry cleaning is recommended.', 0, 1, 0, 50, 15, 50, 300, 72, 0),
(646, 1, 'Ráfia & Veludo', 'Raphia&velvet', 40, 0, 0, 'CI0202-0000000207', '50x30cm', 'Almofada em tecido texturado aveludado. Enchimento incluído. \r\nRecomenda-se lavagem a seco.', 'Velvet textured fabric cushion. Dry cleaning is recommended.', 0, 1, 0, 50, 15, 30, 250, 73, 0),
(647, 1, 'Pied poule B&W', 'Pied poule B&W', 59, 41.3, 0, 'CI0202-0000000203', '45x45cm', 'Almofada padrão pied poule, preto/branco, com caixa em padrão geométrico. Enchimento incluído. \r\nRecomenda-se lavagem a seco.', 'Pied poule pattern cushion, black / white, with geometric pattern box. Dry cleaning is recommended.', 0, 1, 0, 45, 45, 15, 300, 57, 0),
(648, 1, 'Veludo vermelho', 'Red velvet', 52.5, 0, 0, 'CI0202-0000000209', '50x35cm', 'Almofada em veludo vermelho, com caixa em tecido geométrico. Enchimento incluído.\r\nRecomenda-se lavagem a frio.', 'Red velvet cushion with geometric fabric box. Cold wash is recommended.', 0, 1, 0, 50, 20, 35, 300, 40, 0),
(649, 6, 'Soft beje', 'Soft Beige', 275, 192.99, 0, 'CI0112-0000000007', '45x45x45 cm', 'Banqueta estofada em tecido aveludado beje, com perna em ferro pintado preto, acabamento mate.', 'Beige velvet stool', 1, 1, 0, 45, 45, 45, 5000, 0, 1),
(650, 1, 'Orange', 'Orange', 38.5, 26.95, 0, 'CI0202-0000000199', '60x40 cm', 'Almofada em tecido laranja liso, com vivo colorido e fecho. Enchimento incluido. Frente/Verso: Liso/Liso. Recomenda-se lavagem a frio.', 'Plain orange fabric cushion with colorful detail and zipper. Filling included. Front / Back: Plain / Plain. Cold wash is recommended.', 2, 1, 0, 60, 15, 40, 250, 74, 1),
(651, 4, 'Pote terra', 'Brown pot', 88, 61.6, 0, 'CI0403-0000000016', '', 'Pote em vidro com tampa, terra', 'Brown glass pot', 0, 0, 0, 0, 0, 0, 0, 82, 0),
(652, 4, 'Pote estreito preto', 'black skinny pot', 68, 47.6, 0, 'CI0403-0000000018', '', 'pote em vidro estreito preto, com tampa', 'black skinny glass pot', 3, 0, 0, 0, 0, 0, 0, 83, 1),
(653, 4, 'Pote Kaki', 'Kaki pot', 88, 61.6, 0, 'CI0403-0000000017', '', 'Pote em vidro com tampa, kaki', 'Kaki glass pot', 2, 0, 0, 0, 0, 0, 0, 84, 1),
(654, 4, 'Pote estreito amarelo', 'yellow pot', 68, 47.6, 0, 'CI0403-0000000018', '', 'pote em vidro estreito amarelo, com tampa', 'yellow skinny glass pot', 1, 0, 0, 0, 0, 0, 0, 85, 1),
(655, 11, 'Vela dourada', 'Golden candle', 61.5, 43.05, 0, 'CI1402-0000000029', '', 'Vela aromática em caixa de metal com tampa.', 'Aromatic candle in metal box with lid.', 1, 0, 0, 15, 15, 15, 700, 53, 1),
(656, 11, 'Vela dourada grande', 'Golden candle, big size', 86, 60.2, 0, 'CI1402-0000000030', '', 'Vela aromática em caixa de metal com tampa.', 'Aromatic candle in metal box with lid.', 4, 0, 0, 20, 20, 15, 1000, 54, 1),
(657, 4, 'Mini mescla', 'Mini mixture', 17, 11.9, 0, 'CI0401-0000000121', '', 'Jarra mini em vidro, pintada numa mescla de cores.', 'Mini glass pot, with a mix of colors paint.', 0, 0, 0, 10, 10, 10, 250, 86, 0),
(658, 4, 'Pedestal lanterna', 'Lantern Pedestal', 200, 140, 0, 'CI0121-0000000008', '', 'Pedestal em metal com lanterna em vidro. Vela não incluída.', 'Metal pedestal with glass lantern. Candle not included.', 2, 0, 0, 0, 0, 0, 0, 87, 1),
(659, 11, 'Ébano Grande', 'Ebony large', 89.5, 62.65, 1, 'CI1402-0000000026', 'Ø 15 x 17 cm', 'Vela cilíndrica perfumada, em vidro texturado.', 'Ebony large scented candle. Textured glass.', 0, 0, 0, 20, 20, 18, 4000, 55, 0),
(660, 4, 'Vaso Greengrey Handcut M', 'Greengrey Handcut Vase M', 140, 112, 0, 'Ci0401-0000000122', 'Ø 28 x 32', 'Vaso em vidro verde-acinzentado, com quatro tipos de recortes manuais.', 'Greengrey glass vase with 4 cuttings.', 1, 0, 0, 35, 35, 40, 3000, 88, 1),
(661, 4, 'Vaso Greengrey Handcut L', 'Greengrey Handcut Vase L', 220, 176, 0, 'Ci0401-0000000123', 'Ø 33 x 45,5', 'Vaso grande em vidro verde-acinzentado, com quatro tipos de recortes manuais.', 'Greengrey glass vase with 4 cuttings. Large.', 1, 0, 0, 35, 35, 47, 4000, 89, 1),
(662, 11, 'Ébano média', 'Ebony medium', 68, 47.6, 0, 'CI1402-0000000025', 'Ø 10 x 11 cm', 'Vela cilíndrica perfumada, em vidro texturado.', 'Ebony medium scented candle. Textured glass.', 2, 0, 0, 12, 12, 13, 3000, 56, 1),
(663, 11, 'Ébano pequena', 'Ebony small', 34, 23.8, 0, 'CI1402-0000000024', 'Ø 7,5 x 9 cm', 'Vela cilíndrica perfumada, em vidro texturado.', 'Ebony medium scented candle. Textured glass.', 4, 0, 0, 9, 9, 11, 2000, 57, 1),
(664, 4, 'Bandeja cristal', 'Crystal Tray', 75.8, 53.06, 1, 'CI0411-0000000048', '27x11x5cm', 'Bandeja rectangular metálica brilhante com cristais.', 'metalic tray with crystals.', 0, 0, 0, 30, 15, 7, 750, 90, 0),
(665, 11, 'Vela Cinza L', 'Grey candle L', 118.7, 83.09, 0, 'CI1402-0000000016', '18x25,5 cm', 'Vela perfumada em vaso grande de vidro revestido a papel cinza escuro texturado, com laço de cetim preto.', 'Scented candle in a large glass vase, coated with dark gray textured paper and black satin bow.', 0, 0, 0, 20, 20, 30, 4000, 58, 0),
(666, 11, 'Vela Cinza M', 'Grey candle M', 68.3, 40.98, 0, 'CI1402-0000000019', '11,5x17,5 cm', 'Vela perfumada em vaso médio de vidro revestido a papel cinza escuro texturado, com laço de cetim preto.', 'Scented candle in a medium glass vase, coated with dark gray textured paper and black satin bow.', 1, 0, 0, 15, 15, 20, 2000, 59, 1),
(667, 4, 'Espelho rosa M', 'Pink mirror M', 36.9, 0, 0, 'CI0412-0000000070', 'Ø 30cm', 'Espelho/Tabuleiro redondo rosa, com moldura metálica preto mate.', 'Round pink mirror/tray, with metalic black frame.', 0, 0, 0, 32, 32, 4, 600, 91, 0),
(668, 4, 'Espelho rosa L', 'Pink mirror L', 61.5, 43.05, 0, 'CI0412-0000000071', 'Ø 40cm', 'Espelho/Tabuleiro redondo rosa, com moldura metálica preto mate.', 'Round pink mirror/tray, with metalic black frame.', 2, 0, 0, 42, 42, 4, 1000, 92, 1),
(669, 4, 'Moldura home 10x15', 'Home Frame 10x15', 39.7, 0, 0, 'CI0412-0000000068', '10x15cm', 'Moldura HOME para fotografia 10x15cm, em níquel, metal cromado e fundo em linho.', 'Photo frame, nickel, mirror-polished, linen mat.', 0, 0, 0, 17.02, 3, 12, 100, 93, 0),
(670, 4, 'Moldura home 13x18', 'Home Frame 13x18', 56.55, 39.58, 0, 'CI0412-0000000069', '13x18cm', 'Moldura HOME para fotografia 13x18cm, em níquel, metal cromado e fundo em linho.', 'Photo frame, nickel, mirror-polished, linen mat.', 2, 0, 0, 20, 3, 15, 150, 94, 1),
(671, 1, 'Dots', 'Dots', 55, 33, 1, 'Ci0202-0000000165', '55x30cm', 'Almofada em tecido padrão pintas pretas, vivo em veludo amarelo e fecho. Enchimento incluido. Frente/Verso: Padrão/Padrão. Recomenda-se lavagem a seco.', 'Black patterned fabric cushion, bright yellow velvet and zipper. Filling included. Front / Back: Pattern / Pattern. Dry cleaning is recommended.', 1, 1, 0, 55, 10, 15, 150, 64, 0),
(672, 5, 'Mr.', 'Mr.', 780, 624, 0, 'Ci0412-0000000076', '113x83cm', 'Quadro de autor, técnica mista', 'Art', 1, 1, 0, 115, 20, 85, 5000, 10, 1),
(673, 5, 'Lady', 'Lady', 780, 624, 0, 'Ci0412-0000000077', '113x83 cm', 'Quadro de autor, técnica mista', 'Art', 1, 1, 0, 115, 20, 85, 5000, 11, 1),
(674, 4, 'Bandeja folha dourada', 'Golden leaves tray', 59.8, 41.86, 1, 'CI0411-0000000049', '31x24x4 cm', 'Bandeja metálica redonda, com pegas e detalhes de folhas douradas.', 'Metal tray with golden leaves detail', 1, 0, 0, 35, 25, 7, 250, 96, 0),
(675, 4, 'Mushroom', 'Mushroom', 91, 63.7, 0, 'CI0411-0000000051', '29x29x23 cm', 'Porta velas em forma de cogumelo, na cor salmão.', 'Salmon mushroom glass candle holder', 1, 0, 0, 30, 30, 25, 700, 97, 1),
(676, 1, 'Leafs', 'Black leafs', 50, 35, 1, 'Ci0202-0000000168', '65x50', 'Almofada em Algodão, com vivo em veludo castanho e fecho. Enchimento incluído. Frente/Verso: Padrão/Padrão. Recomenda-se lavagem a 30º.', 'Cotton cushion with side brown velvet detail and zip. Filler included. Front / Back: Pattern / Pattern. Washing at 30º is recommended', 0, 1, 0, 65, 15, 50, 300, 56, 0),
(677, 4, 'Forest', 'Forest', 34, 23.8, 1, 'CI0411-0000000050', '38x26,5x1,5 cm', 'Base em mármore forest', 'Forest marble plate', 0, 0, 0, 40, 30, 3, 1000, 99, 0),
(678, 1, 'Espinhado creme', 'spine linen', 39, 27.3, 0, 'CI0202-0000000166', '55x35', 'Almofada em tecido espinhado com linho, costa em cetim e vivo em veludo. Frente/Verso: Padrão /Liso Enchimento incluído. Recomenda-se lavagem a seco.', 'Cushion in spine fabric with linen, satin back and velvet detail. Dry cleaning is recommended.', 2, 0, 0, 55, 15, 35, 300, 75, 0),
(679, 11, 'Vela bege M', 'Beige candle M', 68.3, 54.64, 0, 'CI1402-0000000018', '11,5x17,5 cm', 'Vela perfumada em vaso médio de vidro revestido a papel bege texturado, com laço de cetim preto.', 'Scented candle in a medium glass vase, coated with beige textured paper and black satin bow.', 0, 0, 0, 15, 15, 20, 2000, 60, 0),
(680, 11, 'Vela Bege L', 'Beige candle L', 118.7, 71.22, 1, 'CI1402-0000000017', '18x25,5 cm', 'Vela perfumada em vaso grande de vidro revestido a papel bege texturado, com laço de cetim preto.', 'Scented candle in a large glass vase, coated with beige textured paper and black satin bow.', 0, 0, 0, 20, 20, 30, 4000, 61, 0),
(681, 12, 'Aragon', 'MONTEBELLO', 0, 0, 0, 'Ci0206-00000000', '0.52x10m', 'Papel de parede Ralph Lauren com padrão leopardo\r\nLargura: 0.52 m\r\nComprimento: 10 m\r\nRepetição: 0.70 m', 'Leopard pattern wallpaper\r\nWidth: 0. 52 m\r\nLength: 10 m\r\nRepeat: 0.70 m', 0, 1, 0, 80, 10, 10, 2000, 0, 0);
INSERT INTO `produto` (`id`, `id_produto_cat`, `produto_pt`, `produto_en`, `preco`, `desconto`, `saldo`, `referencia`, `dimensoes`, `descricao_pt`, `descricao_en`, `quantidade`, `produzir`, `orcamento`, `comprimento`, `largura`, `altura`, `peso`, `ordem`, `online`) VALUES
(682, 12, 'Barrington plaid black', 'Barrington plaid black', 127, 0, 0, 'Ci0206-00000000', '0.52x10m', 'Papel de parede Ralph Lauren com padrão xadrez\r\n\r\nLargura: 0.52 m\r\nComprimento: 10 m\r\nRepetição: 6.5 cm', 'Checkered Ralph Lauren wallpaper\r\n\r\nWidth: 0.52 m\r\nLength: 10 m\r\nRepeat: 6.5 cm', 0, 1, 0, 60, 10, 10, 2000, 0, 1),
(683, 12, 'Egarton plaid black', 'Egarton plaid black', 118, 0, 0, 'Ci0206-00000000', '0.52x10m', 'Papel de parede Ralph Lauren com padrão xadrez\r\n\r\nLargura: 0.52 m\r\nComprimento: 10 m\r\nRepetição: 10.5 cm', 'Checkered Ralph Lauren wallpaper\r\n\r\nWidth: 0.52 m\r\nLength: 10 m\r\nRepetition: 10.5 cm', 0, 1, 0, 60, 10, 10, 2000, 0, 1),
(684, 12, 'Homeport Novelty jet', 'Homeport Novelty jet', 148, 0, 0, 'Ci0206-00000000', '', 'Papel de parede Ralph Lauren com padrão desenho \r\n\r\nLargura: 0.685 m\r\nComprimento: 10 mts\r\nRepetição: 0.68 m', 'Ralph Lauren wallpaper with pattern design\r\n\r\nWidth: 0.685 m\r\nLength: 10 mts\r\nRepetition: 0.68 m', 0, 1, 0, 70, 10, 10, 2000, 0, 1),
(685, 12, 'Mapleton Stripe', 'Mapleton Stripe', 127, 0, 1, 'Ci0206-00000000', '', 'Papel de parede Ralph Lauren com padrão riscas\r\n\r\nLargura: 0.52 m\r\nComprimento: 10 mts\r\nRepetição: 0 m', 'Ralph Lauren wallpaper with stripe pattern\r\n\r\nWidth: 0.52 m\r\nLength: 10 mts\r\nRepetition: 0 m', 0, 1, 0, 60, 10, 10, 2000, 0, 1),
(686, 12, 'Distinct yellow', 'Distinct', 132.85, 0, 0, 'Ci0206-00000000', '0.686x10.05m', 'Papel de parede Harlequin com padrão riscas\r\n\r\nLargura: 0.686 m\r\nComprimento: 10.05 m\r\nRepetição: 0.343 m', 'Harlequin wallpaper with stripe pattern\r\n\r\nWidth: 0.686 m\r\nLength: 10.05 m\r\nRepetition: 0.343 m', 0, 1, 0, 70, 10, 10, 2000, 0, 1),
(688, 12, 'Kinabalu', 'Kinabalu', 110.7, 0, 0, 'Ci0206-00000000', '0.686x10.05m', 'Papel de parede Harlequin com padrão temático\r\n\r\nLargura: 0.686 m\r\nComprimento: 10.05 m\r\nRepetição: 0.64 m', 'Harlequin themed wallpaper\r\n\r\nWidth: 0.686 m\r\nLength: 10.05 m\r\nRepetition: 0.64 m', 0, 1, 0, 70, 10, 10, 2000, 0, 1),
(689, 12, 'Koi grey', 'Koi grey', 132.85, 0, 0, 'Ci0206-00000000', '0.686x10.05m', 'Papel de parede Harlequin com padrão temático\r\n\r\nLargura: 0.686 m\r\nComprimento: 10.05 m\r\nRepetição: 0.61 m', 'Harlequin themed wallpaper\r\n\r\nWidth: 0.686 m\r\nLength: 10.05 m\r\nRepetition: 0.61 m', 0, 1, 0, 70, 10, 10, 2000, 0, 1),
(690, 12, 'Koi camel', 'koi camel', 132.85, 0, 0, 'Ci0206-00000000', '0.686x10.05m', 'Papel de parede Harlequin com padrão temático\r\n\r\nLargura: 0.686 m\r\nComprimento: 10.05 m\r\nRepetição: 0.61 m', 'Harlequin themed wallpaper\r\n\r\nWidth: 0.686 m\r\nLength: 10.05 m\r\nRepetition: 0.61 m', 0, 1, 0, 70, 10, 10, 2000, 0, 1),
(691, 12, 'Koi red', 'Koi red', 132.85, 0, 0, 'Ci0206-00000000', '0.686x10.05m', 'Papel de parede Harlequin com padrão temático\r\n\r\nLargura: 0.686 m\r\nComprimento: 10.05 m\r\nRepetição: 0.61 m', 'Harlequin themed wallpaper\r\n\r\nWidth: 0.686 m\r\nLength: 10.05 m\r\nRepetition: 0.61 m', 0, 0, 0, 70, 10, 10, 2000, 0, 1),
(692, 12, 'Barrington plaid red', 'Barrington plaid red', 127, 0, 1, 'Ci0206-00000000', '0.52x10m', 'Papel de parede Ralph Lauren com padrão xadrez\r\n\r\nLargura: 0.52 m\r\nComprimento: 10 m\r\nRepetição: 6.5 cm', 'Checkered Ralph Lauren wallpaper\r\n\r\nWidth: 0.52 m\r\nLength: 10 m\r\nRepeat: 6.5 cm', 0, 1, 0, 60, 10, 10, 2000, 0, 1),
(693, 12, 'Egarton plaid grey', 'Egarton plaid grey', 118, 0, 1, 'Ci0206-00000000', '0.52x10m', 'Papel de parede Ralph Lauren com padrão xadrez\r\n\r\nLargura: 0.52 m\r\nComprimento: 10 m\r\nRepetição: 10.5 cm', 'Checkered Ralph Lauren wallpaper\r\n\r\nWidth: 0.52 m\r\nLength: 10 m\r\nRepetition: 10.5 cm', 0, 1, 0, 60, 10, 10, 2000, 0, 1),
(694, 12, 'Egarton plaid blue', 'Egarton plaid blue', 118, 0, 1, 'Ci0206-00000000', '0.52x10m', 'Papel de parede Ralph Lauren com padrão xadrez\r\n\r\nLargura: 0.52 m\r\nComprimento: 10 m\r\nRepetição: 10.5 cm', 'Checkered Ralph Lauren wallpaper\r\n\r\nWidth: 0.52 m\r\nLength: 10 m\r\nRepetition: 10.5 cm', 0, 1, 0, 60, 10, 10, 2000, 0, 1),
(695, 12, 'Distinct grey', 'Distinct grey', 132.85, 0, 0, 'Ci0206-00000000', '0.686x10.05m', 'Papel de parede Harlequin com padrão riscas\r\n\r\nLargura: 0.686 m\r\nComprimento: 10.05 m\r\nRepetição: 0.343 m', 'Harlequin wallpaper with stripe pattern\r\n\r\nWidth: 0.686 m\r\nLength: 10.05 m\r\nRepetition: 0.343 m', 0, 1, 0, 70, 10, 10, 2000, 0, 1),
(696, 12, 'Distinct brown', 'Distinct brown', 132.85, 0, 1, 'Ci0206-00000000', '0.686x10.05m', 'Papel de parede Harlequin com padrão riscas\r\n\r\nLargura: 0.686 m\r\nComprimento: 10.05 m\r\nRepetição: 0.343 m', 'Harlequin wallpaper with stripe pattern\r\n\r\nWidth: 0.686 m\r\nLength: 10.05 m\r\nRepetition: 0.343 m', 0, 1, 0, 70, 10, 10, 2000, 0, 1),
(697, 12, 'Mombasa Navy', 'Mombasa Navy', 140, 0, 1, 'Ci0206-00000000', '0.6858x8.23m', 'Papel de parede Thibaut com padrão geométrico\r\n\r\nLargura: 0.6858 m\r\nComprimento: 8.23 m\r\nRepetição: 0.2126 m', 'Geometric pattern Thibaut wallpaper\r\n\r\nWidth: 0.6858 m\r\nLength: 8.23 ??m\r\nRepetition: 0.2126 m', 0, 1, 0, 70, 10, 10, 2000, 0, 1),
(698, 12, 'Mombasa Off White', 'Mombasa Off White', 140, 0, 1, 'Ci0206-00000000', '0.6858x8.23m', 'Papel de parede Thibaut com padrão geométrico\r\n\r\nLargura: 0.6858 m\r\nComprimento: 8.23 m\r\nRepetição: 0.2126 m', 'Geometric pattern Thibaut wallpaper\r\n\r\nWidth: 0.6858 m\r\nLength: 8.23 m\r\nRepetition: 0.2126 m', 0, 1, 0, 70, 10, 10, 2000, 0, 1),
(699, 12, 'Mombasa Cinnamon', 'Mombasa Cinnamon', 140, 0, 1, 'Ci0206-00000000', '0.6858x8.23m', 'Papel de parede Thibaut com padrão geométrico\r\n\r\nLargura: 0.6858 m\r\nComprimento: 8.23 m\r\nRepetição: 0.2126 m', 'Geometric pattern Thibaut wallpaper\r\n\r\nWidth: 0.6858 m\r\nLength: 8.23 ??m\r\nRepetition: 0.2126 m', 0, 1, 0, 70, 10, 10, 2000, 0, 1),
(700, 12, 'Mombasa State Blue', 'Mombasa State Blue', 140, 0, 1, 'Ci0206-00000000', '0.6858x8.23m', 'Papel de parede Thibaut com padrão geométrico\r\n\r\nLargura: 0.6858 m\r\nComprimento: 8.23 m\r\nRepetição: 0.2126 m', 'Geometric pattern Thibaut wallpaper\r\n\r\nWidth: 0.6858 m\r\nLength: 8.23 m\r\nRepetition: 0.2126 m', 0, 1, 0, 70, 10, 10, 2000, 0, 1),
(701, 12, 'Mombasa  Flax', 'Mombasa  Flax', 140, 0, 0, 'Ci0206-00000000', '0.6858x8.23m', 'Papel de parede Thibaut com padrão geométrico\r\n\r\nLargura: 0.6858 m\r\nComprimento: 8.23 m\r\nRepetição: 0.2126 m', 'Geometric pattern Thibaut wallpaper\r\n\r\nWidth: 0.6858 m\r\nLength: 8.23 m\r\nRepetition: 0.2126 m', 0, 1, 0, 70, 10, 10, 2000, 0, 1),
(702, 12, 'Palm botanical navy', 'Palm botanical navy', 150.55, 0, 0, 'Ci0206-00000000', '0.6858x8.23m', 'Papel de parede Thibaut com padrão temático\r\n\r\nLargura: 0.6858 m\r\nComprimento: 8.23 m\r\nRepetição: 0.9144 m', 'Thibaut themed wallpaper\r\n\r\nWidth: 0.6858 m\r\nLength: 8.23 m\r\nRepetition: 0.9144 m', 0, 1, 0, 70, 10, 10, 2000, 0, 1),
(703, 12, 'Palm botanical black', 'Palm botanical black', 150.55, 0, 0, 'Ci0206-00000000', '0.6858x8.23m', 'Papel de parede Thibaut com padrão temático\r\n\r\nLargura: 0.6858 m\r\nComprimento: 8.23 m\r\nRepetição: 0.9144 m', 'Thibaut themed wallpaper\r\n\r\nWidth: 0.6858 m\r\nLength: 8.23 m\r\nRepetition: 0.9144 m', 0, 1, 0, 70, 10, 10, 10, 0, 1),
(704, 12, 'Palm botanical Emerald Green', 'Palm botanical Emerald Green', 150.55, 0, 1, 'Ci0206-00000000', '0.6858x8.23m', 'Papel de parede Thibaut com padrão temático\r\n\r\nLargura: 0.6858 m\r\nComprimento: 8.23 m\r\nRepetição: 0.9144 m', 'Thibaut themed wallpaper\r\n\r\nWidth: 0.6858 m\r\nLength: 8.23 m\r\nRepetition: 0.9144 m', 0, 1, 0, 70, 10, 10, 10, 0, 1),
(705, 12, 'Palm botanical Spa Blue', 'Palm botanical Spa Blue', 150.55, 0, 0, 'Ci0206-00000000', '0.6858x8.23m', 'Papel de parede Thibaut com padrão temático Largura: 0.6858 m Comprimento: 8.23 m Repetição: 0.9144 m', 'Thibaut themed wallpaper\r\n\r\nWidth: 0.6858 m\r\nLength: 8.23 m\r\nRepetition: 0.9144 m', 0, 1, 0, 70, 10, 10, 2000, 0, 1),
(706, 12, 'Palm botanical Coral', 'Palm botanical Coral', 150.55, 0, 0, 'Ci0206-00000000', '0.6858x8.23m', 'Papel de parede Thibaut com padrão temático\r\n\r\nLargura: 0.6858 m\r\nComprimento: 8.23 m\r\nRepetição: 0.9144 m', 'Thibaut themed wallpaper\r\n\r\nWidth: 0.6858 m\r\nLength: 8.23 m\r\nRepetition: 0.9144 m', 0, 1, 0, 70, 10, 10, 2000, 0, 1),
(707, 12, 'Rain Water Navy', 'Rain Water Navy', 124, 0, 0, 'Ci0206-00000000', '0.6858x8.23m', 'Papel de parede Thibaut com padrão temático\r\n\r\nLargura: 0.6858 m\r\nComprimento: 8.23 m\r\nRepetição: 0.5207 m', 'Thibaut themed wallpaper\r\n\r\nWidth: 0.6858 m\r\nLength: 8.23 m\r\nRepetition: 0.5207 m', 0, 1, 0, 70, 10, 10, 10, 0, 1),
(708, 12, 'Rain Water Red', 'Rain Water Red', 124, 0, 1, 'Ci0206-00000000', '0.6858x8.23m', 'Papel de parede Thibaut com padrão temático\r\n\r\nLargura: 0.6858 m\r\nComprimento: 8.23 m\r\nRepetição: 0.5207 m', 'Thibaut themed wallpaper\r\n\r\nWidth: 0.6858 m\r\nLength: 8.23 m\r\nRepetition: 0.5207 m', 0, 1, 0, 70, 10, 10, 10, 0, 1),
(709, 12, 'Rain Water grey', 'Rain Water grey', 124, 0, 0, 'Ci0206-00000000', '0.6858x8.23m', 'Papel de parede Thibaut com padrão temático\r\n\r\nLargura: 0.6858 m\r\nComprimento: 8.23 m\r\nRepetição: 0.5207 m', 'Thibaut themed wallpaper\r\n\r\nWidth: 0.6858 m\r\nLength: 8.23 m\r\nRepetition: 0.5207 m', 0, 1, 0, 70, 10, 10, 2000, 0, 1),
(710, 12, 'Rain Water black', 'Rain Water black', 124, 0, 0, 'Ci0206-00000000', '0.6858x8.23m', 'Papel de parede Thibaut com padrão temático\r\n\r\nLargura: 0.6858 m\r\nComprimento: 8.23 m\r\nRepetição: 0.5207 m', 'Papel de parede Thibaut com padrão temático\r\n\r\nLargura: 0.6858 m\r\nComprimento: 8.23 m\r\nRepetição: 0.5207 m', 0, 1, 0, 70, 10, 10, 2000, 0, 1),
(711, 12, 'Rain Water Spa Blue', 'Rain Water Spa Blue', 124, 0, 0, 'Ci0206-00000000', '0.6858x8.23m', 'Papel de parede Thibaut com padrão temático\r\n\r\nLargura: 0.6858 m\r\nComprimento: 8.23 m\r\nRepetição: 0.5207 m', 'Thibaut themed wallpaper\r\n\r\nWidth: 0.6858 m\r\nLength: 8.23 m\r\nRepetition: 0.5207 m', 0, 1, 0, 70, 10, 10, 2000, 0, 1),
(712, 12, 'Rain Water Emerald green', 'Rain Water Emerald green', 124, 0, 0, 'Ci0206-00000000', '0.6858x8.23m', 'Papel de parede Thibaut com padrão temático\r\n\r\nLargura: 0.6858 m\r\nComprimento: 8.23 m\r\nRepetição: 0.5207 m', 'Thibaut themed wallpaper\r\n\r\nWidth: 0.6858 m\r\nLength: 8.23 m\r\nRepetition: 0.5207 m', 0, 1, 0, 70, 10, 10, 2000, 0, 1),
(713, 12, 'Beige Jungle', 'Beige Jungle', 66.5, 0, 0, 'Ci0206-00000000', '0.53x10m', 'Papel de parede com padrão tematico\r\nComprimento: 10 m Repetição: 64 cm', 'Thematic pattern wallpaper\r\nLength: 10 m Repeatability: 64 cm', 0, 1, 0, 60, 10, 10, 2000, 0, 1),
(714, 12, 'Yellow Jungle', 'Yellow Jungle', 66.5, 0, 0, 'Ci0206-00000000', '0.53x10m', 'Papel de parede com padrão tematico \r\nComprimento: 10 m Repetição: 64 cm', 'Pattern themed wallpaper\r\nLength: 10 m Repeatability: 64 cm', 0, 1, 0, 60, 10, 10, 2000, 0, 1),
(715, 12, 'Blue forest', 'Blue forest', 209.1, 0, 0, 'Ci0206-00000000', '1.06x15.6m', 'Papel de parede com padrão tematico \r\nComprimento: 15.6 m Repetição: 64 cm', 'Thematic pattern wallpaper\r\nLength: 15.6 m Repeatability: 64 cm', 0, 1, 0, 110, 15, 15, 2500, 0, 1),
(716, 12, 'Black forest', 'Black forest', 209.1, 0, 0, 'Ci0206-00000000', '1.06x15.6m', 'Papel de parede com padrão tematico \r\nComprimento: 15.6 m Repetição: 64 cm', 'Thematic pattern wallpaper\r\nLength: 15.6 m Repeatability: 64 cm', 0, 1, 0, 110, 10, 10, 2500, 0, 1),
(717, 12, 'Blue Feathers', 'Blue Feathers', 209.1, 0, 0, 'Ci0206-00000000', '1.06x15.6m', 'Papel de parede com padrão tematico \r\nComprimento: 15.6 m Repetição: 53 cm', 'Thematic pattern wallpaper\r\nLength: 15.6 m Repeatability: 53 cm', 0, 1, 0, 110, 10, 10, 2500, 0, 1),
(718, 12, 'Green Feathers', 'Green Feathers', 209.1, 0, 0, 'Ci0206-00000000', '1.06x15.6m', 'Papel de parede com padrão tematico \r\nComprimento: 15.6 m Repetição: 53 cm', 'Thematic pattern wallpaper\r\nLength: 15.6 m Repeatability: 53 cm', 0, 1, 0, 110, 10, 10, 2500, 0, 1),
(719, 12, 'Beige Feathers', 'Beige Feathers', 209.1, 0, 0, 'Ci0206-00000000', '0.52x10.05m', 'Papel de parede com padrão tematico \r\nComprimento: 15.6 m Repetição: 53 cm', 'Thematic pattern wallpaper\r\nLength: 15.6 m Repeatability: 53 cm', 0, 1, 0, 110, 10, 10, 2500, 0, 1),
(720, 12, 'White Feathers', 'White Feathers', 209.1, 0, 0, 'Ci0206-00000000', '1.06x15.6m', 'Papel de parede com padrão tematico Comprimento: 15.6 m Repetição: 53 cm', 'Thematic pattern wallpaper\r\nLength: 15.6 m Repeatability: 53 cm', 0, 1, 0, 110, 10, 10, 2500, 0, 1),
(721, 3, 'Charcoal', 'Charcoal', 130, 91, 0, 'Ci0301-0000000056', '25 x 37 cm', 'Base de candeeiro de mesa em \"stoneware\", na cor castanho.', 'Stoneware lamp base', 1, 0, 0, 35, 35, 50, 5, 0, 1),
(722, 3, 'Twice', 'Twice', 195, 136.5, 0, 'Ci0304-0000000012', '0.40x0.40x0.70cm', 'Candeeiro em metal dourado, com apliques em vidro cinza fumado e branco mate.\r\nEste produto é feito à mão, o que significa que pode ocorrer uma ligeira variação de cor, tamanho e forma.\r\nA lâmpada não está incluída. \r\nCabo para suspensão de 3m.', 'Golden metal lamp, with smoked and matt glass appliqués.\r\nThis product is made by hand, which means that there may be a slight variation in color, size and shape.\r\nThe lamp is not included.\r\n3m suspension cable.', 1, 1, 0, 45, 45, 75, 2500, 0, 1),
(723, 3, 'Hoshi Gold', 'Hoshi Gold', 319.5, 255.6, 0, 'Ci0301-xxx', '26 x 40 cm', 'Candeeiro de mesa da Faro Barcelona, com estrutura em metal, Led incluido (SMD LED 12W 3000K 930Lm DIMABLE) e regulação de intensidade de luz.', 'Faro Barcelona table lamp, with metal structure, Led included (SMD LED 12W 3000K 930Lm DIMABLE) and dimming.', 1, 1, 0, 30, 30, 45, 1500, 0, 1),
(724, 3, 'Jellyfish', '', 160, 0, 0, 'Ci0301-xxx', '25x42 cm', 'Candeeiro de mesa da Faro Barcelona, em metal preto mate e interior dourado. Led 6W 3000k incluido.', '', 0, 1, 1, 30, 30, 45, 3500, 0, 1),
(725, 1, 'Penas de pavão', 'Peacock feathers', 62, 31, 1, 'Ci0202-0000000073', '60x35cm', 'Almofada em linho com vivo em cetim. Enchimento incluído. Frente/Verso: Padrão/Padrão . Recomenda-se lavagem a seco.', 'Linen cushion with satin piping. Filling included. Front / Back: Standard / Standard. Dry cleaning is recommended.', 2, 1, 0, 60, 40, 40, 500, 61, 0),
(727, 3, 'Abajur Corais', 'Coral Lampshade', 56.5, 39.55, 0, 'Ci0305-0000000040', 'Diam. 0.45 x h 0.25 m', 'Abajur em algodão com padrão tematico.', 'Cotton lamp with thematic pattern.', 1, 1, 0, 50, 50, 30, 500, 0, 1),
(728, 3, 'Abajur tela dourada', 'Golden screen lamp', 61.5, 43.05, 0, 'Ci0305-0000000025', 'Diam.0.40 x h0.25 m', 'Abajur em tecido de algodão com fio dourado. Interior em tela dourada mate.', 'Table lamp in cotton fabric with golden thread. Interior in matte golden fabric.', 1, 1, 0, 50, 50, 30, 500, 0, 1),
(729, 3, 'Abajur perola com mescla dourada', 'Pearl lampshade with golden mix', 45.5, 31.85, 0, 'Ci0305-0000000041', 'Diam. 0.30 x h 0.25m', 'Abajur em tecido pérola com mescla dourada.', 'Pearl fabric lampshade with golden mix.', 2, 1, 0, 30, 30, 30, 500, 0, 1),
(730, 4, 'RD Green', 'RD Green', 20, 14, 0, 'Ci0401-0000000086', 'diam. 14cm x h 12cm', 'Jarra redonda em vidro verde \"frost\".', 'Round vase in green frosted glass.', 1, 0, 0, 20, 20, 20, 750, 64, 1),
(731, 5, 'Jaco', 'Jaco', 62, 31, 0, 'Ci0102-0000000018', '85x30cm', 'Decoração de parede, em algodão e lã, em tons de azul, cru e preto. Suporte dourado.', 'Wall decoration, in cotton and wool, in shades of blue, raw and black. Golden stand.', 0, 1, 0, 0, 0, 0, 0, 12, 0),
(732, 1, 'Rosa Seco', '', 33.5, 16.75, 0, 'Ci0202-0000000164', '45x45 cm', 'Almofada em tecido aveludado, com feitio em caixa do mesmo tecido. 100% Poliester. Frente/Verso: Liso / Liso. Enchimento incluido. Recomenda-se lavagem a frio.', '', 0, 1, 0, 45, 45, 12, 450, 63, 1),
(733, 13, 'Prótea Pêssego', 'Peach Protea', 14.5, 11.6, 0, 'Ci0404-0000000048', 'H-50cm', 'Haste de prótea, em tons pêssego com várias folhas.', 'Peach-colored protea stem, with several leaves.', 3, 0, 0, 10, 10, 50, 50, 19, 1),
(734, 13, 'Dália Pérola', 'Pearl Dahlia', 5.5, 0, 0, 'Ci0404-0000000107', 'H - 55cm', 'Haste Dália cor pérola, sem folhas.', 'Pearl dahlia stem, without leaves.', 0, 0, 0, 15, 15, 55, 20, 20, 0),
(735, 13, 'Monstera', 'Monstera', 5.2, 0, 0, 'Ci0404-0000000090', 'H - 75cm', 'Haste de Monstera vulgo \"Costela de Adão\". Largura da folha, 30cm.', 'Monstera steam', 0, 0, 0, 30, 4, 75, 20, 21, 0),
(736, 13, 'Monstera Grande', 'big Monstera', 35, 28, 0, 'Ci0404-0000000099', 'H - 112cm', 'Haste de Monstera vulgo \"Costela de Adão\". Largura da folha, 40cm.', 'Monstera stem called \"Costela de Adão\". Leaf width, 40cm.', 4, 0, 0, 120, 5, 120, 50, 22, 1),
(737, 13, 'Orquídea Branca', 'White Orchid', 17, 0, 1, 'Ci0404-0000000079', 'H-100cm', 'Haste Orquídea, cor branca.', 'White Orchid Steam', 2, 0, 0, 15, 15, 90, 60, 24, 1),
(738, 13, 'Peonia Fuchsia', 'Pink Peony', 8, 0, 1, 'Ci0404-0000000112', 'H - 70cm', 'Haste peónia cor rosa fuchsia com folhas.', 'Pink peony stem with leaves.', 3, 0, 0, 12, 12, 70, 30, 26, 1),
(739, 13, 'Peonia Rosa Claro', 'Pink peony', 8, 0, 1, 'Ci0404-0000000111', 'H - 70cm', 'Haste peónia cor rosa claro, com folhas', 'Pink peony steam with leaves', 3, 0, 0, 15, 15, 70, 30, 27, 1),
(740, 13, 'Hydrangea Rosa', 'Pink Hydrangea', 11, 0, 1, 'Ci0404-0000000113', 'H - 70cm', 'Haste Hydrangea cor rosa escuro, com folhas.', 'Dark pink hydrangea steam with leaves', 0, 0, 0, 15, 15, 70, 30, 28, 0),
(741, 11, 'Vela Iconic Prateada', 'Silvered Candle', 24.5, 17.15, 0, 'Ci1402-0000000032', '200gr.', 'Vela perfumada com a fragrância de Thé White Royal. O tempo de difusão da vela é de +/- 45h.', 'Candle scented with the fragrance of Thé White Royal.\r\nThe candle\'s diffusion time is +/- 45h.', 1, 1, 0, 7.5, 7.5, 11, 200, 37, 1),
(742, 11, 'Difusor Ambre Souverain', 'Diffuser Ambre Souverain', 33.5, 23.45, 0, 'Ci1404-0000000011', '100ml', 'Difusor com fragrância de Ambre Sauverain. Recarga de ambientador com 100ml e 9 hastes de vime com 25cm', 'Ambre Sauverain fragrance diffuser\r\n100 ml air freshener, refill and 9 25 cm wicker stems', 4, 0, 0, 14, 14, 22, 300, 35, 1),
(743, 13, 'Hydrangea branca', 'White hydrangea', 6, 0, 0, 'Ci0404-0000000026', 'H - 48cm', 'Haste hydrangea côr branca, com folhas.', 'White hydrangea steam with leaves.', 6, 0, 0, 10, 10, 55, 20, 29, 1),
(744, 13, 'Molho tulipas', 'Tulips', 24, 19.2, 0, 'Ci0404-0000000122', 'H - 45cm', 'Molho de tulipas com 7 hastes, em tons de rosa, com folhas.', 'Bunch of tulips with 7 stems, in shades of pink, with leaves.', 0, 0, 0, 15, 15, 50, 100, 30, 0),
(745, 13, 'Bouquet Ranunculus', 'Ranunculus', 11.8, 9.44, 0, 'Ci0404-0000000105', 'H - 25cm', 'Bouquet de flores Ranúnculos, cor de rosa, com folhas.', 'Bouquet of Ranunculus flowers, pink, with leaves.', 2, 0, 0, 20, 20, 20, 100, 31, 1),
(746, 3, 'Baseball', 'Baseball', 86, 60.2, 0, 'Ci0303-0000000006', 'Difusor (H-23cmxD-21cm) |Cabo H-135cm', 'Candeeiro suspenso, com difusor tema Baseball, em metal e cabo preto. Casquilho E27, max. 60 W. Lâmpada não incluída.', 'Suspended lamp, with Baseball theme diffuser, in metal and black cable. E27 socket, max. 60 W. Lamp not included.', 2, 0, 0, 30, 30, 30, 300, 0, 1),
(747, 13, 'Hydrangea Verde', 'Green hydrangea', 11, 0, 0, 'Ci0404-0000000030', 'H - 71cm', 'Haste Hydrangea verde, sem folhas.', 'Green Hydrangea stem, without leaves.', 0, 0, 0, 15, 15, 71, 20, 32, 0),
(748, 4, 'Jarra Vidro', 'Glass', 56.5, 39.55, 1, 'Ci0401-000000105', '35x30x30 cm', 'Jarra em vidro, sem gola.', 'Glass vase without collar', 1, 0, 0, 40, 40, 45, 700, 65, 0),
(749, 3, 'Candeeiro Garrafa Vidro', 'Glass bottle lamp', 160, 96, 0, 'Ci0301-0000000034', 'H-50 x P - 25cm', 'Base de candeeiro em vidro incolor. Casquilho E27. Lâmpada não incluída. Abajur não incluído.', 'Colorless glass lamp base. E27 socket. Lamp not included. Shade not included.', 1, 0, 0, 30, 30, 60, 2500, 0, 1),
(750, 13, 'Bouquet Rosas', 'Roses bouquet', 9.3, 0, 1, 'Ci0404-0000000123', 'H - 25 cm', 'Bouquet de rosas em dois tons, com 9 hastes.', 'Two-tone bouquet of roses, with 9 stems.', 1, 0, 0, 15, 15, 15, 15, 33, 1),
(752, 13, 'Pé Verde', 'Green', 8.5, 0, 1, 'Ci0404-0000000088', 'H - 36cm', 'Pé verde, com 3 ramos.', 'Green', 0, 0, 0, 15, 15, 40, 50, 34, 0),
(753, 1, 'Estrelícia', 'Strelicia', 22, 15.4, 0, 'Ci0202-000000219', '45x45 cm', 'FRONHA  de almofada estampada, em tecido 70% viscose e 30% linho, com fecho. Frente/Verso: Padrão/Liso. Recomenda-se lavagem a frio. Enchimento não incluido (sob consulta).', 'Printed pillowcase in 70% viscose and 30% linen fabric, with zipper. Front / Back: Pattern / Plain. Cold wash is recommended. Filling not included (on request).', 5, 1, 0, 15, 15, 7, 50, 47, 1),
(754, 13, 'Hydrangea Salmão', 'Salmon hydrangea', 11, 0, 1, 'Ci0404-0000000114', 'H - 70cm', 'Haste Hydrangea cor salmão, com folhas.', 'Salmon hydrangea stem with leaves', 0, 0, 0, 15, 15, 70, 30, 35, 0),
(755, 13, 'Orquídea Rosa', 'Pink Orchid', 23.5, 0, 1, 'Ci0404-000000081', 'H - 85cm', 'Haste de orquídea cor de rosa.', 'Pink orchid stem.', 0, 0, 0, 15, 10, 75, 100, 36, 0),
(756, 13, 'Hydrangea curta', 'Short hydrangea', 3.4, 0, 1, 'Ci0404-0000000025', 'H - 17cm', 'Haste de hydrangea, curta, indicada para jarras pequenas, cor salmão, sem folhas.', 'Short hydrangea stem, suitable for small jars, salmon color, without leaves.', 3, 0, 0, 10, 10, 10, 20, 37, 1),
(757, 13, 'Hydrangea curta', '', 3.4, 0, 1, 'Ci0404-0000000040', 'H - 15cm', 'Haste de hydrangea, curta, indicada para jarras pequenas, cor branco, sem folhas.', 'Short hydrangea stem, suitable for small jars, white color, without leaves.', 0, 0, 0, 10, 10, 10, 20, 38, 0),
(758, 13, 'Bouquet hydrangeas', 'Hydrangeas bouquet', 10.3, 0, 1, 'Ci0404-0000000108', 'H - 30cm', 'Bouquet de hydrangeas em tons de verde e rosa, com folhas.', 'Bouquet of hydrangeas in shades of green and pink, with leaves.', 1, 0, 0, 15, 15, 25, 70, 39, 1),
(759, 1, 'Chevron', 'Chevron', 20.5, 14.35, 0, 'Ci0202-0000000224', '45x45 cm', 'FRONHA de almofada em tecido texturado, com acabamento em pesponto, com fecho. Frente/Verso: Padrão/Padrão. Recomenda-se lavagem a frio.', 'Pillowcase in textured fabric, with zipper. Front / Back: Pattern / Pattern. Cold wash is recommended.', 0, 1, 0, 15, 15, 5, 30, 58, 1),
(760, 1, 'Bambu', 'Bambu', 24.5, 17.15, 0, 'Ci0202-000000222', '50x35cm', 'Almofada em tecido estampado em tons de castanho e verde, 100% algodão, com vivo em cetim verde, com fecho. Enchimento incluido. Frente/Verso: Padrão/Padrão. Recomenda-se lavagem a frio.', 'Cushion in printed fabric in shades of brown and green, 100% cotton, with green satin trim, with zipper. Filling included. Front / Back: Pattern / Pattern. Cold wash is recommended.', 3, 1, 0, 50, 35, 15, 100, 62, 1),
(761, 4, 'Jarra Earth', 'Earth jar', 10.95, 8.76, 0, 'Ci0401-0000000129', '8x15cm', 'Jarra em vidro com efeito texturado, interior dourado.', 'Glass vase with textured effect, golden interior.', 9, 1, 0, 15, 10, 10, 150, 66, 1),
(762, 4, 'Jarra Blown', 'Blown jar', 50.7, 35.49, 0, 'Ci0401-0000000130', '20x18.5cm', 'Jarra redonda em vidro, em tons terra.', 'Round glass vase in earth tones.', 2, 1, 0, 22, 22, 22, 1000, 67, 1),
(763, 4, 'Vaso Foem', 'Foem', 93, 65.1, 0, 'Ci0401-0000000131', '20x23cm', 'Vaso metálico pintado em vermelho \"ferrugem\"', 'Metal vase red painted.', 4, 1, 0, 25, 25, 25, 2000, 68, 1),
(764, 4, 'Baús metalicos', 'Metallic storage', 153, 0, 1, 'Ci0409-0000000009', 'P: 52x26x20 cm, G: 60x36x24 cm', 'Conjunto de 2 báus metalicos \r\n(Grande- Verde Escuro; Pequeno-cinza)', 'Set of 2 metallic storage (Large- Dark Green; Small-Gray)', 1, 1, 0, 65, 40, 30, 2500, 69, 0),
(765, 4, 'Taça Kal', 'Kal', 42.45, 29.71, 0, 'Ci0403-0000000020', 'H - 10 cm Diam. 35cm', 'Taça em madeira.\r\nProduzida de forma artesanal.', 'Wooden bowl.\r\nProduced by hand.', 3, 1, 0, 37, 37, 10, 700, 70, 1),
(770, 1, 'Colibri', 'Colibri', 17.9, 12.53, 0, 'Ci0202-0000000229', '45x45 cm', 'FRONHA em tecido estampado floral/pássaros, 100% algodão, com vivo em algodão azul, com fecho. Frente/Verso: Liso/Liso. Recomenda-se lavagem a frio. Enchimento não incluido (sob consulta).', 'Pillowcase in floral printed fabric / birds, 100% cotton, with blue cotton piping, with zipper. Front / Back: Plain /Plain. Cold wash is recommended. Filling not included (on request).', 0, 1, 0, 20, 20, 5, 75, 59, 1),
(771, 1, 'Soft Blue', 'Soft Blue', 18, 12.6, 0, 'Ci0202-0000000226', '50x35 cm', 'FRONHA de almofada em tecido texturado, com acabamento em vivo do mesmo tecido, com fecho. Frente/Verso: Liso/Liso. Recomenda-se lavagem a frio. Enchimento não incluido (sob consulta).', 'Pillowcase in textured fabric, finished in the same fabric, with zipper. Front / Back: Plain / Plain. Cold wash is recommended. Filling not included (on request).', 0, 1, 0, 30, 20, 5, 75, 42, 1),
(772, 1, 'Arrow', 'Arrow', 19.5, 15.6, 0, 'Ci0202-0000000223', '50x35 cm', 'FRONHA de almofada em tecido texturado, com acabamento em vivo azul marinho, com fecho. Frente/Verso: Padrão/Padrão. Recomenda-se lavagem a frio. Enchimento não incluido (sob consulta).', 'Pillowcase in textured fabric, with zipper. Front / Back: Plain / Plain. Cold wash is recommended. Filling not included (on request).', 0, 1, 0, 25, 20, 5, 75, 44, 1),
(773, 4, 'Magenta', 'Magenta', 70, 49, 0, 'Ci0403-0000000015', '25x10 cm', 'Caixa cerâmica, com tampa em madeira com serigrafia, da marca Nevoa.', 'Ceramic box, with wooden cover with serigraphy, from brand Nevoa.', 0, 0, 0, 35, 35, 30, 250, 38, 0),
(774, 5, 'Moldura Bug', 'Bug frame', 22.6, 0, 0, 'Ci0412-000000007', '10x15 cm', 'Moldura metálica em dourado, com pormenor de um inseto.', 'Golden frame, with detail of an insect.', 0, 0, 0, 25, 25, 20, 200, 13, 0),
(775, 5, 'Moldura Bee', 'Bee frame', 22.6, 15.82, 0, 'Ci0412-0000000078', '15x10 cm', 'Moldura metálica em dourado, com pormenor de um abelha.', 'Golden metallic frame, with a bee detail.', 1, 0, 0, 30, 20, 30, 200, 14, 1),
(776, 3, 'Abajur azul turquesa', 'Turquoise lampshade', 36.7, 0, 0, 'Ci0305-0000000051', 'Diâm. 40 cm x h 25 cm', 'Abajur em cetim azul turquesa, com tela interior incolor.', 'Lampshade made with satin fabric, in turquoise color.', 0, 0, 0, 55, 55, 35, 300, 0, 0),
(780, 1, 'Anona', 'Anona', 22, 15.4, 0, 'Ci0202-0000000220', '45x45 cm', 'FRONHA  de almofada estampada, em tecido 70% viscose e 30% linho, com acabamento em pesponto, com fecho. Frente/Verso: Padrão/Liso. Recomenda-se lavagem a frio. Enchimento não incluido (sob consulta).', 'Printed pillowcase in 70% viscose and 30% linen fabric, with zipper. Front / Back: Pattern / Plain. Cold wash is recommended. Filling not included (on request).', 1, 1, 0, 25, 25, 5, 75, 48, 1),
(781, 4, 'Vaso Terracota', 'Terracotta', 9.8, 6.86, 0, 'Ci0401-0000000125', '14x15 cm', 'Vaso em terracota em tons de amarelo.', 'Yellow terracotta vase.', 1, 0, 0, 25, 25, 25, 350, 46, 1),
(782, 4, 'Bota em resina', 'Resin boot', 40, 28, 0, 'ci0411-0000000058', '26x27cm', 'Forma alusiva a sapato utilizado por sapateiros como molde para a criação de calçado.', 'It is alrelated to the shoe used by shoemakers as a template for the creation of footwear.', 4, 0, 0, 35, 15, 35, 350, 49, 1),
(783, 4, 'Monkey Mirror', 'Monkey Mirror', 34, 23.8, 0, 'Ci0412-0000000082', '26x18x12cm', 'Espelho dourado e preto com base de animal (macaco).', 'Golden and black mirror with animal detail (monkey)', 2, 0, 0, 35, 25, 35, 400, 50, 1),
(784, 4, 'Porta Velas Geométrico', 'Geometric Candle Holder', 6.1, 4.27, 0, 'Ci1402-0000000035', '10x9cm', 'Porta velas de vidro em tons de preto e dourado.', 'Glass candle holder in black and gold tones.', 4, 0, 0, 15, 15, 15, 250, 51, 1),
(785, 4, 'Porta Velas Cobre', 'Copper Candle Holder', 7.5, 5.25, 0, 'Ci1402-0000000034', '7,5x6,5cm', 'Porta velas em vidro peliculado a folha de cobre.', 'Copper glass candle holder', 6, 0, 0, 10, 10, 10, 100, 57, 1),
(786, 4, 'Taça esquilo', 'Squirrel bowl', 28.5, 19.95, 0, 'Ci0403-0000000021', '10x15cm', 'Taça em resina em tons de castanho.', 'Squirrel bowl resin in shades of brown.', 2, 0, 0, 30, 20, 15, 500, 58, 1),
(787, 8, 'Rabbit mirror', 'Rabbit mirror', 15, 0, 0, 'Ci0412-0000000080', '26x22x1,2cm', 'Espelho branco, em resina, com moldura em forma de cabeça de coelho.', 'White mirror with rabbit head frame.', 6, 0, 0, 30, 10, 30, 250, 11, 1),
(788, 4, 'Wine bag', 'Wine bag', 14, 9.8, 0, 'Ci0414-0000000006', '27x15x14cm', 'Saco para garrafa de vinho, em tecido, detalhes de pele sintética e pega em corda.', 'Bag for wine bottle, in fabric, details of synthetic skin and rope handle.', 3, 0, 0, 25, 10, 15, 100, 59, 1),
(789, 4, 'Cogumelos', 'Mushrooms', 53.5, 0, 0, 'Ci0411-0000000060', '30x19cm', 'Conjunto de 3 cogumelos em madeira pintada em tons de vermelho e branco.\r\nDiâmetro - 21/15\r\n\r\nAltura - 29/17', 'Set of 3 mushrooms in wood painted in red and white tones.', 0, 0, 1, 30, 30, 35, 650, 60, 0),
(790, 8, 'Alphabet', 'Alphabet', 14, 11.2, 0, 'Ci0202-0000000243', '40x30cm', 'FRONHA de almofada em algodão, com acabamento em lapela azul marinho, com fecho. Frente/Verso: Padrão/Padrão. Recomenda-se lavagem a frio. Enchimento não incluído (sob consulta). Obs: Devido ao rapport, o padrão é variável de fronha para fronha.', 'Pillow case in cotton, finished in navy blue lapel, with zip. Front / Back: Pattern / Pattern. Cold wash is recommended. Filling not included (on request).', 2, 1, 0, 15, 15, 5, 30, 12, 1),
(791, 8, 'Tucanos', 'Toucans', 13, 10.4, 0, 'Ci0202-0000000246', '40x30cm', 'FRONHA de almofada em algodão, com acabamento em veludo amarelo, com fecho. Frente/Verso: Padrão/Padrão. Recomenda-se lavagem a frio. Enchimento não incluído (sob consulta). Obs: Devido ao rapport, o padrão é variável de fronha para fronha.', 'Cotton pillow case, finished in yellow velvet, with zip. Front / Back: Pattern / Pattern. Cold wash is recommended. Filling not included (on request).', 2, 1, 0, 15, 15, 5, 30, 13, 1),
(792, 8, 'Alphabet', 'Alphabet', 13, 10.4, 0, 'Ci0202-0000000242', '40x30cm', 'FRONHA de almofada em algodão, com acabamento em vivo amarelo torrado, com fecho. Frente/Verso: Padrão/Padrão. Recomenda-se lavagem a frio. Enchimento não incluído (sob consulta). Obs: Devido ao rapport, o padrão é variável de fronha para fronha.', 'Cotton pillowcase, finished with a yellow fabric detail, with zip. Front / Back: Pattern / Pattern. Cold wash is recommended. Filling not included (on request).', 1, 1, 0, 15, 15, 5, 30, 14, 1),
(793, 8, 'Tucanos', 'Toucans', 14, 11.2, 0, 'Ci0202-0000000245', '40x40cm', 'FRONHA de almofada em algodão, com acabamento em veludo amarelo, com fecho. Frente/Verso: Padrão/Padrão. Recomenda-se lavagem a frio. Enchimento não incluído (sob consulta). Obs: Devido ao rapport, o padrão é variável de fronha para fronha.', 'Pillowcase, cotton cushion, with zip. Front/Back: Pattern/Pattern. Cold wash is recommended. Filling not included (on request).', 3, 1, 0, 15, 15, 5, 50, 15, 1),
(795, 1, 'Chevron colorido', '', 25, 17.5, 0, 'Ci0202-0000000225', '45x45cm', 'FRONHA de almofada em tecido microfibra, com acabamento em duplo pesponto, com fecho. Frente/Verso: Padrão/Padrão. Recomenda-se lavagem a frio.', '', 0, 0, 0, 15, 15, 5, 50, 53, 0),
(796, 3, 'Monkey Lamp', 'Monkey Lamp', 155, 124, 0, 'Ci0301-0000000066', '56x24x22cm', 'Candeeiro de mesa em forma de macaco, produzido em resina com abajur têxtil incluído. Lâmpada não incluída.', 'Monkey-shaped table lamp, made of resin with a lampshade. Light bulb is not included.', 0, 1, 0, 65, 30, 30, 1500, 0, 1),
(797, 4, 'VELVET PINEAPPLE', 'VELVET PINEAPPLE', 70, 0, 0, 'Ci0410-0000000018', 'Ø16xH44cm', 'Peça decorativa. Material: Abacaxi em resina aveludado na cor verde.', 'Decorative piece. Material: Pineapple in velvety resin in green color.', 1, 0, 0, 55, 20, 20, 1000, 61, 0),
(798, 4, 'Segurança', 'Metallic Security', 12.8, 8.96, 0, 'Ci0105-0000000032', '43x15cm', 'Cabide metálico em forma da típica segurança de costura, em tons de dourado.', 'Metallic hanger in the shape of the typical sewing security, in golden tones.', 2, 0, 0, 50, 20, 20, 400, 62, 1),
(799, 4, 'Ramo dourado', 'Golden branch', 8.4, 5.88, 0, 'Ci0411-0000000056', '8x8cm', 'Puxador em forma de ramo, produzido em metal.', 'Branch shaped handle, made of metal.', 2, 0, 0, 15, 15, 15, 200, 63, 1),
(800, 4, 'Tabuleiro (Kith & Kin)', 'Kith & Kin board', 130, 91, 0, 'Ci0102-0000000013', '45x25 cm', 'Tabuleiro em madeira, com serigrafia dourada na base e peça triangular lacada a azul, da marca Nevoa.', 'Gold-colored wood tray with blue triangular detail.', 1, 0, 0, 55, 35, 15, 500, 55, 1),
(801, 5, 'Black Mirror', 'Black Mirror', 48, 38.4, 0, 'Ci0412-0000000081', '20x5cm', 'Espelho metálico, em tons de preto de dourado.', 'Mirror in shades of black and gold.', 4, 0, 0, 25, 10, 25, 1000, 6, 1),
(803, 1, 'Soft pink', 'Soft pink', 29.5, 20.65, 0, 'Ci0202-0000000221', '45x45cm', 'Almofada em tecido cor de rosa, textura \"alinhado\", com acabamento em vivo do mesmo tecido. Enchimento e fecho incluídos. Frente/Verso: Liso/Liso. Recomenda-se lavagem a frio.', 'Pink fabric cushion, \"lined\" texture. Filling and zipper included. Front / Back: Plain / Plain. Cold wash is recommended.', 2, 0, 0, 45, 45, 20, 300, 55, 1),
(805, 4, 'Tabuleiro cromado', 'Chromed tray', 57.5, 0, 0, 'Ci0102-0000000023', '41x27x6cm', 'Tabuleiro rectangular espelhado,  com pormenores de madeira nas laterais.', 'Rectangular mirrored tray, with wooden details on the sides.', 0, 0, 0, 45, 30, 8, 400, 54, 0),
(806, 8, 'Jungle', 'Jungle', 17.5, 14, 0, 'Ci0202-0000000244', '40x40cm', 'FRONHA de almofada em algodão, com acabamento em vivo, com fecho. Frente/Verso: Padrão/Padrão. Recomenda-se lavagem a frio. Enchimento não incluído (sob consulta).', 'Cotton pillowcase with zip. Front / Back: Pattern / Pattern. Cold wash is recommended. Filling not included (on request).', 3, 1, 0, 15, 15, 5, 30, 16, 1),
(807, 1, 'Graffiti', 'Graffiti', 19.4, 13.58, 0, 'Ci0202-0000000230', '45x45cm', 'FRONHA em algodão, padrão floral, acabamento em vivo, com fecho. Frente/Verso: Padrão/Padrão. Recomenda-se lavagem a frio. Enchimento não incluido (sob consulta).', 'Floral pattern pillowcase, 100% cotton fabric, with zipper. Front / Back: Pattern / Pattern. Cold wash is recommended. Filling not included (on request).', 0, 1, 0, 20, 20, 5, 100, 43, 1),
(808, 4, 'Monkey & Apple', 'Monkey & Apple', 52.8, 36.96, 0, 'Ci0411-0000000057', '15x10x10cm', 'Escultura em mármore, com forma de maçã e aplicação com macaco produzido em metal.', 'Marble sculpture in the shape of an apple and application with a metallic.', 2, 0, 0, 16, 13, 13, 1000, 43, 1),
(809, 5, 'Gemstone', 'Gemstone', 255, 127.5, 0, 'Ci0412-0000000056', '60x43,5x2,5cm', 'Espelho emoldurado em latão bruto, com espelho rosa e madeira folheada de Sicomoro, serigrafia em cor cobre. Madeira com acabamento em verniz mate. Marca Nevoa.', 'Mirror framed in rough brass, with pink mirror and veneered Sicomoro wood, silkscreen in copper color. Wood with matt varnish finish. By Nevoa.', 1, 0, 0, 64, 46, 5, 2000, 4, 1),
(810, 5, 'Gemstone', 'Gemstone', 255, 127.5, 0, 'Ci0412-0000000056', '60x43,5x2,5cm', 'Espelho emoldurado em latão bruto, com espelho e madeira folheada de Pau Ferro, serigrafia em dourado. Madeira com acabamento em verniz mate. Marca Nevoa.', 'Mirror framed in rough brass, with mirror and wood veneered in Pau Ferro, silkscreen in gold. Wood with matt varnish finish. By Nevoa.', 1, 1, 0, 64, 46, 5, 2000, 3, 1),
(811, 4, 'Toros', 'Wood Log', 45, 31.5, 0, 'Ci0701-0000000018', 'Aproximadamente: 32x26,5x5cm', 'Toro em madeira maciça, serrada e posteriormente pintada em azul. Inclui sistema de fixação para pendurar, na face posterior.\r\nObs: Devido a ser uma peça de madeira natural, as medidas são variáveis.', 'Log in wood, produced by hand, painted in blue. Includes fixing system for hanging on the back.Note: Due to being a piece of natural wood, measurements may vary.', 4, 0, 0, 35, 30, 8, 1000, 48, 1),
(812, 4, 'Étnico', 'Ethnic', 28.5, 19.95, 0, 'Ci0411-0000000059', '25,5x22x7cm', 'Cavalo étnico produzido em resina, em tons de preto.', 'Ethnic horse in resin, produced in black tones.', 3, 0, 0, 28, 10, 25, 200, 45, 1),
(813, 12, 'Woods & Pears', 'Woods & Pears', 156.2, 0, 1, 'CI0206-0000000063', '0,53x10.05m', 'Papel de parede da marca Cole & Son com padrão de árvores, com pêras douradas em acabamento metalizado. Largura: 0.53m Comprimento: 10.05m Repetição: 0.70m', 'Cole & Son wallpaper with tree pattern, with golden pears in metallic finish. Width: 0.53m Length: 10.05m Repetition: 0.70m', 0, 1, 0, 70, 10, 10, 2000, 0, 1),
(814, 5, 'Espelho dourado', 'Golden mirror', 840, 672, 0, 'Ci0412-0000000063', '120x120x4cm', 'Espelho de parede, com moldura em metal dourado.', 'Hanging mirror, with gold metal frame.', 1, 0, 0, 130, 130, 12, 30000, 5, 1),
(815, 1, 'Coral', 'Coral', 40, 28, 0, 'CI0202-0000000250', '40x40cm', 'Almofada em Algodão, com vivo e fecho, acabamento em franja. Enchimento incluído. Frente/Verso: Padrão/Padrão. Recomenda-se lavagem a frio.', 'Cotton cushion with zipper, fringe finish. Filler included. Front / Back: Pattern / Pattern. Cold wash recommended', 0, 0, 0, 47, 47, 10, 1000, 54, 0),
(816, 4, 'Bandeja de brilhantes', 'Bright tray', 49, 34.3, 0, 'Ci0102-0000000024', '58x20,5x2cm', 'Bandeja metálica prateada, com aplicações de brilhantes.', 'Silver metallic tray, with \"diamond\" applications.', 1, 0, 0, 62, 25, 5, 300, 52, 1),
(818, 5, 'Heavy Mirror', 'Heavy Mirror', 219, 153.3, 0, 'Ci0412-0000000046', '60x60x4cm', 'Espelho de pendurar, emoldurado em ferro, com pega de pele, em tons de castanho.', 'Hanging mirror, framed in iron, with leather handle, in shades of brown.', 0, 0, 0, 65, 65, 8, 3000, 19, 1),
(819, 4, 'Copper', 'Copper', 29.5, 20.65, 0, 'Ci0401-0000000136', '17x20cm', 'Vaso metálico em cobre.', 'Metallic vase in copper.', 1, 0, 0, 25, 25, 25, 150, 44, 1),
(820, 4, 'Jarra de vidro', 'Glass vase', 26, 0, 0, 'Ci0401-0000000132', '13x15cm', 'Jarra em vidro reciclado, em tons de bege, com acabamento texturado na parte inferior.', 'Recycled glass vase, in beige tones, with textured finish on the bottom.', 2, 0, 0, 20, 10, 18, 300, 42, 1),
(821, 4, 'Vaso rosa', 'Pink vase', 6, 4.8, 0, 'Ci0401-0000000135', '9x10,5cm', 'Vaso cerâmico, cor de rosa.', 'Ceramic vase, in pink.', 3, 0, 0, 15, 15, 15, 150, 39, 1),
(822, 4, 'Vaso bege mini', 'Beige vase', 4, 2.8, 0, 'Ci0401-0000000134', '7x7,5cm', 'Vaso cerâmico, bege.', 'Ceramic vase, beige.', 2, 0, 0, 10, 10, 10, 75, 41, 1),
(823, 4, 'Vaso rosa mini', 'Mini pink vase', 3.2, 2.8, 0, 'Ci0401-0000000133', '7x7,5cm', 'Vaso cerâmico, cor de rosa.', 'Ceramic vase, in pink.', 2, 0, 0, 10, 10, 10, 75, 40, 1),
(824, 4, 'Tealight Craquelé', 'Silver Tealight', 7.5, 0, 0, 'Ci0402-0000000036', '9x10cm', 'Porta velas em vidro craquelé, com acabamento prateado.', 'Glass silver candle holder with cracked effect finish.', 0, 0, 0, 12, 12, 12, 150, 47, 0),
(825, 13, 'Rosa preservada', 'Preserved rose', 9.15, 0, 1, 'Ci0404-0000000139', '7x8cm', 'Flor preservada (Sem haste), 100% natural com durabilidade aproximada de 6 meses.', 'Preserved flower, 100% natural with an approximate durability of 6 months.', 5, 0, 0, 10, 10, 10, 15, 14, 1),
(828, 13, 'Hydrangea azul', 'Blue hydrangea', 14, 0, 0, 'Ci0404-0000000140', 'H - 50cm', 'Haste Hydrangea em tons de azul, sem folhas.', 'Blue hydrangea steam with leaves.', 1, 0, 0, 15, 15, 40, 30, 15, 1),
(830, 13, 'Galho Verde', 'Twig', 18, 14.4, 0, 'Ci0404-0000000034', 'H - 72cm / W - 50cm', 'Ramo artificial verde.', 'Green artificial twig', 1, 0, 0, 75, 55, 15, 100, 16, 1),
(831, 13, 'Musgo M', 'moss M', 15.5, 0, 0, 'Ci0411-0000000052', 'Diâmetro - 25cm', 'Musgo artificial decorativo moldável para usar em vasos.', '', 2, 0, 0, 30, 30, 13, 100, 17, 0),
(833, 13, 'Peónia rosada', 'pinky PEONY', 9.7, 0, 0, 'Ci0404-0000000045', 'H - 70cm', 'Haste de peónia cor rosada, com 3 rosas e folhas', 'Pinky colored peony stem with 3 roses and leaves', 0, 0, 0, 75, 25, 75, 100, 23, 0),
(834, 13, 'Prótea rosa', 'pink PROTEA', 13.5, 0, 1, 'Ci0404-0000000128', 'H - 70cm', 'Haste de prótea, em tons de rosa com várias folhas.', 'Pink-colored protea stem, with several leaves.', 2, 0, 0, 75, 15, 75, 50, 25, 1),
(836, 13, 'Musgo L', 'moss L', 28.5, 0, 1, 'Ci0411-0000000026', 'Diâmetro - 35cm', 'Musgo artificial decorativo moldável para usar em vasos.', 'Moldable decorative artificial moss for use in pots.', 1, 0, 0, 40, 40, 20, 150, 18, 1),
(837, 8, 'Almofada coração rosa', 'Pink heart cushion', 43, 34.4, 0, 'CI0202-0000000260', '50x47cm', 'Almofada em forma de coração com algodão natural, exterior 100% algodão e com enchimento 100% poliéster. Enchimento incluído. Frente/Verso: Padrão/Padrão. Recomenda-se lavagem a frio.', 'Heart-shaped cushion with natural cotton, 100% cotton exterior and 100% polyester filling. Filling included. Front/Back: Pattern/Pattern. Cold wash is recommended.', 1, 1, 0, 55, 50, 15, 300, 6, 1),
(838, 8, 'Little Oasis Pink', 'Little Oasis Pink', 43, 34.4, 0, 'Ci0202-0000000263', '40x25cm', 'Almofada de malha natural com losangos em tons de rosa. Exterior 100% algodão, 100% algodão, com zíper e enchimento polyfill. Enchimento incluído. Frente/Verso: Padrão/Liso. Recomenda-se lavagem a frio.', 'Natural knitted cushion with rhombuses in shades of pink. Exterior 100% cotton, 100% cotton, with zipper and polyfill filling. Filling included. Front / Back: Pattern / Smooth. Cold wash is recommended.', 0, 1, 0, 45, 30, 15, 150, 7, 1),
(839, 8, 'Pink Pearl', 'Pink Pearl', 39.4, 31.52, 0, 'Ci0202-0000000258', '35x25cm', 'Almofada retangular com ondas de relevo e bolinhas brancas, modelo rosa em algodão tricot. \r\nEnchimento incluído. Frente/Verso: Padrão/Padrão. Recomenda-se lavagem a frio.', 'Round cushion with raised waves and white polka dots, pink model in cotton tricot.\r\nFilling included. Front / Back: Pattern / Pattern. Cold wash is recommended.', 2, 0, 0, 35, 35, 15, 350, 8, 1),
(840, 8, 'Palm', '', 47.9, 38.32, 0, 'Ci0202-0000000262', '38x48cm', '', '', 2, 1, 0, 55, 45, 15, 300, 10, 1),
(841, 8, 'Counting frames', 'Marbles', 41.8, 33.44, 0, 'Ci0202-0000000264', '30x30cm', 'Almofada em algodão natural, exterior 100% algodão e com enchimento 100% poliéster. Enchimento incluído. Frente/Verso: Padrão/Liso. Recomenda-se lavagem a frio.', 'Cushion with natural cotton, 100% cotton exterior and 100% polyester filling. Filling included. Back: Pattern / Smooth. Cold wash is recommended.', 2, 1, 0, 45, 45, 20, 150, 9, 1),
(843, 6, 'Nórdico Mesclado', 'Melanged fabric', 540, 378, 0, 'Ci0101-0000000036', 'Aprox. 71x60x71 cm', 'Cadeirão nórdico em madeira maciça, com dois coxins (assento e costas) em tecido mesclado em tons de castanho com vivo em veludo de tom pérola.\r\nNota: É possível produzir noutras cores e tecidos, sob consulta.', 'Nordic chair in solid wood, with two cushions (seat and back) in mixed fabric in shades of brown with vivid velvet in pearl tone.\r\nNote: It is possible to produce in other colors and fabrics, on request.', 0, 1, 0, 75, 60, 75, 10000, 0, 1),
(844, 1, 'Olive', 'Olive', 34, 23.8, 0, 'Ci0202-0000000257', '45x45cm', 'Almofada em cetim, com acabamento em duplo pesponto, com fecho. Frente/Verso: Liso/Liso. Recomenda-se lavagem a frio. Enchimento incluído.', 'Satin cushion, finished with double stitching, with zipper. Front / Back: Plain / Plain. Cold wash is recommended. Filling included.', 0, 1, 0, 50, 50, 15, 100, 49, 1),
(845, 1, 'Linen charcoal', 'Linen charcoal', 76.5, 53.55, 0, 'Ci0202-0000000266', '60x50cm', 'Almofada com frente em linho e costas em cetim, com acabamento em pesponto, com fecho. Frente/Verso: Padrão/Padrão. Recomenda-se lavagem a frio. Enchimento incluído.', 'Cushion with linen front and satin back, finished with backstitch, with zipper. Front / Back: Plain / Plain. Cold wash is recommended. Filling included.', 1, 0, 0, 65, 55, 25, 250, 50, 1),
(846, 9, 'Presépio Estrela', 'Star Nativity Scene', 9.5, 0, 1, 'Ci0501-0000000119', '15x15cm', 'Presépio composto por 3 figuras e estrela em tons de dourado com brilhantes, com LED amarelo. Funcionamento a pilhas. Material: Madeira com figuras cerâmicas.', 'Nativity scene composed of 3 figures and a star in golden tones with brilliants, with yellow LED behind. Material: Wood with ceramic figures.', 2, 0, 0, 20, 15, 20, 50, 93, 1),
(847, 9, 'Boneco Natalício Verde', 'Christmas Doll Green', 20.3, 0, 1, 'Ci0501-0000000149', '58x10cm', 'Boneco natalício de pousar, em tecido.', 'Doll to pose, made of tissue in Christmas colors.', 1, 1, 0, 23, 12, 12, 150, 74, 1),
(848, 9, 'Mini quebra-noz Vermelho', 'Nutcracker Red', 9.5, 0, 0, 'Ci0501-0000000143', '15x5x5cm', 'Mini quebra-noz de pousar, Material: Madeira pintada com diversos tons natalícios.', 'Mini nutcracker to pose, Material: Wood painted with different Christmas tones.', 1, 0, 0, 20, 10, 10, 25, 70, 0),
(849, 9, 'Presépio Cabana', 'Cabana Nativity Scene', 38.5, 0, 1, 'Ci0501-0000000150', '15x28cm', 'Presépio com cabana em madeira e composto por 10 figuras cerâmicas.', 'Nativity scene with wooden hut and composed of 10 ceramic figures.', 1, 0, 0, 32, 20, 20, 100, 75, 1),
(850, 9, 'Rena', 'Christmas Reindeer', 18.6, 0, 1, 'Ci0501-0000000121', '40x10cm', 'Rena de pousar, em tecido.', 'Reindeer to pose, made of tissue in Christmas colors.', 2, 1, 0, 25, 12, 12, 50, 69, 1),
(851, 9, 'Mini quebra-noz Verde', 'Nutcracker Green', 9.5, 0, 0, 'Ci0501-0000000143', '15x5x5cm', 'Mini quebra-noz de pousar, Material: Madeira pintada com diversos tons natalícios.', 'Mini nutcracker to pose, Material: Wood painted with different Christmas tones.', 0, 0, 0, 20, 10, 10, 25, 71, 0),
(852, 9, 'Mini quebra-noz Azul', 'Nutcracker Blue', 9.5, 0, 0, 'Ci0501-0000000143', '15x5x5cm', 'Mini quebra-noz de pousar, Material: Madeira pintada com diversos tons natalícios.', 'Mini nutcracker to pose, Material: Wood painted with different Christmas tones.', 0, 0, 0, 20, 10, 10, 25, 72, 0),
(853, 11, 'Difusor Archipels', 'Diffuser Archipels', 62, 43.4, 0, 'Ci1404-0000000019', 'Ø 9x 15 cm', 'Difusor elétrico Mathilde M.\r\nEsta caixa contém: 1 difusor elétrico iluminado, 1 fonte de alimentação e 1 manual de utilizador.\r\nDuração da difusão: Cerca de 3 horas (capacidade 100 ml).\r\nObs: Fragrância vendida em separado.', 'Electric diffuser Mathilde M.\r\nThis box contains: 1 lighted electric diffuser, 1 power supply and 1 user manual.\r\nDiffusion duration: About 3 hours (100 ml capacity).\r\nNote: Fragrance sold separately.', 3, 0, 0, 20, 15, 20, 300, 25, 1),
(854, 11, 'Coffret \"Douce Brume\"', 'Coffret Douce Brume', 39.9, 27.93, 0, 'Ci1404-0000000025', 'Ø11x17cm', 'Perfume fresco e leve de 75ml, com aroma de citrinos e flor de laranjeira.\r\nCom chocalho em peluche.', '75ml fresh and light perfume, with citrus and orange blossom aroma.\r\nWith plush rattle.', 4, 0, 0, 15, 15, 20, 200, 28, 1),
(855, 11, 'Difusor \"Les Intemporels\" Rose Élixir', 'Diffuser \"Les Intemporels\" Rose Élixir', 32, 22.4, 0, 'Ci1404-0000000014', 'Ø6,5x12,7cm', 'Difusor de fragrâncias domésticas da Mathilde M. de 200ml, com aroma rosas e violeta, complementada com uma base de almiscares brancos.                           \r\n\r\nA duração da fragrância depende da frequência com que são girados os sticks, da temperatura do ambiente e também da estação do ano. 9 Sticks incluídos.', 'Mathilde M. 200ml home fragrance diffuser, with rose and violet aroma, complemented with a white musk base.\r\nThe duration of the fragrance depends on the frequency with which the sticks are rotated, the temperature of the environment and also the season. 9 Sticks included.', 7, 0, 0, 10, 10, 15, 225, 19, 1),
(856, 11, 'Difusor \"Les Intemporels\" Marquise', 'Diffuser \"Les Intemporels\" Marquise', 32, 22.4, 0, 'Ci1404-0000000015', 'Ø6,5x12,7cm', 'Difusor de fragrâncias domésticas da Mathilde M. de 200ml, com aroma a baunilha, complementada com uma base de almiscares.\r\nA duração da fragrância depende da frequência com que são girados os sticks, da temperatura do ambiente e também da estação do ano. 9 Sticks incluídos.', '200ml Mathilde M. home fragrance diffuser, with a vanilla aroma, complemented with a musk base.\r\nThe duration of the fragrance depends on the frequency with which the sticks are rotated, the temperature of the environment and also the season. 9 Sticks included.', 6, 0, 0, 10, 10, 15, 225, 20, 1),
(857, 8, 'Globo de neve \"Carrossel\"', 'Carousel Snow Globe', 26, 20.8, 0, 'Ci1404-xxxxxx', 'Ø8x12cm', 'Globo de neve em resina e vidro da coleção Mathilde M. Vire-o e deixe a neve cair suavemente no carrossel.', 'Resin and glass snow globe from the Mathilde M. collection. Turn it over and let the snow fall gently on the carousel.', 4, 0, 0, 10, 10, 15, 300, 4, 1),
(858, 8, 'Globo de neve \"Ursinho\"', 'Snow Globe', 24.5, 19.6, 0, 'Ci1404-xxxxxxxx', 'Ø10x13,5cm', 'Globo de neve em resina e vidro da coleção Mathilde M. Vire-o e deixe a neve cair suavemente no ursinho.', 'Resin and glass snow globe from the Mathilde M. collection. Turn it over and let the snow fall gently on the teddy.', 1, 0, 0, 12, 12, 15, 300, 1, 1),
(859, 11, 'Difusor Paradis Fleuri', 'Paradis Fleuri Diffuser', 25, 17.5, 0, 'Ci1404-0000000023', '21x17x7cm', 'Difusor cerâmico de fragrâncias domésticas da Mathilde M. de 340ml, complementado com uma flor de mandioca. A decoração do difusor homenageia os papéis de padrão dominó, papéis artesanais com motivos florais produzidos pela \"Maîtres Dominotiers\", que no século 18 cobriam as capas das mais belas obras literárias e enfeitavam as paredes e o interior dos armários. Fragrância vendida à parte.', 'Mathilde M. ceramic fragrance diffuser of 340ml, complemented with a cassava flower. The decoration of the diffuser pays homage to dominoes, handmade papers with floral motifs produced by \"Maîtres Dominotiers\", which in the 18th century covered the covers of the most beautiful literary works and adorned the walls and interior of the cabinets. Fragrance sold separately.', 1, 0, 0, 25, 10, 20, 500, 29, 1);
INSERT INTO `produto` (`id`, `id_produto_cat`, `produto_pt`, `produto_en`, `preco`, `desconto`, `saldo`, `referencia`, `dimensoes`, `descricao_pt`, `descricao_en`, `quantidade`, `produzir`, `orcamento`, `comprimento`, `largura`, `altura`, `peso`, `ordem`, `online`) VALUES
(860, 11, 'VELA \"LES INTEMPORELS\" ROSE ÉLIXIR', '\"LES INTEMPORELS\" ROSE ÉLIXIR CANDLE', 18, 0, 0, 'Ci0402-0000000029', 'Ø7,5x9cm', 'Vela perfumada da Mathilde M., com aroma rosas e violeta, complementada com uma base de almiscares brancos. Esta vela perfumada difunde uma luz suave e uma fragrância delicada.  O tempo de difusão da vela é de +/- 30h.', 'Scented candle by Mathilde M., with a rose and violet scent, complemented with a white musk base. This scented candle diffuses a soft light and a delicate fragrance. The diffusion time of the candle is +/- 30h.', 4, 0, 0, 10, 10, 12, 150, 26, 1),
(861, 11, 'Vela \"Les Intemporels\" Marquise', '\"Les Intemporels\" Marquise candle', 18, 0, 1, 'Ci0402-0000000030', 'Ø7,5x9cm', 'Vela perfumada da Mathilde M. de 125gr, com aroma a baunilha, complementada com uma base de almiscares. Esta vela perfumada difunde uma luz suave e uma fragrância delicada. O tempo de difusão da vela é de +/- 30h.', 'Scented candle from Mathilde M., 125gr, with vanilla aroma, complemented with a musk base. This scented candle diffuses a soft light and a delicate fragrance. The diffusion time of the candle is +/- 30h.', 8, 0, 0, 10, 10, 12, 150, 27, 1),
(863, 11, 'Presente perfumado Rose Élixir & Rose Élégante', 'Fragrant gift Rose Élixir & Rose Élégante', 7.5, 0, 0, 'Ci1404-0000000012', '6,5x7,5x6x5cm', 'Caixa presente, com sabonete de aroma a rosa e um coração em gesso perfumado. \r\nQuando o perfume desaparecer, use com concentrado de fragrância ambiente, aplicado a cerca de 10 cm da decoração, será o suficiente para o perfumar por várias semanas novamente.', 'Gift box, with rose-scented soap and scented plaster heart.\r\nWhen the perfume disappears, use it with ambient fragrance concentrate, applied about 10 cm from the decoration, it will be enough to perfume it for several weeks again.', 0, 0, 0, 10, 10, 10, 250, 22, 0),
(864, 11, 'Sticks 30cm', 'Sticks 30cm', 3.15, 0, 1, 'Ci1404-0000000018', '30cm', '18 sticks de madeira para difusor', '18 wooden sticks for diffuser', 12, 0, 0, 5, 5, 25, 100, 52, 1),
(865, 11, 'Perfume Rose Élixir', 'Rose Élixir perfume', 8.7, 0, 0, 'Ci1404-0000000020', '10ml', 'Recarga para difusor \"Les Intemporels\" Mathilde M. com fragrância de  Rose Élixir', 'Refill for Mathilde M. \"Les Intemporels\" diffuser with Rose Élixir fragrance', 7, 0, 0, 5, 5, 10, 50, 43, 1),
(866, 11, 'Perfume Marquise', 'Marquise perfume', 8.7, 0, 1, 'Ci1404-0000000021', '10ml', 'Recarga para difusor \"Les Intemporels\" Mathilde M. com fragrância de  Marquise', 'Refill for Mathilde M. \"Les Intemporels\" diffuser with Marquise fragrance', 8, 1, 0, 5, 5, 10, 50, 46, 1),
(867, 11, 'Perfume Poudre de Riz', 'Poudre de Riz perfume', 8.7, 0, 0, 'Ci1404-0000000022', '10ml', 'Recarga para difusor \"Les Intemporels\" Mathilde M. com fragrância de Poudre de Riz', 'Refill for Mathilde M. \"Les Intemporels\" diffuser with Poudre de Riz fragrance', 8, 0, 0, 5, 5, 10, 50, 47, 1),
(868, 8, 'Bubbly Terracota', 'Bubbly Terracota', 91, 72.8, 0, 'Ci0203-0000000056', '120x180cm', 'Manta em Algodão, tom natural, com pompons em cor terracota, perfeita para sofá ou para tapa-pés. Recomenda-se lavagem a 30º.', 'Cotton Blanket, natural tone, with pompoms in terracotta color, perfect for sofa or for foot covers. Washing at 30º is recommended.', 1, 0, 0, 40, 40, 6, 250, 2, 1),
(869, 8, 'Bubbly Green', 'Bubbly Green', 91, 72.8, 0, 'Ci0203-0000000057', '120x180cm', 'Manta em Algodão, tom natural, com pompons em cor verde, perfeita para sofá ou para tapa-pés. Recomenda-se lavagem a 30º.', 'Cotton Blanket, natural tone, with green colored pompoms, perfect for sofa or foot patches. Washing at 30º is recommended.', 1, 0, 0, 40, 40, 6, 250, 3, 1),
(870, 9, 'Quebra-noz Caixa de Música', 'Nutcracker Music Box', 34.5, 0, 1, 'Ci0501-0000000140', '11.5x9.5x30cm', 'Caixa de música com figura de quebra-noz em madeira.', 'Music box with wooden nutcracker figure.', 0, 0, 0, 32, 14, 32, 500, 80, 0),
(871, 4, 'Doll', 'Doll Flower', 20.8, 14.56, 0, 'Ci0401-0000000139', 'Ø14.5x15cm', 'Floreira em cerâmica com rosto de boneca.', 'Ceramic flower pot with doll face.', 2, 0, 0, 20, 16, 20, 1000, 35, 1),
(872, 13, 'rose berry', 'rose berry', 7.15, 0, 0, 'Ci0404-0000000151', '50x14cm', 'Haste com bagas em tons de rosa e brilhantes.', 'Stem with berries in shades of pink and bright.', 0, 0, 0, 20, 18, 20, 50, 2, 1),
(873, 13, 'Rosa gelada', 'Icy rose', 6, 0, 1, 'Ci1404-0000000156', '43x14cm', 'Haste de rosa com gelo, em tons rosados.', 'Rose stem with ice, in pink tones.', 3, 0, 0, 25, 15, 25, 100, 3, 1),
(874, 13, 'Hydrangea Rosada', 'Pink Hydrangea', 13, 0, 1, 'Ci0404-0000000149', '50x17cm', 'Haste Hydrangea em tons de rosa, sem folhas.', 'Hydrangea stem in shades of pink, without leaves.', 2, 0, 0, 22, 18, 22, 100, 4, 1),
(875, 9, 'Boneco Natalício Vermelho', 'Christmas Doll Green', 20.3, 0, 0, 'Ci0501-0000000149', '58x10cm', 'Boneco natalício de pousar, em tecido.', 'Doll to pose, made of tissue in Christmas colors.', 1, 0, 0, 23, 12, 12, 150, 73, 0),
(876, 9, 'Bola Vermelha', 'Red ball', 8.1, 0, 1, 'Ci0501-0000000145', 'L8xC8xH8cm', 'Decoração para Árvore de Natal. Material: Bola em vidro pintada vermelho com pormenores de glitters vermelhos.', 'Decoration for Christmas tree. Material: Glass ball painted red with details of red glitters.', 18, 1, 0, 10, 10, 10, 10, 78, 1),
(877, 9, 'Bola Vermelha/Branca', 'Red / White Ball', 4.35, 0, 1, 'Ci0501-0000000146', 'L8xC8xH8cm', 'Decoração para Árvore de Natal. Material: Bola em vidro pintada vermelho com pormenores de glitters brancos e prateados.', 'Decoration for Christmas tree. Material: Red painted glass ball with details of white and silver glitters.', 12, 0, 0, 10, 10, 10, 10, 79, 1),
(878, 8, 'Ivory', '', 32, 25.6, 0, 'Ci0202-0000000259', 'Ø25cm', 'Almofada redonda com ondas de relevo e bolinhas bege, modelo branco em algodão tricot. Enchimento incluído. Frente/Verso: Padrão/Padrão. Recomenda-se lavagem a frio.', '', 3, 0, 0, 30, 30, 15, 100, 5, 1),
(879, 9, 'Peluche Anjo', 'Angel Plush', 28.8, 0, 1, 'Ci0410-0000000021', '28x12x9cm', 'Boneca em contornos de anjo, em tons de branco e cinza.', 'Doll in angel outlines, in shades of white and gray.', 2, 0, 0, 30, 15, 30, 150, 82, 1),
(880, 9, 'Boneco de neve c/gorro', 'Snowman with hat', 49, 34.3, 1, 'Ci0501-0000000084', '31x34cm', 'Boneco de neve natalício com gorro em tons de castanho.', 'Christmas snowman with brown hat.', 1, 0, 0, 35, 35, 35, 50, 85, 1),
(881, 9, 'Boneco de neve cinza', 'Snowman', 39, 27.3, 1, 'Ci0501-0000000085', '36x20cm', 'Boneco de neve natalício com pormenores em cinza.', 'Christmas snowman with gray details.', 0, 0, 0, 40, 25, 40, 50, 81, 0),
(882, 1, 'GRANITE', 'GRANITE', 30, 21, 0, 'Ci0201-0000000271', '45x45cm', 'Almofada em cetim, com acabamento em pesponto, com fecho. Frente/Verso: Liso/Liso. Recomenda-se lavagem a frio. Enchimento incluído.', 'Satin cushion, finished with stitching, with zipper. Front / Back: Plain / Plain. Cold wash is recommended. Filling included.', 2, 1, 0, 50, 50, 15, 150, 45, 1),
(883, 1, 'Ebony Stripe', 'Ebony Stripe', 68, 47.6, 0, 'Ci0202-0000000270', '45x45cm', 'Almofada em algodão, com padrão em riscas e acabamento em vivo, com fecho. Frente/Verso: Padrão/Padrão.\r\nRecomenda-se lavagem a seco.', 'Cotton cushion with striped pattern and live finish, with zipper. Front / Back: Pattern / Pattern.\r\nDry cleaning is recommended.', 1, 0, 0, 50, 50, 25, 300, 35, 1),
(884, 1, 'ACQUA', 'ACQUA', 27.5, 19.25, 0, 'Ci0202-0000000273', '45x45cm', 'Almofada floral em algodão, com acabamento em vivo azul, com fecho. Frente/Verso: Padrão/Padrão. Recomenda-se lavagem a frio. Obs: Devido ao rapport, o padrão é variável de almofada para almofada.', 'Cotton pillowcase, finished in vivid blue, with zipper. Front / Back: Pattern / Pattern. Cold wash is recommended. Note: Due to rapport, the pattern varies from pillow to pillow.', 1, 0, 0, 50, 50, 20, 300, 41, 1),
(885, 1, 'Étnica charcoal', 'Ethnic Charcoal', 84.5, 59.15, 0, 'Ci0202-0000000251', '50x50cm', 'Almofada em Algodão, com vivo e fecho, acabamento em franja. Enchimento incluído. Frente/Verso: Padrão/Padrão. Recomenda-se lavagem a frio.', 'Cotton cushion with zipper, fringe finish. Filler included. Front / Back: Pattern / Pattern. Cold wash recommended', 0, 0, 0, 55, 55, 20, 250, 38, 1),
(886, 11, 'Decoração Perfumada \"Rose Élixir\"', 'Scented Decoration \"Rose Élixir\"', 19, 0, 1, 'CI1404-0000000013', 'Ø12.5cm', 'Peça em gesso Mathilde M. em forma de coração com laço rosa. Base redonda de pendurar em veludo com acabamentos em cor-de-rosa.', 'Heart shaped Mathilde M. plaster piece with pink bow. Round velvet base with pink finishes.', 1, 0, 0, 16, 16, 5, 100, 16, 1),
(887, 4, 'Tealight Ouro', 'Gold Tealight', 12.9, 9.03, 0, 'Ci0402-0000000028', 'Ø10x12cm', 'Porta velas em vidro dourado, com pormenores em brilhantes.', 'Golden glass candle holder, with sparkling details.', 0, 0, 0, 15, 12, 15, 150, 32, 0),
(888, 4, 'Tealight Rosa S', 'Pink Tealight S', 10.5, 8.4, 0, 'Ci0402-0000000026', 'Ø9x11cm', 'Porta velas de vidro em tons de rosa, com interior em dourado. Pode ser usado também como jarra ou apenas decoração.', 'Glass candle holder in pink tones, with golden interior. It can also be used as a vase or just decoration.', 1, 0, 0, 13, 11, 13, 100, 33, 1),
(889, 4, 'Tealight Rosa M', 'Pink Tealight M', 18.5, 14.8, 0, 'Ci0402-0000000027', 'Ø11x13cm', 'Porta velas de vidro em tons de rosa, com interior em dourado. Pode ser usado também como jarra ou apenas decoração.', 'Glass candle holder in pink tones, with golden interior. It can also be used as a vase or just decoration.', 1, 0, 0, 15, 13, 15, 150, 34, 1),
(890, 13, 'Bouquet Rosas / Hydrangeas', 'Roses / Hydrangeas Bouquet', 16, 0, 1, 'Ci0404-0000000157', '37x20cm', 'Bouquet de rosas e hydrangeas em tons de vermelho, com folhas.', 'Bouquet of roses and hydrangeas in shades of red green, with leaves.', 1, 0, 0, 21, 25, 21, 30, 5, 1),
(891, 9, 'Bouquet flores de natal', 'Christmas flower bouquet', 18.3, 0, 0, 'Ci0404-0000000143', '80x33cm', 'Bouquet de flores natalícias em tons de vermelho, com folhas.', 'Bouquet of Christmas flowers in shades of red, with leaves.', 5, 0, 0, 39, 35, 39, 20, 57, 1),
(892, 13, 'Bouquet Rosas / Hydrangeas', 'Roses / Hydrangeas Bouquet', 19.6, 0, 0, 'Ci1404-0000000133', '26x17cm', 'Bouquet de rosas e hydrangeas em tons rosa e pérola, com folhas.', 'Bouquet of roses and hydrangeas in pink and pearl tones, with leaves.', 0, 0, 0, 20, 20, 20, 20, 7, 0),
(894, 9, 'Rena I', 'Reindeer', 13.5, 0, 1, 'Ci0501-0000000117', '18x17cm', 'Rena cerâmica, sentada, com gola de pêlo.', 'Ceramic reindeer, sitting, with fur collar', 1, 0, 0, 25, 25, 12, 250, 59, 1),
(895, 9, 'Rena II', 'Reindeer', 13.5, 0, 1, 'Ci0501-0000000117', '15x23cm', 'Rena cerâmica, em pé, com gola de pêlo.', 'Standing ceramic reindeer with fur collar', 1, 0, 0, 20, 15, 30, 250, 60, 1),
(896, 9, 'Carocha', 'Christmas Beetle', 12.5, 0, 1, 'CI0501-0000000144', 'aprox.17,5x14x9,5 cm', 'Carocha cerâmico, branco, com pinheiro iluminado com Led, a pilhas.', 'Ceramic beetle, white, with Christmas tree illuminated with Led, battery operated.', 0, 0, 0, 22, 15, 20, 250, 61, 0),
(898, 9, 'Sagrada família', 'Holy Family', 7.5, 0, 0, 'Ci0501-0000000008', '12x15cm', 'Presépio cerâmico composto por 4 figuras.', 'Ceramic crib composed of 4 figures.', 2, 0, 0, 15, 20, 15, 50, 62, 0),
(899, 9, 'Rena molas', 'Reindeer', 38, 0, 1, 'Ci0501-0000000120', 'aprox. 40x17x17cm', 'Rena em material têxtil, com pernas em molas metálicas.', 'Reindeer in textile material, with legs in metal springs.', 1, 0, 0, 40, 20, 20, 350, 65, 1),
(900, 9, 'Rena Acrílica', 'Acrylic reindeer', 5, 0, 0, 'Ci0501-0000000094', 'aprox. 15x10cm', 'Rena acrílica de pendurar.', 'Acrylic hanging reindeer.', 12, 0, 0, 17, 10, 17, 70, 64, 1),
(901, 9, 'Bola Pérola 10cm', 'Pearl Ball 10cm', 2.35, 0, 1, 'Ci0501-0000000102', '10cm', 'Decoração para Árvore de Natal. Material: Bola de vidro em tons de pérola.', 'Decoration for Christmas tree. Material: Glass ball in pearl tones.', 4, 1, 0, 10, 10, 10, 10, 63, 1),
(902, 9, 'Ramo de bolas mini', 'Branch of mini balls', 2.5, 0, 1, 'Ci0501-0000000122', '2cm', 'Decoração para Árvore de Natal. Material: Ramo de 12 bolas de vidro em tons de prata.', 'Decoration for Christmas tree. Material: Branch of 12 glass balls in silver tones.', 11, 0, 0, 4, 4, 4, 15, 52, 1),
(903, 9, 'Estrela de glitter', 'Glitter star', 5, 0, 1, 'Ci0501-0000000050', '7cm', 'Decoração para Árvore de Natal. Material: Estrela em vidro preenchida com glitters', 'Decoration for Christmas tree. Material: Glass star filled with glitters', 12, 0, 0, 9, 9, 9, 20, 53, 1),
(904, 9, 'Floco de neve', 'Snowflake', 2.5, 0, 1, 'Ci0501-0000000139', '16x5cm', 'Decoração para Árvore de Natal. Material: Ornamento em acrílico com forma de flocos de neve.', 'Decoration for Christmas tree. Material: Acrylic ornament in the shape of snowflakes.', 15, 1, 0, 10, 10, 10, 15, 54, 1),
(905, 9, 'Bola Pérola 8cm', 'Pearl Ball 8cm', 1, 0, 1, 'Ci0501-0000000101', '8cm', 'Decoração para Árvore de Natal. Material: Bola de vidro em tons de pérola.', 'Decoration for Christmas tree. Material: Glass ball in pearl tones.', 12, 0, 0, 10, 10, 10, 10, 55, 1),
(906, 9, 'Bola Ice Dourada 8cm', 'Golden Ice Ball 8cm', 1.5, 0, 1, 'Ci0501-0000000100', '8cm', 'Decoração para Árvore de Natal. Material: Bola dourada com pormenores a relembrar o gelo.', 'Decoration for Christmas tree. Material: Golden ball with details reminiscent of ice.', 4, 0, 0, 10, 10, 10, 10, 56, 1),
(907, 1, 'GRANITE', '', 30, 21, 0, 'Ci0202-0000000272', '50x40cm', 'Almofada em cetim, com acabamento em pesponto, com fecho. Frente/Verso: Liso/Liso. Recomenda-se lavagem a frio. Enchimento incluído.', '', 2, 1, 0, 55, 15, 45, 350, 32, 1),
(908, 9, 'Pinheiro nevado', 'Snowy pine tree', 18.5, 0, 1, 'Ci0501-0000000148', '35x17cm', 'Pinheiro nevado de pousar, em tons de verde e vermelho.', 'Snowy pine to land, in shades of green and red.', 1, 0, 0, 20, 20, 20, 150, 58, 1),
(909, 9, 'Caixas de natal', 'Christmas Boxes', 41.5, 29.1, 0, 'Ci0501-0000000141', '22x18x10cm', 'Conjunto de 6 caixas de natal, cada caixa com um padrão natalício diferente.', 'Set of 6 Christmas boxes, each box with a different Christmas pattern.', 1, 0, 0, 25, 20, 12, 700, 68, 1),
(910, 9, 'Presépio Terracota', 'Terracotta Nativity Scene', 7.5, 0, 1, 'Ci0501-0000000008', '14x12x7cm', 'Presépio terracota em cerâmica com 4 figuras.', 'Terracotta crib in ceramic with 4 figures.', 1, 0, 0, 15, 10, 15, 100, 67, 1),
(911, 13, 'Hydrangea creme', 'Hydrangea cream', 11.5, 0, 1, 'Ci0404-0000000147', '50x17cm', 'Haste Hydrangea com gelo em tons de creme, sem folhas.', 'Hydrangea stem with ice cream in shades, without leaves.', 2, 0, 0, 22, 18, 22, 100, 9, 1),
(912, 13, 'Rosa creme M', 'Cream rose M', 6.5, 0, 1, 'Ci1404-0000000146', '45x18cm', 'Haste de rosa com gelo, em tons de creme.', 'Rose stem with ice, in tons of cream.', 1, 0, 0, 22, 18, 22, 100, 10, 1),
(913, 13, 'Hydrangea laranja', 'Orange Hydrangea', 11.7, 0, 1, 'Ci1404-0000000148', '50x17cm', 'Haste Hydrangea com gelo em tons de laranja, sem folhas.', 'Hydrangea stem with ice in orange tones, without leaves.', 2, 0, 0, 22, 18, 22, 100, 11, 1),
(914, 13, 'Gold berry', 'Gold berry', 7.15, 0, 1, 'Ci1404-0000000152', '47x17cm', 'Haste com bagas em tons de dourado e brilhantes.', 'Stem with berries in golden and brilliant tones.', 2, 0, 0, 20, 18, 20, 100, 12, 1),
(915, 13, 'Rosa creme S', 'Cream rose S', 4.2, 0, 1, 'Ci1404-0000000144', '45x12cm', 'Haste de rosa com gelo, em tons de creme.', 'Rose stem with ice, in tons of cream.', 2, 0, 0, 22, 10, 22, 100, 13, 1),
(916, 9, 'Rena', 'Christmas Reindeer', 15.9, 0, 1, 'Ci0501-0000000128', '40x10cm', 'Rena de pousar, em tecido.', 'Reindeer to pose, made of tissue in Christmas colors.', 1, 0, 0, 25, 12, 12, 50, 66, 1),
(917, 9, 'Moldura de Renas', 'Reindeer Window', 49.2, 0, 1, 'Ci0501-0000000127', '24x37cm', 'Peça decorativa de natal em madeira, com renas em tons de branco.', 'Decorative wooden Christmas piece with reindeer in white tones.', 1, 0, 0, 40, 27, 10, 150, 1, 1),
(918, 9, 'Janela de Renas', 'Reindeer Window', 38.75, 0, 1, 'Ci0501-0000000126', '17x28cm', 'Peça decorativa de natal em madeira, com renas em tons de branco.', 'Decorative wooden Christmas piece with reindeer in white tones.', 1, 0, 0, 40, 10, 20, 150, 2, 1),
(919, 9, 'Anjo S', 'Angel S', 21.3, 0, 1, 'Ci0501-0000000130', '16x25cm', 'Peça decorativa natalícia em tons de branco.', 'Christmas decorative piece in white tones.', 1, 0, 0, 28, 15, 28, 75, 3, 0),
(920, 9, 'Anjo M', 'Angel M', 26.45, 0, 1, 'Ci0501-0000000131', '19x32cm', 'Peça decorativa natalícia em tons de branco.', 'Christmas decorative piece in white tones.', 1, 0, 0, 35, 22, 35, 80, 4, 1),
(921, 9, 'Pinheiro Verde', 'Green Pine', 11, 0, 1, 'Ci0501-0000000129', '38cm', 'Pinheiro natalício de pousar, em tons de verde.', 'Landing Christmas pine, in shades of green.', 2, 0, 0, 40, 40, 40, 75, 5, 1),
(922, 9, 'Ovelha', 'Sheep', 23.4, 0, 1, 'Ci0501-0000000125', 'aprox. 40x15x15cm', 'Peça decorativa de natal com pés metálicos.', 'Decorative Christmas piece with metallic feet.', 2, 0, 0, 40, 20, 20, 300, 6, 1),
(923, 11, 'Recarga Difusor 200ml \"Marquise\"', 'Marquise Diffuser', 13.9, 0, 1, 'Ci1404-0000000017', '200ml', 'Recarga para difusor Mathilde M. com fragrância de Marquise.', 'Refill for Mathilde M. diffuser with Marquise fragrance', 10, 0, 0, 10, 10, 15, 50, 45, 1),
(924, 11, 'Recarga Difusor 200ml \"Rose Élixir\"', 'Rose Élixir Diffuser', 13.9, 0, 1, 'Ci1404-0000000016', '200ml', 'Recarga para difusor Mathilde M. com fragrância de Rose Élixir.', 'Refill for Mathilde M. diffuser with Rose Élixir fragrance', 17, 0, 0, 10, 10, 15, 50, 44, 1),
(925, 1, 'Manta riscas', 'Striped blanket', 68.9, 48.23, 0, 'Ci0203-0000000062', '130x200cm', 'Manta em Algodão de cor azul marinho. Recomenda-se lavagem a frio.', 'Cotton Blanket. Cold wash is recommended.', 2, 0, 0, 140, 75, 140, 600, 26, 1),
(926, 1, 'Charcoal', 'Charcoal', 49, 34.3, 1, 'Ci0202-0000000252', '55x45cm', 'Almofada em linho, com acabamento em pesponto, com fecho. Frente/Verso: Padrão/Padrão. Recomenda-se lavagem a frio. Enchimento incluído.', 'Cushion with linen, finished with backstitch, with zipper. Front / Back: Plain / Plain. Cold wash is recommended. Filling included.', 0, 0, 0, 58, 20, 50, 200, 33, 0),
(927, 1, 'Manta chevron', 'Chevron blanket', 68.9, 48.23, 0, 'Ci0203-0000000063', '130x200cm', 'Manta em Algodão de cor bege. Recomenda-se lavagem a frio.', 'Cotton Blanket. Cold wash is recommended.', 1, 0, 0, 140, 75, 140, 600, 27, 1),
(928, 1, 'Gold', 'Gold', 64, 44.8, 0, 'Ci1202-0000000280', '45x45', 'Almofada em algodão, viscose e polyéster, com acabamento em vivo, com fecho. Enchimento incluído. Frente/Verso: Padrão/Padrão. Lavagem a seco.', 'Cushion in viscous cotton and polyester, with live finish, with zipper. Filling included. Front / Back: Pattern / Pattern. Dry clean.', 2, 0, 0, 50, 50, 15, 200, 30, 1),
(929, 1, 'Bahamas', 'Bahamas', 88.5, 61.95, 0, 'Ci1202-0000000279', '50x50', 'Almofada em algodão, viscose e polyéster, com acabamento em vivo, com fecho. Enchimento incluído. Frente/Verso: Padrão/Padrão. Lavagem a seco.', 'Cushion in cotton, viscose and polyester, with live finish, with zipper. Filling included. Front / Back: Pattern / Pattern. Dry clean.', 2, 0, 0, 55, 55, 15, 250, 18, 1),
(930, 11, 'Recarga Fleur de Lotus', 'Fleur de Lotus refill', 6.5, 0, 1, 'Ci1404-0000000024', '7 x 4 cm', 'Recarga para difusor \"Paradis Fleuri\" da Mathilde M.', 'Refill for Mathilde M. \"Paradis Fleuri\" diffuser', 3, 0, 0, 8, 8, 6, 20, 32, 1),
(932, 3, 'Candeeiro de mesa dourado', 'Silver table lamp', 193, 0, 0, 'Ci1404-xxxx', 'Ø21xH58cm', 'Candeeiro de Mesa. Material: Vidro com base metálica dourada. Acessórios eléctricos: Suporte da lâmpada de luz E27, max 60W, inclui cabo de 165cm e interruptor manual. Lâmpada não incluída. Abajur não incluído.', 'Table lamp. Material: Glass painted in black and gold. Electrical accessories: E27 light bulb holder, 60W max, includes a 165cm red cable and a manual switch.', 0, 0, 0, 60, 25, 60, 1000, 0, 0),
(933, 3, 'Bule', 'teapot', 168.6, 0, 0, 'Ci1404-xxxx', 'Ø33xH45cm', 'Candeeiro de Mesa. Material: Vidro pintado a dourado. Acessórios eléctricos: Suporte da lâmpada de luz E27, max 60W, inclui cabo de 165cm e interruptor manual. Lâmpada não incluída. Abajur não incluído.', 'Table lamp. Material: Glass painted in gold. Electrical accessories: E27 light bulb holder, 60W max, includes a 165cm red cable and a manual switch.', 0, 0, 0, 50, 35, 50, 1000, 0, 0),
(934, 4, 'BANDEJA dourada', 'Golden tray', 25, 20, 0, 'Ci0411-0000000062', '38x18x5cm', 'Bandeja metálica, acabamento mate em tons de dourado com base em espelho.', 'Metallic tray, matte finish in gold tones with mirror base.', 2, 0, 0, 40, 21, 10, 250, 13, 1),
(935, 6, 'Mesa de apoio mármore', 'Side table with marble top', 390, 0, 0, 'Ci0107-0000000069', 'L41 x C41 x A59 cm', 'Mesa de Apoio. Material: Perna metálica dourada, com base em preto e tampo em mármore.', 'Support desk. Material: Metal painted in gold and black, with marble top.', 1, 0, 0, 50, 50, 40, 10000, 0, 1),
(936, 11, 'Difusor \"Les Intemporels\" Antoinette', 'Diffuser \"Les Intemporels\" Antoinette', 32, 22.4, 0, 'CI1404-0000000028', 'Ø6,5x12,7cm', 'Difusor de fragrâncias domésticas da Mathilde M. de 200ml, com aroma floral, complementada com um mel gourmet e flores brancas. \r\n\r\nA duração da fragrância depende da frequência com que são girados os sticks, da temperatura do ambiente e também da estação do ano. 9 Sticks incluídos.', 'Mathilde M. 200ml home fragrance diffuser, with floral scent, complemented with gourmet honey and white flowers.\r\n\r\nThe duration of the fragrance depends on the frequency with which the sticks are rotated, the temperature of the environment and also the season. 9 Sticks included.', 7, 0, 0, 10, 10, 15, 225, 18, 1),
(937, 11, 'Coração bordado \"Rose Élixir\"', 'Sacred Heart \"Rose Elixir\"', 2.5, 0, 0, 'CI1404-0000000025', '6 x 6 x 2 cm', 'Peça em gesso Mathilde M. em forma de coração com laço rosa. Aroma de \"Rose Élixir\" que combina rosas e violetas com uma base de almíscares brancos.', 'Mathilde M. plaster heart-shaped piece with pink bow. \"Rose Élixir\" aroma that combines roses and violets with a base of white musks.', 37, 0, 0, 8, 8, 4, 25, 23, 0),
(938, 11, 'Recarga Difusor 200ml \"Antoinette\"', 'Antoinette Diffuser', 13.9, 0, 1, 'CI1404-0000000029', '200ml', 'Recarga para difusor Mathilde M. com fragrância de Antoinette.', 'Refill for Mathilde M. diffuser with Antoinette fragrance', 6, 0, 0, 10, 10, 15, 50, 33, 1),
(939, 11, 'Sagrado Coração \"Marquise\"', 'Sacred Heart \"Marquise\"', 18, 0, 1, 'CI0411-0000000066', '11 x 9 x 2,5 cm', 'Peça em gesso Mathilde M. em forma de coração com laço rosa, é adornada com uma delicada impressão de bordados do século XVIII, combina aromas baunilha e almíscar.', 'Heart shaped plaster Mathilde M. with pink bow, adorned with a delicate print of 18th century embroidery, combines aromas of vanilla and musk.', 4, 0, 0, 13, 11, 4, 35, 15, 1),
(940, 11, 'Folhas de sabonete perfumado \"Marquise\"', 'Scented soap sheets \"Marquise\"', 8.65, 6.05, 0, 'CI1404-0000000027', '8 x 5,2 cm', 'Refinada e elegante, a folha de sabonete com aroma a jasmim deixa as suas mãos delicadamente perfumadas, transforma-se em espuma em contato com a água.', 'Refined and elegant, the jasmine-scented soap sheet leaves your hands delicately scented, turns into foam in contact with water.', 21, 0, 0, 10, 10, 10, 25, 24, 1),
(941, 11, 'Bombonera Mathilde M', 'Bombonera Mathilde M.', 31.25, 21.88, 0, 'CI0411-0000000067', '11 x 25 cm', 'Bombonera de vidro, perfeita para guardar doces ou acessórios.', 'Glass Mathilde M., perfect for storing sweets or accessories.', 4, 0, 0, 28, 15, 28, 200, 30, 1),
(942, 11, 'Bolsa dourada para decorações perfumadas', 'Golden bag for scented decorations', 3.65, 0, 1, 'CI1404-0000000026', '12,5 x 14,5 x 2,5 cm', 'Bolsa em tons de ouro com brilhantes para decorações perfumadas.', 'Gold tones bag with sparkles for scented decorations.', 8, 0, 0, 14, 16, 4, 25, 34, 1),
(943, 4, 'Tabuleiro cromado', 'Chromed tray', 60, 42, 0, 'Ci1402-0000000063', 'L 30 x C 30 x A/E 5 cm', 'Bandeja com estrutura cromada e base em vidro escuro.', 'Chrome-plated tray with dark glass base.', 0, 0, 0, 33, 33, 7, 800, 14, 0),
(944, 1, 'Mikado Coral', 'Coral Mikado', 47.5, 33.25, 0, 'CI0202-0000000182', '45x45cm', 'Almofada em Algodão e Linho, com caixa em cetim e fecho. Enchimento incluído. Frente/Verso: Padrão/Padrão. Recomenda-se lavagem a 30º.', 'Cotton and Linen Cushion, with velvet box and zipper. Filling included. Front/Back: Pattern/Pattern. It is recommended to wash at 30º.', 2, 0, 0, 50, 50, 10, 250, 31, 1),
(945, 1, 'Chuck', 'Chuck', 70.5, 49.35, 0, 'Ci1404-xxxx', '45x45cm', 'Almofada em Algodão, Viscose e Linho em tons de castanho com fecho. Enchimento incluído. Frente/Verso: Padrão/Padrão. Recomenda-se lavagem a seco.', 'Cushion in Cotton, Viscose and Linen in brown tones with zipper. Filling included. Front/Back: Pattern/Pattern. Dry cleaning is recommended.', 2, 0, 0, 50, 50, 15, 250, 23, 1),
(948, 11, 'Gel Hidroalcoólico com fragância', 'Hydroalcoholic Gel with fragrance', 18.45, 0, 1, 'Ci0404-0000000030', '500ml', 'Fórmula hidra alcoólica em forma de gel, com fragância e de secagem rápida. \r\nDestinado à higienização das mãos; contém hidratantes que ajudam a manter a pele saudável;\r\nFormulação com 70% de álcool; Não requer enxaguamento com água.', 'Alcoholic hydra formula in gel form, with fragrance and quick drying.\r\nIntended for hand hygiene; contains moisturizers that help keep your skin healthy;\r\nFormulation with 70% alcohol; It does not require rinsing with water.', 5, 1, 0, 23, 10, 23, 500, 31, 1),
(949, 6, 'Tamborete Branco', 'White Stool', 330, 0, 0, 'CI0407-0000000019', '34x34x47cm', 'Tamborete em cerâmica de cor branca.', 'White ceramic stool.', 2, 0, 0, 50, 40, 40, 2000, 0, 1),
(950, 4, 'Jarra Mostarda', 'Mustard Jar', 52.7, 36.89, 0, 'Ci0401-0000000148', '23x27cm', 'Jarra cerâmica com asa na cor mostarda.', 'Ceramic mustard Jar with an handle.', 2, 0, 0, 30, 30, 26, 500, 17, 1),
(951, 4, 'Jarra Ocre', 'Ochre Jar', 16.4, 11.48, 0, 'CI0401-0000000144', '18x8cm', 'Jarra cerâmica em cor ocre.', 'Ceramic ochre jar', 6, 0, 0, 21, 11, 21, 200, 18, 1),
(952, 3, 'Candeeiro de mesa verde mate', 'Matt green table lamp', 120, 0, 0, 'CI0301-0000000074', '11x11x38,5cm', 'Candeeiro de Mesa. Material: Base cerâmica em verde mate. Acessórios eléctricos: Suporte da lâmpada de luz E27, max 60W, inclui cabo de 165cm e interruptor manual. Lâmpada não incluída. Abajur não incluído.', 'Table lamp. Material: Ceramic base in matt green. Electrical accessories: E27 light bulb holder, max 60W, includes 165cm cable and manual switch. Lamp not included. Lamp not included.', 2, 0, 0, 42, 15, 38, 200, 0, 1),
(953, 4, 'Vaso Pincelado', 'Brushed Vase', 41.7, 29.19, 0, 'CI0401-0000000146', '17x17cm', 'Vaso cerâmico com efeito pincelado em tons de preto, laranja e cinza.', 'Ceramic vase with brushed effect in shades of black, orange and gray.', 3, 0, 0, 20, 20, 20, 800, 19, 1),
(954, 4, 'Porta jóias', 'Jewelry case', 32.9, 23.03, 0, 'CI0409-000000007', '19x31cm', 'Porta jóias em madeira e meta, cor preto.', 'Black and metal jewelry case, in black.', 4, 0, 0, 33, 23, 33, 100, 20, 1),
(955, 4, 'Black & White', 'Black & White', 40.6, 28.42, 0, 'Ci0401-0000000145', '25x18,5x18cm', 'Jarra cerâmica, com aba e riscas pretas e brancas.', 'Ceramic jar, with black and white flap and stripes.', 1, 0, 0, 30, 22, 30, 300, 21, 1),
(956, 4, 'Peach', 'Peach', 55, 38.5, 0, 'CI0401-0000000147', '27x19x19cm', 'Jarra de vidro, em tons de pêssego.', 'Glass jar, in peach tones', 1, 0, 0, 30, 25, 30, 500, 22, 1),
(957, 5, 'Quadro Garance Valleé', 'Garance Valleé Frame', 98.8, 0, 0, 'Ci0412-0000000091', '69x49x2,5cm', 'Peça de autor do artista francês Garance Valleé, com moldura em madeira de carvalho.', 'Author\'s piece by the French artist Garance Valleé, framed in oak wood.', 1, 0, 0, 53, 5, 72, 1000, 1, 1),
(958, 5, 'Quadro Relief', 'Relief frame', 550, 0, 0, 'Ci0412-0000000092', '83x63x4cm', 'Quadro decorativo em feltro com efeitos de relevos. Moldura em madeira de freixo.', 'Decorative frame in felt with relief effects. Ash wood frame.', 0, 0, 0, 88, 66, 88, 800, 0, 1),
(959, 4, 'Bandeja Speckled', 'Speckled tray', 22, 15.4, 0, 'Ci0411-0000000069', '35x24x3cm', 'Bandeja cerâmica branco mate, com efeito salpicado.', 'Matt white ceramic tray, with speckled effect.', 1, 0, 0, 40, 30, 5, 400, 12, 1),
(960, 4, 'Painél wall art', 'Wall art panel', 55, 38.5, 0, 'Ci0413-0000000003', '26,5x23,5x2cm', 'Painel de parede em cerâmico branco fosco.', 'Matte white ceramic wall panel.', 0, 0, 0, 28, 5, 28, 500, 11, 0),
(961, 3, 'Candeeiro de mesa Branco', 'White table lamp', 395, 0, 0, 'CI0301-0000000073', '61,3x56x56cm', 'Candeeiro de mesa com cúpula em acrílico branco.  Lâmpadas E27, não incluídas.', 'White acrylic dome table lamp.', 0, 0, 0, 64, 60, 64, 4500, 0, 1),
(962, 1, 'Magnólia bege', 'Beige magnolia', 52.2, 0, 0, 'CI0202-0000000292', '50x40cm', 'Almofada em poliéster, em tons de bege e verde com fecho e acabamento em vivo. Enchimento incluído. Frente/Verso: Padrão/Liso. Recomenda-se lavagem a frio.', 'Polyester cushion, in beige and green tones with zipper and vivid finish. Filling included. Front / Back: Pattern / Smooth. Cold wash is recommended.', 0, 1, 0, 55, 15, 45, 250, 19, 1),
(963, 1, 'Almofada Rattan', 'Rattan Cushion', 80.5, 56.35, 0, 'CI0202-0000000269', '50x40cm', 'Almofada em algodão, com padrão em riscas e acabamento em franja, com fecho. Frente/Verso: Padrão/Padrão. Recomenda-se lavagem a frio.', 'Cotton cushion with stripe pattern and fringe finish, with zipper. Front / Back: Pattern / Pattern. Cold wash is recommended.', 2, 1, 0, 55, 15, 45, 300, 16, 1),
(964, 3, 'Abajur juta', 'Jute lamp', 60.3, 0, 0, 'CI0305-0000000061', '32x27x24cm', 'Abajur em forma de hexágono de linho na cor laranja. Lâmpada não incluída.', 'Linen hexagon lamp in orange color.', 1, 0, 0, 35, 30, 30, 250, 0, 1),
(965, 1, 'Floral', 'Floral', 29.9, 0, 0, 'CI0202-0000000289', '60x45cm', 'Almofada em poliéster, em tons de rosa e amarelo com fecho e acabamento em vivo amarelo. Enchimento incluído. Frente/Verso: Padrão/Padrão. Recomenda-se lavagem a frio.', 'Pink and yellow polyester cushion with zipper and bright yellow finish. Filling included. Front / Back: Pattern / Pattern. Cold wash is recommended.', 0, 1, 0, 65, 15, 50, 300, 17, 1),
(966, 4, 'CAIXA GR. OURO/PRETO', 'BOX GR. BLACK & GOLD', 39, 27.3, 0, 'Ci0409-0000000005', '20X9cm', 'Caixa cerâmica em tons de branco, preto e dourado.', 'Ceramic box in shades of black and gold.', 0, 0, 0, 23, 23, 11, 300, 7, 0),
(967, 4, 'CAIXA PQ. OURO/PRETO', 'Ceramic box', 28, 19.6, 0, 'Ci0409-0000000006', '15x7cm', 'Caixa cerâmica em tons de branco, preto e dourado.', 'Ceramic box in gold, black and white colors.', 0, 0, 0, 18, 18, 10, 200, 8, 0),
(968, 1, 'Manta losangos', 'Blanket', 25, 0, 0, 'Ci0203-0000000041', 'L 170 x C 130 x cm', 'Manta em algodão em preto e bege. Recomenda-se lavagem a frio.', 'Black and beige cotton blanket. Cold wash is recommended.', 2, 0, 0, 32, 32, 10, 400, 25, 1),
(969, 1, 'Manta chevron', 'Manta chevron', 25, 17.5, 0, 'Ci0203-0000000042', 'L 170 x C 130 x cm', 'Manta em algodão em preto e branco. Recomenda-se lavagem a frio.', 'Black and white cotton blanket. Cold wash is recommended.', 1, 0, 0, 32, 32, 10, 400, 24, 1),
(970, 1, 'Chevron', 'Chevron', 20, 0, 0, 'Ci0202-0000000157', '60x40cm', 'Almofada em algodão em preto e branco. Frente/Verso: Padrão/Liso. Recomenda-se lavagem a frio.', 'Black and white cotton cushion. Front / Back: Pattern / Smooth. Cold wash is recommended.', 0, 0, 0, 62, 42, 10, 200, 28, 1),
(971, 1, 'Losangos', 'rhombus', 20, 0, 0, 'Ci0202-0000000154', '60x40cm', 'Almofada em algodão em preto e branco. Frente/Verso: Padrão/Liso. Recomenda-se lavagem a frio.', 'Black and white cotton cushion. Front / Back: Pattern / Smooth. Cold wash is recommended.', 1, 0, 0, 62, 42, 10, 200, 15, 0),
(972, 1, 'Milky', 'Milky', 57.4, 0, 0, 'Ci0202-0000000300', '45x30cm', 'Almofada em tecido texturado composto por viscose e poliéster, de cor branco leite com acabamento em franja preta. Fecho e enchimento incluídos. Frente/Verso: Liso/Liso. Recomenda-se lavagem a frio.', 'Textured fabric cushion composed of viscose and polyester, in milk white color with black fringe finish. Closure and filling included. Front / Back: Plain / Plain. Cold wash is recommended.', 0, 1, 0, 50, 15, 35, 250, 12, 1),
(973, 1, 'Milky', 'Milky', 61.6, 0, 0, 'Ci0202-0000000299', '45x45cm', 'Almofada em tecido texturado composto por viscose e poliéster, de cor branco leite com acabamento em vivo preto. Fecho e enchimento incluídos. Frente/Verso: Liso/Liso. Recomenda-se lavagem a frio.', 'Textured fabric cushion composed of viscose and polyester, in milk white color with with a black finish. Closure and filling included. Front / Back: Plain / Plain. Cold wash is recommended.', 2, 1, 0, 50, 15, 35, 250, 13, 1),
(974, 4, '3 Cestos', '3 Baskets', 54, 37.8, 0, 'Ci0414-0000000007', 'Ø35xH28cm / Ø32xH26cm / Ø28xH24cm', 'Conjunto de 3 cestos artesanais feitos em verga preta', 'Set of 3 handmade baskets made of black lintel', 0, 0, 0, 37, 32, 37, 500, 9, 0),
(975, 1, 'Geométrica', 'Geometric', 34, 23.8, 0, 'Ci0202-0000000281', '55x40cm', 'Almofada em tecido acetinado, com padrão geométrico, acabamento em vivo e fecho. Frente/Verso: Padrão/Padrão. Recomenda-se lavagem a frio. Enchimento incluído.', 'Satin cushion, with geometric pattern in pearl and black, finish in vivid and zipper. Front / Back: Pattern / Pattern. Cold wash is recommended. Filling included.', 2, 0, 0, 58, 15, 43, 300, 14, 1),
(976, 3, 'STONE', 'STONE', 120.5, 0, 0, 'CI0301-0000000076', '58x15cm', 'Base de candeeiro de mesa. Material: Mármore preto e base cromada. Acessórios eléctricos: Suporte da lâmpada de luz E27, max 40W, inclui cabo preto e interruptor manual. Abajur não incluído.', '', 0, 1, 0, 62, 20, 62, 1000, 0, 1),
(977, 4, 'Escultura terracota', 'Terracotta sculpture', 39, 0, 0, 'Ci0411-0000000070', '18x15x25cm', 'Escultura de cabeça asbtrata feita em terracota.', 'Sculpture of asbtrata head made in terracotta.', 3, 0, 0, 20, 20, 30, 400, 6, 1),
(978, 4, 'Jarra Gelo', 'Ice Jar', 45, 0, 0, 'Ci0401-0000000149', '23,5x9x20cm', 'Jarra cerâmica em tons de azul gelo.', 'Ceramic vase in shades of ice blue.', 1, 0, 0, 23, 11, 25, 350, 5, 1),
(979, 4, 'Jarra Biscuit III', 'Biscuit jar', 35, 0, 0, 'CI0401-0000000152', '8,5x8,5x18cm', 'Jarra em cerâmica branca , inspirada nas antigas peças de Biscuit, com acabamento em branco mate.', 'White ceramic jar, inspired by the ancient Biscuit pieces, with a matt white finish.', 3, 0, 0, 10, 10, 20, 150, 3, 1),
(980, 4, 'Jarra Biscuit II', 'Biscuit jar', 35, 35, 0, 'CI0401-0000000151', '15,5x15,5x21,5cm', 'Jarra em cerâmica branca , inspirada nas antigas peças de Biscuit, com acabamento em branco mate.', 'White ceramic jar, inspired by the ancient Biscuit pieces, with a matt white finish.', 3, 0, 0, 17, 17, 25, 150, 2, 1),
(981, 4, 'Jarra Biscuit IV', 'Biscuit jar', 35, 0, 0, 'Ci0401-0000000153', '9x9x25cm', 'Jarra em cerâmica branca , inspirada nas antigas peças de Biscuit, com acabamento em branco mate.', 'White ceramic jar, inspired by the ancient Biscuit pieces, with a matt white finish.', 1, 0, 0, 10, 10, 30, 150, 4, 1),
(982, 4, 'Jarra Biscuit I', 'Biscuit jar', 35, 0, 0, 'Ci0401-0000000150', '11x11x22cm', 'Jarra em cerâmica branca , inspirada nas antigas peças de Biscuit, com acabamento em branco mate.', 'White ceramic jar, inspired by the ancient Biscuit pieces, with a matt white finish.', 2, 0, 0, 13, 13, 25, 150, 1, 1),
(983, 13, 'Orquídea rosa', 'Rose orchid', 28, 0, 1, 'Ci0404-0000000137', '30x18cm', 'Orquídea com vaso branco e flor em tons de rosa', 'Orchid with white vase and flower in shades of pink.', 0, 0, 0, 35, 25, 35, 150, 1, 0),
(984, 1, 'Manta Navy', 'Navy Blanket', 38.3, 0, 0, 'Ci0203-0000000071', '130x190cm', 'Manta em algodão chenille em tons de azul escuro. Recomenda-se lavagem a frio.', 'Blanket in chenille cotton in shades of dark blue. Cold wash is recommended.', 0, 0, 0, 37, 23, 12, 250, 10, 0),
(985, 1, 'Manta Mostarda', 'Mustard Blanket', 38.3, 0, 0, 'Ci0203-0000000068', '130x190cm', 'Manta em algodão chenille em tons de amarelo mostarda. Recomenda-se lavagem a frio.', 'Blanket in chenille cotton in shades of mustard yellow. Cold wash is recommended.', 0, 0, 0, 37, 23, 12, 250, 11, 1),
(986, 1, 'Manta Antracite', 'Anthracite Blanket', 38.3, 0, 0, 'Ci0203-0000000072', '130x190cm', 'Manta em algodão chenille em tons de cinza antracite. Recomenda-se lavagem a frio.', 'Blanket in chenille cotton in shades of anthracite gray. Cold wash is recommended.', 1, 0, 0, 37, 23, 12, 250, 8, 1),
(987, 11, 'Difusor \"Les Intemporels\" Figuier Dolce', 'Diffuser \"Les Intemporels\" Figuier Dolce', 32, 0, 1, 'Ci1404-0000', 'Ø6,5x12,7cm', 'Difusor de fragrâncias domésticas da Mathilde M. de 200ml, com aroma deliciosamente leitoso e verde de figos que se confunde com o de bergamota e lilás.                   \r\n\r\nA duração da fragrância depende da frequência com que são girados os sticks, da temperatura do ambiente e também da estação do ano. 9 Sticks incluídos.', 'Mathilde M. 200ml home fragrance diffuser, with a deliciously milky and green fig aroma that blends with that of bergamot and lilac.\r\n\r\nThe duration of the fragrance depends on the frequency with which the sticks are rotated, the temperature of the environment and also the season. 9 Sticks included.', 4, 0, 0, 10, 10, 15, 225, 17, 1),
(988, 11, 'VELA \"LES INTEMPORELS\" FIGUIER DOLCE', '\"LES INTEMPORELS\" FIGUIER DOLCE CANDLE', 18, 0, 1, 'CI0402-0000000035', 'Ø7,5x9cm', 'Vela perfumada da Mathilde M., com aroma deliciosamente leitoso e verde de figos que se confunde com o de bergamota e lilás. Esta vela perfumada difunde uma luz suave e uma fragrância delicada.  O tempo de difusão da vela é de +/- 30h.', 'Scented candle by Mathilde M., with a deliciously milky and green fig aroma that blends with that of bergamot and lilac. This scented candle diffuses a soft light and a delicate fragrance. The diffusion time of the candle is +/- 30h.', 4, 0, 0, 10, 10, 12, 150, 21, 1),
(989, 11, 'VELA \"palazzo bello\" Marquise', 'CANDLE \"palazzo bello\" Marquise', 28.5, 0, 1, 'CI0402-0000000034', '15 x 10 x 15,5 cm', 'Vela perfumada da Mathilde M., com aroma de notas amadeiradas e picantes com a doçura da baunilha e almíscares. Esta vela perfumada difunde uma luz suave e uma fragrância delicada.  O tempo de difusão da vela é de +/- 45h.', 'Scented candle by Mathilde M., with aroma of woody and spicy notes with the sweetness of vanilla and musk. This scented candle diffuses a soft light and a delicate fragrance. The diffusion time of the candle is +/- 45h.', 4, 0, 0, 15, 20, 20, 300, 13, 1),
(990, 11, 'VELA \"palazzo bello\" figuier dolce', 'CANDLE \"palazzo bello\" figuier dolce', 28.5, 0, 1, 'CI0402-0000000035', '15 x 10 x 15,5 cm', 'Vela perfumada da Mathilde M., com aroma deliciosamente leitoso e verde de figos que se confunde com o de bergamota e lilás. Esta vela perfumada difunde uma luz suave e uma fragrância delicada.  O tempo de difusão da vela é de +/- 45h.', 'Scented candle by Mathilde M., with a deliciously milky and green fig aroma that blends with that of bergamot and lilac. This scented candle diffuses a soft light and a delicate fragrance. The diffusion time of the candle is +/- 45h.', 4, 0, 0, 15, 20, 20, 300, 12, 1),
(991, 11, 'Andorinha bordada \"Figuier Dolce\"', 'Sacred Heart \"Figuier Dolce\"', 3.95, 0, 1, 'CI1404-0000000037', '12,5 x 11,7 x 4 cm', 'Peça em gesso Mathilde M. em forma de andorinha com laço castanho. Aroma de \"Figuier Dolce\" deliciosamente leitoso e verde de figos que se confunde com o de bergamota e lilás.', 'Mathilde M. plaster in the shape of a swallow with brown bow. Aroma of \"Figuier Dolce\", deliciously milky and green with figs that mixes with that of bergamot and lilac.', 46, 0, 0, 15, 15, 6, 75, 1, 1),
(992, 11, 'Coffret Vela \"Palazzo Bello - Marquise\"', 'Coffret Vela \"Palazzo Bello - Marquise\"', 26.5, 0, 1, 'CI0410-0000000028', '15,9 x 13,5 x 7,4 cm', 'Conjunto Palazzo Bello com perfume \"Marquise\" fresco e leve de 30ml, uma caixa com três rosas em folhas de sabonete perfumadas e uma vela perfumada \"Marquise\" em porcelana de 85g.\r\n\r\nO tempo de difusão da vela é de +/- 25h.', 'Palazzo Bello set with a fresh and light 30ml \"Marquise\" perfume, a box with three roses in scented soap sheets and a 85g porcelain biscuit \"Marquise\" scented candle.', 3, 0, 0, 20, 17, 10, 400, 9, 1),
(993, 11, 'Coffret Vela \"Palazzo Bello - Fleur de Coton\"', 'Coffret Vela \"Palazzo Bello - Fleur de Coton\"', 26.5, 0, 1, 'CI0410-0000000029', '15,9 x 13,5 x 7,4 cm', 'Conjunto Palazzo Bello com perfume \"Fleur de Coton\" fresco e leve de 30ml, uma caixa com três rosas em folhas de sabonete perfumadas e uma vela perfumada \"Fleur de Coton\" em porcelana de 85g.\r\n\r\nO tempo de difusão da vela é de +/- 25h.', 'Palazzo Bello set with a fresh and light 30ml \" Fleur de Coton\" perfume, a box with three roses in scented soap sheets and a 85g porcelain biscuit \" Fleur de Coton\" scented candle.', 3, 0, 0, 20, 17, 10, 400, 8, 1),
(994, 11, 'Coffret Vela \"Palazzo Bello - Figuier dolce\"', 'Coffret Vela \"Palazzo Bello - Figuier dolce\"', 26.5, 0, 1, 'CI0410-0000000027', '15,9 x 13,5 x 7,4 cm', 'Conjunto Palazzo Bello com perfume \" Figuier dolce\" fresco e leve de 30ml, uma caixa com três rosas em folhas de sabonete perfumadas e uma vela perfumada \" Figuier dolce\" em porcelana de 85g.\r\n\r\nO tempo de difusão da vela é de +/- 25h.', 'Palazzo Bello set with a fresh and light 30ml \"Figuier dolce\" perfume, a box with three roses in scented soap sheets and a 85g porcelain biscuit \"Fleur de Coton\" scented candle.', 3, 0, 0, 20, 17, 10, 400, 7, 1),
(995, 11, 'Coffret Perfumado \"Palazzo Bello - Marquise\"', 'Scented Coffret \"Palazzo Bello - Marquise\"', 21.5, 0, 1, 'CI0410-0000000030', '16,2 x 12 x 7,4 cm', 'Conjunto Palazzo Bello com flor em gesso perfumado e fita rosa, um saco perfumado adornado com uma flor e gesso não perfumados.', 'Palazzo Bello set with perfumed plaster flower and pink ribbon, a perfumed bag adorned with a non-perfumed flower and plaster.', 4, 0, 0, 20, 15, 10, 400, 11, 1),
(996, 11, 'Coffret Perfumado \"Palazzo Bello - Fleur de Coton\"', 'Scented Coffret \"Palazzo Bello - Marquise\"', 21.5, 0, 1, 'CI0410-0000000031', '16,2 x 12 x 7,4 cm', 'Conjunto Palazzo Bello com flor em gesso perfumado e fita rosa, um saco perfumado adornado com uma flor e gesso não perfumados.', 'Palazzo Bello set with perfumed plaster flower and pink ribbon, a perfumed bag adorned with a non-perfumed flower and plaster.', 4, 0, 0, 20, 15, 10, 400, 10, 1),
(997, 11, 'Coffret de 2 pochettes perfumadas', 'Coffret of two pochettes scented', 21.5, 0, 0, 'CI0410-0000000026', '25,8 x 11,4 x 3,5 cm', 'Duas bolsas perfumadas com Fig Tree Dolce, um perfume doce e suave cujo aroma deliciosamente leitoso e verde de figos que se confunde com o de bergamota e lilás', 'Two bags perfumed with Fig Tree Dolce, a sweet and gentle scent whose deliciously milky and fig-green aroma that blends with that of bergamot and lilac', 4, 0, 0, 28, 15, 5, 150, 14, 1),
(998, 11, 'Presente perfumado Palazzo Bello - Figuier Dolce', 'Scented gift Palazzo Bello - Figuier Dolce', 8.9, 0, 1, 'CI1404-0000000035', '9,5 x 10 x 6,7 cm', 'Peça em gesso perfumado Mathilde M. em forma de borboleta com \"Figuier Dolce\" e perfume com aroma fresco e leve de 5ml', 'Piece of perfumed plaster Mathilde M. in the shape of a butterfly with \"Figuier Dolce\" and a scent with a fresh and light aroma of 5ml', 6, 0, 0, 9, 12, 12, 50, 4, 1),
(999, 11, 'Presente perfumado Palazzo Bello - Fleur de Coton', 'Scented gift Palazzo Bello - Fleur de Coton', 8.9, 0, 1, 'CI1404-0000000034', '9,5 x 10 x 6,7 cm', 'Peça em gesso perfumado Mathilde M. em forma de flor com \"Fleur de Coton\" e perfume com aroma fresco e leve de 5ml', 'Piece of perfumed plaster Mathilde M. in the shape of a flower with \"Figuier Dolce\" and a scent with a fresh and light aroma of 5ml', 5, 0, 0, 9, 12, 12, 50, 5, 1),
(1000, 11, 'Presente perfumado Palazzo Bello - Marquise', 'Scented gift Palazzo Bello - Marquise', 8.9, 0, 1, 'CI1404-0000000036', '9,5 x 10 x 6,7 cm', 'Peça em gesso perfumado Mathilde M. em forma de coração com \"Figuier Dolce\" e perfume com aroma fresco e leve de 5ml', 'Piece of perfumed plaster Mathilde M. in the shape of a heart with \"Figuier Dolce\" and a scent with a fresh and light aroma of 5ml', 5, 0, 0, 9, 12, 12, 50, 6, 1),
(1001, 11, 'Flor bordada \"Figuier Dolce\"', 'Sacred flower \"Figuier Dolce\"', 2.95, 0, 1, 'CI1404-0000000033', '? 4,6 x 1,5 cm', 'Peça em gesso Mathilde M. em forma de flor com laço castanho. Aroma de \"Figuier Dolce\" deliciosamente leitoso e verde de figos que se confunde com o de bergamota e lilás.', 'Mathilde M. plaster in the shape of a flower with brown bow. Aroma of \"Figuier Dolce\", deliciously milky and green with figs that mixes with that of bergamot and lilac.', 49, 0, 0, 15, 15, 6, 75, 2, 1),
(1002, 11, 'Borboleta bordada \"Figuier Dolce\"', 'Sacred butterfly \"Figuier Dolce\"', 2.95, 0, 1, 'CI1404-0000000032', '6,5 x 4,5 x 1,2 cm', 'Peça em gesso Mathilde M. em forma de borboleta com laço castanho. Aroma de \"Figuier Dolce\" deliciosamente leitoso e verde de figos que se confunde com o de bergamota e lilás.', 'Mathilde M. plaster in the shape of a butterfly with brown bow. Aroma of \"Figuier Dolce\", deliciously milky and green with figs that mixes with that of bergamot and lilac.', 50, 0, 0, 15, 15, 6, 75, 3, 1),
(1003, 13, 'Amaryllis Pérola', 'Amorillis Pearl', 7.15, 0, 1, 'ci0404-0000000077', 'H-77cm', 'Pé de Amorillis, em tons pérola com várias folhas.', 'Amorillis foot, in pearl tones with several leaves', 3, 0, 0, 39, 26, 20, 100, 0, 1),
(1004, 13, 'Prótea Rosa Claro', 'Light Pink Protea', 13.5, 0, 1, 'ci0404-0000000129', 'H-70cm', 'Haste de prótea, em tons de rosa claro com várias folhas.', 'Prostate stem, in shades of light pink with several leaves', 4, 0, 0, 75, 15, 75, 50, 0, 1),
(1005, 13, 'Bouquet Peónia Rosa', 'Pink Peony Bouquet', 19.3, 0, 1, 'Ci0404-0000000110', 'H-33cm', 'Bouquet de Peónias, com vários tons de rosa.', 'Bouquet of Peonies, with various shades of pink.', 2, 1, 0, 35, 29, 29, 100, 0, 1),
(1006, 13, 'Dália Rosa', 'Pink dhalia', 12.5, 0, 1, 'Ci0404-0000000130', 'H-58cm', 'Haste de Dália, cor rosa, com folhas.', 'Pink dahlia stem, with leaves', 3, 0, 0, 40, 24, 24, 50, 0, 1),
(1007, 13, 'Hydrangea', 'Hydrangea', 14, 0, 1, 'Ci0404-0000000140', 'H-37cm', 'Haste de hydrangea, cor branca, sem folhas.', 'Hydrangea stem, white color, without leaves.', 2, 0, 0, 24, 22, 22, 50, 0, 1),
(1008, 13, 'Galho Castanho', 'Brown twig', 16.8, 0, 1, 'Ci0411-0000000011', 'H-96cm/ W - 46cm', 'Ramo artificial castanho.', 'Brown artificial twig', 1, 0, 0, 100, 60, 26, 150, 0, 1),
(1009, 13, 'Orquídea Vermelha', 'Red Orchid', 8.6, 0, 1, 'Ci0404-0000000042', 'H-73cm', 'Haste Orquídea, cor vermelha.', 'Orchid stem, red color', 4, 0, 0, 37, 28, 15, 50, 0, 1),
(1010, 1, 'Manta rosa', 'Pink Blanket', 38.5, 0, 0, 'Ci0203-0000000070', '130x190cm', 'Manta em algodão chenille em tons de rosa. Recomenda-se lavagem a frio.', 'Blanket in chenille cotton in shades of pink. Cold wash is recommended.', 1, 0, 0, 37, 23, 12, 250, 9, 1),
(1012, 1, 'Almofada Cetim Pérola', 'Pearl Satin Cushion', 27.5, 19.25, 0, 'Ci0202-0000000196', '50x35cm', 'Almofada em tecido de cetim, cor pérola, com detalhe em veludo tropical. Com acabamento em vivo. Enchimento incluído. Frente/Verso: Padrão/Liso. Recomenda-se lavagem a seco', 'Pearl-colored satin fabric cushion with tropical velvet detail. Finished in vivo. Filling included. Front / Back: Pattern / Plain. Dry cleaning is recommended', 0, 0, 0, 55, 35, 18, 150, 4, 0),
(1013, 1, 'Ballet', '', 70, 49, 0, 'Ci0202.0000000282', '50x50cm', 'Almofada em tecido texturado, em tons rosa, com vivo no mesmo tecido. Frente/Verso: Liso/Liso. Enchimento incluído. Recomenda-se lavagem a seco.', '', 0, 1, 0, 55, 55, 25, 500, 5, 0),
(1014, 1, 'Ballet Tropical', '', 64, 44.8, 0, 'Ci0202-0000000283', '50x40cm', 'Almofada em tecido texturado, em tons rosa, com abas em tecido de veludo motivo tropical. Frente/Verso: Liso/Liso. Enchimento incluído. Recomenda-se lavagem a seco.', '', 0, 1, 0, 55, 45, 25, 400, 6, 0),
(1016, 3, 'Abajur floral/azul', 'Lampshade in polyester, with floral print/blue base.', 54.9, 0, 0, 'Ci0305-0000000066', '35x35x30 cm', 'Abajur em tecido de poliester, com estampado floral de base azul.', 'Lampshade in polyester fabric, with floral print with blue base.', 0, 1, 1, 45, 45, 40, 350, 0, 1),
(1020, 3, 'Abajur floral/bege', 'Lampshade in polyester, with floral print/beige base', 58.7, 0, 0, 'Ci0305-0000000069', '40x40x25 cm', 'Abajur em tecido de poliester, com estampado floral de base bege.', 'Lampshade in polyester fabric, with floral print with beige base.', 0, 1, 1, 50, 50, 35, 300, 0, 1),
(1023, 3, 'Abajur floral/geométrico', 'Lampshade in fabric, with floral print/geometric base', 58.5, 0, 0, 'Ci0305-0000000068', '40x40x30 cm', 'Abajur em tecido de algodão, com estampado floral de base geométrica.', 'Lampshade in cotton fabric, with floral print with geometric base.', 0, 1, 1, 50, 50, 40, 350, 0, 1),
(1024, 11, 'Recarga Difusor 200ml \"Figuier Dolce\"', 'Figuier Dolce Diffuser', 13.9, 0, 1, 'CI1404-0000000038', '200ml', 'Recarga para difusor Mathilde M. com fragrância de Figuier Dolce.', 'Refill for Mathilde M. diffuser with Figuier Dolce fragrance', 3, 0, 0, 10, 10, 15, 50, 0, 1);
INSERT INTO `produto` (`id`, `id_produto_cat`, `produto_pt`, `produto_en`, `preco`, `desconto`, `saldo`, `referencia`, `dimensoes`, `descricao_pt`, `descricao_en`, `quantidade`, `produzir`, `orcamento`, `comprimento`, `largura`, `altura`, `peso`, `ordem`, `online`) VALUES
(1025, 11, 'Recarga Difusor 200ml \"Poudre de Riz\"', 'Poudre de Riz Diffuser', 13.9, 0, 1, 'CI1404-0000000039', '200ml', 'Recarga para difusor Mathilde M. com fragrância de Poudre de Riz.', 'Refill for Mathilde M. diffuser with Poudre de Riz fragrance', 5, 0, 0, 10, 10, 15, 50, 0, 1),
(1026, 11, 'Vela \"Les Intemporels\" Poudre de Riz', '\"LES INTEMPORELS\" Poudre de Riz Candle', 18, 0, 1, 'CI0402-0000000036', 'Ø7,5x9cm', 'Vela perfumada da Mathilde M. de 125gr, com uma fragrância suave e aveludada, cujas notas pulverulentas e florais convidam a sonhar. O tempo de difusão da vela é de +/- 30h.', 'Scented candle by Mathilde M., 125gr, with a soft and velvety fragrance, whose powdery and floral notes invite you to dream. The diffusion time of the candle is +/- 30h.', 3, 0, 0, 10, 10, 12, 150, 0, 1),
(1027, 11, 'Vela \"Les Intemporels\" Antoinette', '\"LES INTEMPORELS\" Antoinette Candle', 18, 0, 1, 'CI0402-0000000037', 'Ø7,5x9cm', 'Vela perfumada da Mathilde M. de 125gr, com um aroma de deleite floral onde o mel gourmet encontra um bouquet de flores brancas. O tempo de difusão da vela é de +/- 30h.', 'Scented candle by Mathilde M., 125gr, with an aroma of floral delight where gourmet honey meets a bouquet of white flowers. The diffusion time of the candle is +/- 30h.', 3, 0, 0, 10, 10, 12, 150, 0, 1),
(1028, 1, 'ALMOFADA?ANGOLA?', '', 0, 0, 0, 'ALMOFADA?', '', 'ALMOFADA ANGOLA', '', 0, 1, 0, 0, 0, 0, 0, 1, 0),
(1029, 4, 'Jarra porcelana', '', 60.9, 0, 0, 'Ci0401-0000000156', 'aprox 30x24x18cm', 'Jarra cerâmica com asas, em cor creme, com representação de rostos e detalhes em preto.', '', 1, 0, 0, 30, 25, 40, 650, 0, 1),
(1030, 4, 'Chaleira porcelana cru', '', 24.2, 0, 0, 'CI-0000000157', 'aprox. 15x15x15cm', 'Chaleira cerâmica, mate, em tons cru', '', 2, 0, 0, 20, 20, 20, 200, 0, 1),
(1031, 4, 'Caneca porcelana cru', '', 27.8, 0, 1, 'Ci0401-0000000158', 'aprox. 15x15x15cm', 'Caneca em cerâmica, mate, em tons cru', '', 0, 0, 0, 20, 20, 20, 200, 0, 0),
(1032, 4, 'VASO CERÂMICA VERDE C/ PÉ', '', 10.3, 2.01, 0, 'Ci0401-0000000159', 'H 13cm x L 12cm', 'Vaso cerâmico verde estilo étnico, com pés.', '', 0, 0, 0, 15, 15, 15, 200, 0, 1),
(1033, 4, 'VASO CERÂMICA AMARELO C/ PÉ', '', 10.3, 0, 0, 'Ci0401-0000000160', 'H 13cm L 12cm', 'Vaso cerâmico amarelo torrado estilo étnico, com pés.', '', 1, 0, 0, 15, 15, 15, 200, 0, 0),
(1034, 4, 'POTE CERÂMICA VERDE', '', 30.7, 0, 0, 'CI0403-0000000023', 'H 20cm L 20cm', 'Vaso cerâmico verde, made in Portugal.', '', 2, 0, 0, 25, 25, 25, 400, 0, 1),
(1035, 4, 'POTE AMARELO', '', 30.7, 0, 0, 'CI0403-0000000024', 'H 20cm L 20cm', 'Vaso cerâmico amarelo lima, made in Portugal.', '', 2, 0, 0, 25, 25, 25, 400, 0, 1),
(1036, 13, 'VASO ORQUIDEA BRANCA', '', 23.5, 0, 0, 'CI0401-0000000154', 'H - 38 cm', 'Orquídea branca (1 haste), em vaso mini, cinzento', '', 0, 0, 0, 20, 20, 40, 250, 0, 0),
(1037, 13, 'ORQUIDEA BRANCA, SOLO', '', 80, 0, 1, 'CI0401-0000000188', 'H - 85 cm', 'Orquídea branca (3 hastes), em solo artificial', '', 0, 0, 0, 60, 30, 90, 1000, 0, 0),
(1038, 13, 'VASO ORQUIDEA BRANCA', '', 53.9, 0, 1, 'CI0401-0000000155', 'H aprox 60cm', 'Orquídea branca (2 hastes), em vaso branco cerâmico.', '', 1, 0, 0, 25, 25, 65, 500, 0, 1),
(1039, 13, 'RAMO VERDE, BAGAS BRANCAS', '', 7.3, 0, 1, 'CI0404-0000000186', 'H - 30 cm', 'Bouquet campestre verde seco, com bagas brancas', '', 2, 0, 0, 17, 17, 30, 50, 0, 1),
(1040, 13, 'BOUQUET BUSHO VERDE/ BRANCO', '', 5.6, 0, 1, 'CI0404-0000000185', 'H - 20 cm', 'Bouquet campestre busho com folhas verdes e bagas brancas.', '', 2, 0, 0, 15, 15, 20, 50, 0, 1),
(1041, 13, 'BOUQUET FOLHAS MIUDAS', '', 5.6, 0, 1, 'CI0404-0000000184', 'H - 25 cm', 'Bouquet campestre, com folhas miúdas em tons de bordeaux', '', 3, 0, 0, 20, 20, 20, 50, 0, 1),
(1042, 13, 'BOUQUET PEONIA SALMÃO', '', 11, 0, 1, 'CI0404-0000000183', 'H - 30 cm', 'Bouquet de peonias na cor salmão, com folhas.', '', 2, 0, 0, 25, 25, 30, 75, 0, 1),
(1043, 13, 'MOLHO TULIPA FECHADA ROSA', '', 17.2, 0, 1, 'CI0404-0000000182', 'H - 45cm', 'Molho de tulipas com botão fechado, cor de rosa, com folhas.', '', 2, 0, 0, 45, 10, 10, 350, 0, 1),
(1044, 13, 'MOLHO TULIPA FECHADA SALMÃO', '', 17.2, 0, 0, 'CI0404-0000000181', 'H - 45cm', 'Molho de tulipas com botão fechado, cor salmão, com folhas.', '', 2, 0, 0, 45, 10, 10, 350, 0, 1),
(1045, 13, 'HYDRANGEA MOONWALK AZUL 54 CM', '', 8, 0, 1, 'CI0404-0000000180', 'H - 55cm', 'Flor hidrângea em tons de verde azulado, com folhas', '', 0, 0, 0, 55, 10, 10, 50, 0, 0),
(1046, 13, 'BOUQUET HYDRANGEA ROSA 45 CM', '', 15.5, 0, 1, 'CI0404-0000000179', 'H - 45cm', 'Bouquet artificial de hydrangeas cor de rosa, com folhas.', '', 1, 0, 0, 45, 20, 20, 150, 0, 1),
(1047, 13, 'FLOR PRESERVADA GLIXIA ROSA CLARO', '', 14.7, 0, 1, 'CI0404-0000000175', 'H - 50cm', 'Bouquet de flores preservadas, cor de rosa claro.', '', 1, 0, 0, 60, 10, 10, 150, 0, 1),
(1048, 13, 'PEONIA AZUL ESVERDEADO', '', 15.5, 0, 1, 'CI0404-0000000176', 'H - 85cm', 'Flor peonia artificial em tons de azul esverdeado, com folhas e 2 hastes.', '', 4, 0, 0, 15, 15, 85, 75, 0, 1),
(1049, 13, 'Bouquet Campestre', '', 3, 0, 1, 'CI0404-0000000178', 'H - 28cm', 'Bouquet de flores campestres, em tons rosados, com folhas.', '', 7, 0, 0, 10, 10, 30, 50, 0, 1),
(1050, 13, 'BOUQUET PEONIA ROSA CREME', '', 12.9, 0, 1, 'CI0404-0000000177', 'H-22cm L-18cm', 'Bouquet artificial de peonias em tons de rosa e creme, com folhas', '', 1, 0, 0, 25, 18, 18, 100, 0, 1),
(1052, 13, 'Eucalipto Verde', '', 9.85, 0, 1, 'CI0404-0000000187', 'h - 95 cm', 'Haste de Eucalipto, cor verde', '', 6, 1, 0, 98, 10, 10, 150, 0, 1),
(1053, 13, 'Eucalipto Mistura', '', 9.85, 0, 1, 'CI0404-00000001879', 'H - 95 cm', 'Haste de eucalipto em tons de verde e bordô', '', 6, 1, 0, 98, 10, 10, 150, 0, 1),
(1054, 1, 'Maya', '', 55, 0, 0, 'CI0202-0000000313', '45 x 45 cm', 'Almofada bordada, com padrão em riscas e acabamento em vivo laranja, com fecho.\r\nFrente/Verso: Padrão/Padrão. Enchimento incluido.\r\nRecomenda-se lavagem a seco.', '', 2, 1, 0, 45, 45, 25, 300, 0, 1),
(1055, 1, 'Maya II', '', 56.5, 0, 0, 'Ci0202-0000000312', '50 x 40 cm', 'Almofada bordada, com padrão em riscas e com dupla aba, com fecho. Frente/Verso: Padrão/Padrão.  Enchimento incluido. Recomenda-se lavagem a seco.', '', 2, 1, 0, 55, 45, 15, 300, 0, 1),
(1056, 1, 'Kilimanjaro', '', 70.8, 0, 0, 'Ci0202-0000000309', '60 cm x 30 cm', 'Almofada em algodão, com padrão em riscas diagonais, girafas e acabamento em franja, com fecho. Frente/Verso: Padrão/Padrão. Recomenda-se lavagem a frio.', '', 2, 1, 0, 60, 30, 15, 300, 0, 1),
(1057, 1, 'Serengeti', '', 64.5, 0, 0, 'CI0202-0000000311', '50 cm x 40 cm', 'Almofada em tecido texturado e com padrão de girafas. Frente/Verso: Padrão/Liso. Enchimento incluído. Recomenda-se lavagem a seco.', '', 0, 1, 0, 50, 40, 15, 300, 0, 1),
(1058, 13, 'CACTO AEONIUM VERMELHO', 'RED AEONIUM CACTUS', 3.2, 0, 0, 'CI0404-0000000202', 'H - 21 cm', 'Haste de suculenta Aeonium vermelha, de 21cm de altura.', 'Red Aeonium succulent stem, with 21cm height.', 6, 1, 0, 10, 13, 23, 50, 0, 1),
(1059, 13, 'CACTO PICO VERDE', 'GREEN CACTUS', 4.15, 0, 0, 'CI0404-0000000201', 'H - 19 cm', 'Haste de suculenta Sedum, de cor verde, com 19cm de altura.', 'Green Sedum succulent stem, 19cm height.', 4, 0, 0, 10, 13, 24, 50, 0, 1),
(1060, 4, 'JARRA OLHO / FACE MULTICOLOR', 'VASE EYE / FACE MULTICOLOR', 70, 0, 0, 'CI0401-0000000165', 'W - 17cm; H - 32cm', 'Jarra em cerâmica de tom base branco Igloo, com representações abstratas de olho e face.', 'Ceramic vase in Igloo white, with abstract representations of an eye and face.', 2, 0, 0, 17, 17, 33, 1200, 0, 1),
(1061, 9, 'CHUPA-CHUPA BRANCO/VERMELHO', 'RED / WHITE LOLLYPOP', 4.15, 0, 0, 'CI0405-0000000037', 'H - 28 cm', 'Acessório natalício em formato de chupa-chupa grande, endereçado com laço vermelho. 28cm de altura.', 'Christmas accessory in the shape of a lollypop, with a red bow. 28cm height.', 10, 0, 0, 14, 6, 30, 40, 7, 1),
(1062, 9, 'COPO VIDRO NATALÍCIO VERDE', 'GREEN CHRISTMAS GLASS', 11, 0, 0, 'CI0501-0000000152', 'W - 10cm; H - 12.5cm', 'Copo de vidro natalício, de cor verde, com representações natalícias.', 'Green christmas acessory glass, with christmas decorations.', 3, 0, 0, 0, 0, 0, 0, 8, 0),
(1063, 4, 'RODELA SLICE OVAL M', 'WOOD OVAL SLICE M', 2.4, 0, 0, 'CI0414-0000000009', 'W - variav. 20cm', 'Corte de madeira em formato oval, com comprimento variável entre 17 a 21cm.', 'Wood cutting in oval shape, with variable width between 17 and 21cm.', 0, 0, 0, 25, 17, 4, 50, 0, 1),
(1064, 4, 'RODELA MADEIRA OVAL L', 'WOOD OVAL SLICES L', 2.95, 0, 0, 'CI0501-0000000151', 'W - variav. 22cm', 'Corte de madeira em formato oval, com comprimento variável entre 21 a 23cm.', 'Wood cutting in oval shape, with variable width between 17 and 21cm.', 0, 0, 0, 25, 17, 4, 60, 0, 1),
(1065, 13, 'ASTE SEDUM ROSA', 'PINK SEDUM STEM', 5.9, 0, 0, 'CI0404-0000000200', 'H - 30cm', 'Haste de suculenta Sedum, de cor rosa, com 30cm de altura.', 'Pink Sedum succulent stem, with 30cm heigh.', 4, 0, 0, 10, 11, 33, 50, 0, 1),
(1066, 9, 'VELA CASTIÇAL IVORY', 'Ivory white candle', 1.5, 0, 0, 'CI0402-0000000039', 'Ø - 2cm; H - 25cm', 'Vela de 25cm, de cor marfim.', '25cm ivory white candle.', 12, 0, 0, 4, 4, 29, 20, 9, 1),
(1067, 9, 'VELA CONICA IVORY', 'CONICAL IVORY WHITE CANDLE', 2, 0, 0, 'CI0402-0000000040', 'Ø - 2cm; H - 30cm', 'Vela de 30cm, de cor marfim.', '30cm ivory white candle.', 12, 0, 0, 4, 4, 33, 50, 10, 1),
(1068, 9, 'VASO METAL DOURADO', 'GOLDEN METAL VASE', 12.3, 0, 0, 'CI0401-0000000095', 'Ø base - 9cm; H - 9cm', 'Vaso de metal de cor dourada, de 9cm de diâmetro de base, e de altura.', 'Golden metal vase, with 9cm base diameter, and 9cm height.', 2, 0, 0, 10, 10, 10, 70, 11, 1),
(1069, 13, 'AMENDOEIRA CREME', 'CREAM CHERRY TREE', 12.8, 0, 0, 'CI0404-0000000195', 'H - 112cm', 'Haste de ramo florado de amendoeira creme, com 112cm de altura.', 'Cherry tree flowored branch, cream colored, 112cm height.', 3, 0, 0, 8, 31, 113, 200, 0, 1),
(1070, 13, 'BOUQUET AMARILYS BRANCO', 'WHITE AMARÍLIS BOUQUET', 12.7, 0, 0, 'CI0404-0000000127', 'H - aprox. 35cm', 'Bouquet de Amarílis branca, composta por três hastes.', 'White Amarílis bouquet, composed of three stems.', 2, 0, 0, 24, 16, 37, 100, 0, 1),
(1071, 13, 'BOUQUET RANUNCULO CREME', 'RANUNCULO CREAM BOUQUET', 5.5, 0, 0, 'CI0404-0000000191', 'H - aprox. 20cm', 'Bouquet de flores Ranunculus, de cor creme. Altura de aproximadamente 20cm.', 'Ranunculus flower bouquet, cream colored. Height of approximately 20cm.', 2, 0, 0, 15, 18, 20, 50, 0, 1),
(1072, 13, 'FICUS LYRATA', 'FICUS LYRATA', 196.7, 0, 0, 'CI0404-0000000190', 'H - 180cm', 'Planta artificial Ficus Lyrata, de 180cm de altura.\r\nVaso não incluído.', 'Artificial Ficus Lyrata plant. 180cm height.\r\nVase not included.', 1, 0, 0, 77, 84, 193, 15000, 0, 1),
(1073, 13, 'PLANTA FICUS', 'FICUS PLANT', 209, 0, 0, 'CI0404-0000000141', 'H - 180cm', 'Planta artificial Ficus, de 180cm de altura.', 'Artificial Ficus plant. 180cm height.', 1, 0, 0, 77, 84, 193, 15000, 0, 1),
(1074, 13, 'FLOR PRESERVADA AMARELA', 'PRESERVED YELLOW FLOWERS', 28.7, 0, 0, 'CI0404-0000000159', 'H - aprox. 40cm', 'Bouquet de flores preservadas, com highlights amarelos. Altura aproximada de 40cm.', 'Preserved flower bouquet, with yellow hightlights. Approximated height of 40cm.', 1, 0, 0, 14, 23, 40, 100, 0, 1),
(1075, 13, 'FLOR PRESERVADA ESPIGA LARANJA', 'PRESERVED ORANGE WHEAT', 8.4, 0, 0, 'CI0404-0000000158', 'H - aprox. 68cm', 'Bouquet de espigas preservadas, de cor laranja. Altura aproximada de 68cm.', 'Preserved wheat bouquet, orange coloured. Approximated height of 68cm.', 1, 0, 0, 19, 13, 74, 100, 0, 1),
(1076, 13, 'HORTENSIA MALVA', 'MAUVE HYDRANGEA', 6, 0, 0, 'CI0404-0000000199', 'H - 46cm', 'Haste de flores Hortênsias, de cor malva, de 46cm de altura.', 'Haste de flores Hortênsias, de cor malva, de 46cm de altura.\r\nHydrangea flower stem, mauve coloured. 46cm height.', 6, 0, 0, 25, 17, 48, 50, 0, 1),
(1077, 13, 'HIDRANGEA PRESERVADA BRANCA', 'WHITE PRESERVED HYDRANGEA', 15.6, 0, 0, 'CI0404-0000000002', 'H - 29cm', 'Bouquet de flores Hidrangeas preservadas, de cor branca. Composta por 5 hastes. Altura de 29cm.', 'Preserved white hydrangea bouquet. Composed of 5 stems. 29cm height.', 3, 0, 0, 0, 0, 0, 0, 0, 0),
(1078, 13, 'PEONIA CREME', 'PAEONIA CREAM', 9.5, 0, 1, 'CI0404-0000000193', 'H - 55cm', 'Haste de flor Peonia, de cor creme, e 55cm de altura.', 'Paeonia flower stem, cream coloured. 55cm height.', 7, 0, 0, 22, 15, 52, 50, 0, 1),
(1079, 4, 'TAÇA CERAMICA JAPONESA', 'JAPANESE CERAMIC BOWL', 26.5, 0, 0, 'CI0403-0000000025', 'Ø - 25cm', 'Taça de cerâmica de estilo japonês, com 25cm de diâmetro.', 'Japanese style ceramic bowl. 25cm diameter.', 4, 0, 0, 27, 27, 10, 700, 0, 1),
(1080, 4, 'Rosto David', 'GREEK FACE', 25.5, 0, 0, 'CI0411-0000000080', 'W - 14 x 20cm; H - 4cm', 'Ornamento de cerâmica, na forma do rosto de David.', 'Ceramic ornament in the shape of David\'s face.', 4, 0, 0, 17, 21, 6, 850, 0, 1),
(1082, 4, 'CANDELABRO DIAMOND CINZA', 'GREY DIAMOND CANDLE HOLDER', 49.95, 0, 0, 'CI0402-0000000038', 'W - 8cm; H - 11cm', 'Suporte de vela feito à mão, de vidro cristal cinza.', 'Handmade candle holder, made of grey crystal glass.', 1, 0, 0, 10, 10, 13, 4000, 0, 1),
(1083, 4, 'VASO CERAMICO CREME', 'CERAMIC CREAM COLORED FOOTED VASE', 219, 0, 0, 'CI0401-0000000162', 'Ø - 42cm; H - 43cm', 'Vaso creme com pés em rodapé, fabricado em cerâmica. Esmaltado no interior para evitar degradação causada pela rega.', 'Ceramic cream colored footed vase. Enamel coated on the inside to prevent degradation caused by watering.', 1, 0, 0, 44, 44, 46, 13200, 0, 1),
(1084, 11, 'VELA CERÂMICA COCKTAILS IN MANHATTAN', 'CERAMIC CANDLE COCKTAILS IN MANHATTAN', 29.95, 0, 0, 'CI1402-0000000037', 'Ø - 10.5cm; H - 10cm', 'Vela vegetal e de soja com fragâncias de pêssego e citros. Perfeita para ambientes sociais.', 'Vegetable and soy candle, with fragrances of peach and citruces. Perfect for social environments.', 6, 0, 0, 11.5, 11.5, 12.5, 1100, 0, 1),
(1085, 11, 'VELA CERÂMICA NORTHERN SOUL', 'CERAMIC CANDLE NORTHERN SOUL', 29.95, 0, 0, 'CI1402-0000000037', 'Ø - 10.5cm; H - 10cm', 'Vela vegetal e de soja com fragâncias de sálvia-comum e pepino. Para ambientes que requeiram frescura.', 'Vegetable and soy candle with fragrances of salvia and cucumber. For environments requiring freshness.', 4, 0, 0, 11.5, 11.5, 12.5, 1100, 0, 1),
(1086, 4, 'PAINEL WALL ART', 'WALL ART PANEL', 55, 0, 0, 'CI0413-0000000003', 'W - 33cm; H - 26.5cm; T - 1cm', 'Painel decorativo de cerâmica, de cor branco mate.', 'Ceramic decorative panel, white matte.', 2, 0, 0, 36, 2, 26, 650, 0, 1),
(1087, 4, 'JARRA VIDRO MATE PÊSSEGO', 'PEACH MATTE GLASS VASE', 33, 0, 0, 'CI0401-0000000163', 'Ø - 10cm; 20cm; H - 30cm', 'Vaso de vidro de cor de pêssego, com efeito fosco.', 'Peach colored matte glass vase. Sanded for a matte effect.', 4, 0, 0, 17, 17, 34, 1450, 0, 1),
(1088, 6, 'MESA APOIO STONEWARE TERRA', 'STONEWARE SUPPORT TABLE', 82.95, 0, 0, 'CI0107-0000000093', 'Ø - 23cm; H - 41cm', 'Mesa de apoio de cerâmicas de cor terracota.', 'Terracota coloured stoneware support table.', 1, 0, 0, 23, 23, 45, 11000, 0, 1),
(1089, 1, 'MANTA FLUFLY AZUL', '', 79.95, 0, 0, 'CI0203-0000000081', 'W - 130cm; H - 150cm', 'Manta de assinatura da estilista Holandesa DORIS, de cor azul com linhas lilases, rosas e creme.', '', 1, 0, 0, 45, 29, 12, 200, 0, 1),
(1090, 1, 'MANTA FLUFLY BURGUNDY', '', 79.95, 0, 0, 'CI0203-0000000082', 'W - 130cm; H - 150cm', 'Manta de assinatura da estilista Holandesa DORIS, de cor borgonha com linhas amarelas, cianas e esbranquiçadas.', '', 1, 0, 0, 45, 29, 12, 200, 0, 1),
(1091, 4, 'JARRA CILINDRICA LARANJA', '', 29.95, 0, 0, 'CI0401-0000000164', 'Ø - 10cm; H - 23cm', 'Um vaso cilíndrico de vidro, de cor laranja/amarelo, para decoração elegante e simplificada.', '', 4, 0, 0, 11, 11, 25, 1050, 0, 1),
(1092, 5, 'PINTURA ABSTRATA MULTICOLOR', '', 219, 0, 0, 'CI0412-0000000107', 'W - 40cm; H - 50cm', 'Quadro com pintura abstrata, desenhada à mão e assinada pelo artista. A moldura é feita em madeira Ash (Fraxinus).', '', 1, 0, 0, 45, 5, 55, 2000, 0, 1),
(1093, 4, 'BANDEJA MARMORE ROSA/VERDE', '', 25, 0, 0, 'CI0411-0000000081', 'W - 30 x 12cm; H - 1cm', 'Bandeja de cerâmica em tons de branco, verde e rosa, de linhas liso e luxuosas. Ofereça um mimo a alguém apoiado nesta bandeja.', '', 4, 0, 0, 31, 14, 2, 1050, 0, 1),
(1094, 4, 'BANDEJA MARMORE CINZA', '', 25, 0, 0, 'CI0411-0000000082', 'W - 30 x 12cm; H - 1cm', 'Bandeja de cerâmica em tons de cinza, de linhas liso e luxuosas.', '', 4, 0, 0, 31, 14, 2, 1050, 0, 1),
(1095, 3, 'CANDEEIRO MESA MARMORE BRANCO', '', 149.5, 0, 0, 'CI0301-0000000084', 'W - 11.5 x 11.5cm; H - 30cm', 'Base de candeeiro de mármore natural branco, em efeito vertebrado.\r\nUma peça intensivamente trabalhada com mármore natural, para atingir uma forma majestosa, sólida e consistente. Uma escultura na sua cômoda ou consola de quarto.\r\n\r\nNota: Abajur não incluído.', '', 1, 0, 0, 13, 13, 32, 6000, 0, 1),
(1096, 3, 'Abajur hexagonal linho', '', 82.3, 0, 0, 'CI0305-0000000073', 'Ø - 36cm; H - 42cm', 'Abajur em tecido de linho.', '', 1, 0, 0, 40, 36, 43, 400, 0, 1),
(1097, 3, 'Abajur junta laranja', '', 60.3, 0, 0, 'CI0305-0000000061', 'Ø - 25cm; H - 31cm', 'Abajur em tecido laranja.', '', 1, 0, 0, 30, 27, 32, 400, 0, 1),
(1098, 6, 'Mesa redonda vidro', '', 345, 0, 0, 'CI0107-0000000093', 'Ø - 100cm; H - 76cm', 'Mesa de pernas de metal douradas, e tampo de vidro redondo.', '', 1, 0, 0, 100, 100, 77, 20000, 0, 1),
(1099, 6, 'Mesa de apoio metálica bege', '', 425, 0, 0, 'CI0107-0000000089', 'Ø - 63cm; H - 57cm', 'Mesa de apoio metálica de cor bege.', '', 1, 0, 0, 64, 64, 59, 15000, 0, 1),
(1100, 6, 'Conjunto Mesas de apoio vidro/metal', '', 450, 0, 0, 'CI0107-0000000057', '1: 41x24x50cm; 2: 30x50x58cm', 'Conjunto de duas mesas de apoio de estrutura metálica, com tampo de vidro.', '', 1, 0, 0, 63, 36, 74, 10000, 0, 1),
(1101, 1, 'Cetim pérola', '', 36.2, 0, 1, 'CI0202-0000000284', 'W - 50cm; H - 35cm', 'Almofada em tecido cetim, em cor pérola.', '', 2, 1, 0, 65, 22, 35, 250, 0, 1),
(1102, 1, 'Crochet riscas, costa lisa', '', 50.5, 0, 0, 'CI0202-0000000320', 'W - 45cm; H - 30cm', 'Almofada em cozedura crochet às riscas, de costa lisa.', '', 2, 0, 0, 50, 20, 30, 200, 0, 1),
(1103, 1, 'Étnica tons terra', '', 51.8, 0, 0, 'CI0202-0000000310', 'W - 45cm; H - 45cm', 'Almofada de estilo étnico em tons de terra, com costa lisa e rebordo de franja.', '', 1, 0, 0, 58, 20, 50, 250, 0, 1),
(1104, 1, 'Étnica tons verde e azul', '', 51.8, 0, 0, 'CI0202-0000000314', 'W - 45cm; H - 45cm', 'Almofada em estilo étnico, de tons verdes e azuis, de costa lisa e rebordo de franja.', '', 1, 0, 0, 50, 17, 45, 250, 0, 1),
(1105, 1, 'Étnica tons verde e azul II', '', 41.5, 0, 0, 'CI0202-0000000315', 'W - 45cm; H - 30cm', 'Almofada de estilo étnico, de tons verdes e azuis. Rebordo em vivo.', '', 2, 0, 0, 54, 17, 32, 250, 0, 1),
(1106, 1, 'Santa cruz I', '', 47.5, 0, 0, 'CI0202-0000000316', 'W - 55cm; H - 35cm', 'Almofada em tecido, com rebordo em franja.', '', 1, 0, 0, 57, 17, 40, 250, 0, 1),
(1107, 1, 'Santa cruz II', '', 42.5, 0, 0, 'CI0202-0000000317', 'W - 40cm; H - 40cm', 'Almofada em tecido, com rebordo em pesponto.', '', 1, 0, 0, 43, 17, 40, 250, 0, 1),
(1111, 9, 'Gnomo Vermelho', '', 26.5, 0, 0, 'CI0501-0000000160', '9x9x32', 'Gnomo vermelho decorativo, de metal.', '', 4, 0, 0, 9, 9, 32, 60, 12, 1),
(1112, 9, 'Árvore com Leds', '', 26.7, 0, 0, 'CI0501-0000000168', '11x11x24', 'Árvore decorativa com base de madeira, com Leds interiores.', '', 3, 0, 0, 11, 11, 24, 300, 13, 1),
(1115, 9, 'Presépio com Tealight', '', 37, 0, 0, 'Ci0501-0000000156', '15.5x8x23', 'Presépio de metal com suporte tealight.', '', 2, 0, 0, 16, 8, 23, 200, 14, 1),
(1116, 9, 'Rena de Madeira', '', 12.5, 0, 0, 'CI0501-0000000155', '5x5x20', 'Rena de madeira com cachecol em tecido.', '', 6, 0, 0, 5, 5, 20, 30, 15, 1),
(1117, 9, 'Cogumelo 19cm', '', 10.5, 0, 0, 'CI0501-0000000166', '6x6x19', 'Cogumelo de madeira de 19cm.', '', 11, 0, 0, 6, 6, 19, 20, 17, 1),
(1118, 9, 'Cogumelo 13cm', '', 4.7, 0, 0, 'CI0501-0000000167', '3x3x13', 'Cogumelo de madeira, de 13cm.', '', 10, 0, 0, 3, 3, 13, 20, 16, 1),
(1119, 9, 'Porta-velas \"Oh Deer\"', '', 8.6, 0, 0, 'CI0501-0000000157', '10x10x13', 'Copo tealight com inscrição \"Oh Deer!\".', '', 10, 0, 0, 10, 10, 13, 200, 18, 1),
(1120, 9, 'Porta-velas Árvores Natalícias', '', 11, 0, 0, 'CI0501-0000000152', '10x10x13', 'Copo tealight com gravuras de pinheiros natalícios.', '', 3, 0, 0, 10, 10, 13, 200, 19, 1),
(1121, 9, 'Árvore de Madeira 24cm', '', 14.6, 0, 0, 'CI0501-0000000165', '6x6x24', 'Árvore natalícia decorativa, feita em madeira, de 24cm.', '', 8, 0, 0, 6, 6, 24, 50, 20, 1),
(1122, 9, 'Árvore de Madeira 20cm', '', 11.9, 0, 0, 'CI0501-0000000164', '6x6x20', 'Árvore natalícia decorativa, em madeira, de 20cm.', '', 8, 0, 0, 6, 6, 20, 50, 21, 1),
(1123, 9, 'Centro Vidro Philippi', '', 102.5, 0, 0, 'CI0402-0000000048', '31x31x10', 'Adereço da Philippi para centro de mesa. Suporte para 4 velas.', '', 1, 0, 0, 35, 35, 10, 1500, 22, 1),
(1124, 9, 'Porta-velas Philippi com base', '', 54.5, 0, 0, 'CI0402-0000000043', '22x24x19', 'Porta-velas da marca Philippi com base em vidro.', '', 1, 0, 0, 22, 24, 19, 1880, 23, 1),
(1125, 9, 'Centro de mesa Philippi', '', 229, 0, 0, 'CI0402-0000000046', '45x45x10', 'Adereço da marca Philippi para centro de mesa. Suporte para 4 velas.', '', 1, 0, 0, 50, 50, 15, 2150, 24, 1),
(1126, 9, 'Lamp Oil \"Burn\"', '', 114, 0, 0, 'CI0402-0000000047', '20x20x13', 'Lanterna da marca Philippi com 5 pavios.', '', 1, 0, 0, 25, 25, 15, 3700, 25, 1),
(1127, 9, 'Lanterna Philippi Botswana 27cm', '', 114, 0, 0, 'CI0402-0000000044', '24x24x27', 'Lanterna da marca Philippi, com suporte para 3 velas.', '', 1, 0, 0, 30, 30, 30, 2300, 26, 1),
(1128, 9, 'Lanterna Philippi Botswana 40cm', '', 229, 0, 0, 'CI0402-0000000045', '30x30x40', 'Lanterna da marca Philippi, com suporte para 4 velas.', '', 1, 0, 0, 35, 35, 45, 3600, 27, 1),
(1129, 9, 'Porta-lápis Zick-Zack Philippi', '', 54, 0, 0, 'CI9801-0000000009', '6x6x9', 'Porta lápis Philippi articulado.', '', 1, 0, 0, 10, 10, 10, 760, 28, 1),
(1130, 9, 'Anjo Peluche para pendurar', '', 4.8, 0, 1, 'CI0501-0000000169', '9x3x29', 'Anjo peluche para pendurar em árvore de Natal.', '', 21, 0, 0, 10, 5, 30, 20, 29, 1),
(1131, 9, 'Copo de Latão com 3 pés', '', 37.9, 0, 0, 'CI0403-0000000029', '10x10x15.5', 'Copo de latão em cor dourada, para decoração natalícia.', '', 4, 0, 0, 15, 15, 20, 100, 30, 1),
(1132, 9, 'Copo de Latão de 12cm', '', 29.5, 0, 0, 'CI0403-0000000027', '10x10x12', 'Copo de latão de 12cm, de cor dourada.', '', 4, 0, 0, 12, 12, 18, 70, 32, 1),
(1133, 9, 'Rei de Cerâmica I', '', 18.9, 0, 0, 'CI0501-0000000162', '15x6x14', 'Rei de cerâmica decorativo com asas.', '', 3, 0, 0, 20, 10, 15, 200, 33, 1),
(1134, 9, 'Rei de Cerâmica II', '', 18.9, 0, 0, 'CI0501-0000000162', '15x6x14', 'Rei de cerâmica decorativo com asas.', '', 3, 0, 0, 20, 10, 15, 200, 34, 1),
(1135, 9, 'Rei de Cerâmica III', '', 18.9, 0, 0, 'CI0501-0000000162', '15x6x14', 'Rei de cerâmica decorativo com asas.', '', 9, 0, 0, 20, 10, 15, 200, 35, 1),
(1136, 9, 'Set 6 Candelabros', '', 170, 0, 0, 'CI0402-0000000039', '20; 23; 26; 29; 31; 41 cm', 'Conjunto de 6 candelabros de diferentes tamanhos. Feitos de metal, em cor dourada', '', 1, 0, 0, 40, 40, 40, 200, 36, 1),
(1137, 9, 'Porta velas Renas', '', 7, 0, 0, 'CI0402-0000000040', '5x12x8', 'Porta velas com suporte para duas velas, com decoração de renas.', '', 2, 0, 0, 6, 13, 10, 50, 37, 1),
(1138, 9, 'Porta velas pinheiro/estrela', '', 7, 0, 0, 'CI0402-0000000041', '5x14x14,5 cm', 'Porta velas com suporte para duas velas, com enfeite de estrela e árvore natalícia.', '', 1, 0, 0, 7, 15, 16, 50, 38, 1),
(1139, 9, 'Porta velas Pinheiro', '', 6, 0, 0, 'CI0402-0000000042', '5x11x15.5', 'Porta velas com suporte para uma vela, com enfeite de pinheiro', '', 2, 0, 0, 6, 12, 16, 50, 39, 1),
(1140, 4, 'Jarra Snow Philippi 18cm', '', 57.5, 0, 0, 'CI0401-0000000168', '17x17x18', 'Jarra de vidro soprado da Philippi, de 18cm.', '', 1, 0, 0, 25, 25, 25, 1800, 0, 1),
(1141, 4, 'Jarra Snow Philippi 24cm', '', 68, 0, 0, 'CI0401-0000000169', '16x16x24', 'Jarra de vidro soprado da Philippi, de 24cm.', '', 1, 0, 0, 20, 20, 25, 1800, 0, 1),
(1142, 4, 'Jarra Snow Philippi 31cm', '', 57.5, 0, 0, 'CI0401-0000000170', '12x12x31', 'Jarra de vidro soprado da Philippi, de 31cm.', '', 1, 0, 0, 15, 15, 33, 1800, 0, 1),
(1143, 4, 'Jarra Bella 16cm', '', 40.2, 0, 0, 'CI0401-0000000166', '16x16x12', 'Jarra de metal polido da marca Philippi, de 16cm de diâmetro.', '', 2, 0, 0, 16, 18, 13, 813, 0, 1),
(1144, 4, 'Jarra Bella 21cm', '', 57.5, 0, 0, 'CI0401-0000000167', '21x21x15', 'Jarra de metal polido da marca Philippi, de 21cm de diâmetro.', '', 1, 0, 0, 22, 22, 17, 1320, 0, 1),
(1145, 4, 'Taça Voila Philippi', '', 114, 0, 0, 'CI0403-0000000026', '38x20x4', 'Tigela alongada da marca Philippi, de aço inoxidável polido.', '', 1, 0, 0, 40, 22, 5, 1450, 0, 1),
(1146, 9, 'Anjo de pendurar com estrelas', '', 6.5, 0, 0, 'CI0501-0000000158', '5x2x3', 'Anjo com duas estrelas, para adereço de árvore de Natal.', '', 11, 0, 0, 7, 3, 5, 20, 40, 1),
(1147, 9, 'Anjo de pendurar 9cm', '', 5.4, 0, 0, 'CI0501-0000000159', '9x9x3', 'Adereço de árvore de Natal de anjo com círculo de palha.', '', 12, 0, 0, 10, 4, 10, 20, 41, 1),
(1148, 9, 'Soldado de pendurar I', '', 5.4, 0, 0, 'CI0501-0000000163', '5x2x2', 'Soldado adereço de árvore de natal, em posição neutra.', '', 6, 0, 0, 6, 3, 3, 20, 42, 1),
(1149, 9, 'Soldado de pendurar II', '', 5.4, 0, 0, 'CI0501-0000000163', '5x2x2', 'Soldado adereço de árvore de natal, a segurar uma arma.', '', 6, 0, 0, 6, 3, 3, 20, 43, 1),
(1150, 9, 'Soldado de pendurar III', '', 5.4, 0, 0, 'CI0501-0000000163', '5x2x2', 'Soldado adereço de árvore de natal, em posição de salutação.', '', 6, 0, 0, 6, 3, 3, 20, 44, 1),
(1151, 9, 'Pai Natal de pendurar', '', 17, 0, 0, 'CI0501-0000000161', '15x5x2', 'Adereço de árvore de Natal em forma de Pai Natal, de chapa, com ferro para pendurar.', '', 6, 0, 0, 20, 6, 3, 50, 45, 1),
(1152, 11, 'Recarga difusor 200ml \"Fleur de Coton\"', '', 13.9, 0, 0, 'CI1404-0000000042', '200ml', 'Recarga para difusor Mathilde M. com fragrância de Fleur de Coton.', '', 6, 0, 0, 15, 5, 5, 250, 0, 0),
(1153, 11, 'Bolsa 3 Decorações Perfumadas \"Sapin Doré\"', '', 13.7, 0, 0, 'CI1404-0000000040', '6x6x2', 'Bolsa com 3 decorações perfumadas com fragrância \"Sapin Doré\", da marca Mathilde M.', '', 3, 0, 0, 6, 6, 3, 30, 0, 1),
(1154, 11, 'Porta velas Litofano Fleurs Majestueuses', '', 11.7, 0, 0, 'CI0402-0000000031', '12x12x8,6', 'Porta velas litofano em padrão de flores, da Mathilde M. Transpõe o padrão da vela numa superfície próxima.', '', 5, 0, 0, 15, 15, 10, 70, 0, 0),
(1155, 11, 'Porta velas Litofano Jardin en Fleurs', '', 11.7, 0, 0, 'CI0402-0000000050', '12x12x8,6', 'Porta velas litofano em padrão de flores, da Mathilde M. Transpõe o padrão da vela numa superfície próxima.', '', 3, 0, 0, 14, 14, 10, 70, 0, 1),
(1156, 11, 'Porta velas Litofano Ectat Floral', '', 11.7, 0, 0, 'CI0402-0000000051', '12x12x8,6', 'Porta velas litofano em padrão de flores, da Mathilde M. Transpõe o padrão da vela numa superfície próxima.', '', 5, 0, 0, 14, 14, 10, 70, 0, 1),
(1157, 9, 'Taça Trebolo Philippi', '', 114, 0, 0, 'CI0403-0000000033', 'ø: 40cm', 'Taça de centro da marca Philippi, com 40cm de diâmetro.', '', 1, 0, 0, 45, 45, 10, 2500, 46, 1),
(1158, 9, 'Taça Roma Philippi', '', 114, 0, 0, 'CI0403-0000000034', 'ø - 40cm', 'Taça Roma da marca Philippi, de 40cm de diâmetro.', '', 1, 0, 0, 45, 45, 10, 2000, 47, 1),
(1159, 9, 'Copo de Latão de 9cm', '', 19.5, 0, 0, 'CI0403-0000000028', '9x9x12', 'Copo de latão de 9cm, de cor dourada.', '', 2, 0, 0, 10, 10, 15, 50, 31, 1),
(1160, 4, 'Conjunto colheres de café Ramo', '', 11, 0, 0, 'CI1405-0000000055', '12x17x2,7', 'Conjunto de 4 colheres de café, com enfeite de ramo.', '', 3, 0, 0, 12, 20, 3, 100, 0, 1),
(1161, 4, 'Bandeja preta de vidro', '', 89, 0, 0, 'CI0411-0000000083', '38x38x5', 'Bandeja metalizada com base de vidro preto.', '', 2, 0, 0, 40, 40, 10, 2500, 0, 1),
(1162, 9, 'Coroa de metal de ouro', '', 19.5, 0, 0, 'CI0501-0000000170', '23x23x2', 'Coroa de metal de ouro decorativa, da marca Mathilde M.', '', 4, 0, 0, 25, 25, 4, 50, 48, 1),
(1163, 9, 'Lamp Oil Fire', '', 183, 0, 0, 'CI0402-0000000049', '23x23x14', 'Lanterna da marca Philippi com 5 pavios.', '', 1, 0, 0, 26, 26, 16, 3600, 49, 1),
(1164, 9, 'Copo Alumínio 15cm', '', 23.9, 0, 0, 'CI0403-0000000031', '11x11x15', 'Copo de alumínio, de cor prateada, de 15cm.', '', 4, 0, 0, 12, 12, 16, 50, 50, 1),
(1165, 9, 'Copo Alumínio 12cm', '', 21.5, 0, 0, 'CI0403-0000000025', '9x9x12', 'Copo de alumínio, de cor prateada, de 12cm.', '', 6, 0, 0, 11, 11, 13, 50, 51, 1),
(1166, 11, 'Porta velas Litofano Fleurs Majestueuses', '', 11.7, 0, 0, 'CI0402-0000000031', '12x12x8,6', 'Porta velas litofano em padrão de flores, da Mathilde M. Transpõe o padrão da vela numa superfície próxima.', '', 4, 0, 0, 15, 15, 10, 70, 0, 1),
(1167, 11, 'Presépio \"Sapin Doré\"', '', 22.6, 0, 0, 'CI0501-0000000162', '14 x 15,5 x 1,5cm', 'Presépio de gesso esculpido à mão e perfumado com a fragrância Sapin Doré da Mathilde M.', '', 10, 0, 0, 15, 16, 4, 150, 0, 1),
(1168, 11, 'Difusor Perfumado \"Sapin Doré\"', '', 38, 0, 0, 'CI1404-0000000043', '26 x 16 x 11', 'Difusor de perfume \"Sapin Doré\" da Mathilde M, da nova coleção de Natal.', '', 4, 0, 0, 14, 18, 29, 300, 0, 1),
(1169, 11, 'Vela Perfumada \"Sapin Doré\"', '', 26.6, 0, 0, 'CI1402-0000000043', '6x6x17', 'Vela perfumada da Mathilde M., com saco decorativo e fragrância \"Sapin Doré\".', '', 4, 0, 0, 10, 10, 20, 50, 0, 1),
(1170, 11, 'Vela \"Les Intemporels\"  Fleur de Coton', '', 18, 0, 0, 'CI1402-0000000045', 'Ø7,5x9cm', 'Vela perfumada da Mathilde M. de 125gr, com fragrância Fleur de Coton.', '', 1, 0, 0, 10, 10, 12, 450, 0, 1),
(1171, 11, 'Vela \"Les Intemporels\"  Fleur de Thé', '', 18, 0, 0, 'CI1402-0000000046', 'Ø7,5x9cm', 'Vela perfumada da Mathilde M. de 125gr, com fragrância Fleur de Thé.', '', 4, 0, 0, 10, 10, 12, 450, 0, 1);

-- --------------------------------------------------------

--
-- Estrutura da tabela `produto_cat`
--

CREATE TABLE `produto_cat` (
  `id` bigint NOT NULL,
  `categoria_pt` text NOT NULL,
  `categoria_en` text NOT NULL,
  `ordem` int NOT NULL,
  `online` tinyint(1) NOT NULL
) ENGINE=InnoDB DEFAULT CHARSET=latin1;

--
-- Extraindo dados da tabela `produto_cat`
--

INSERT INTO `produto_cat` (`id`, `categoria_pt`, `categoria_en`, `ordem`, `online`) VALUES
(1, 'Têxteis', 'Textile', 1, 1),
(3, 'Iluminação', 'Lighting', 8, 1),
(4, 'Acessórios', 'Accessories', 9, 1),
(5, 'Quadros, Espelhos e Relógios', 'Frames, Mirrors & Clocks', 10, 1),
(6, 'Móveis', 'Furniture', 11, 1),
(8, 'Infantil', 'Kids', 7, 1),
(9, 'Natal', 'Christmas', 6, 1),
(10, 'Serviços', 'Services', 2, 0),
(11, 'Fragrâncias', 'Fragrances', 3, 1),
(12, 'Papel de parede', 'Wallpaper', 4, 1),
(13, 'Flores e plantas', 'Flowers and plants', 5, 1),
(14, 'UX UI Test', 'UX UI Test', 0, 0);

-- --------------------------------------------------------

--
-- Estrutura da tabela `produto_gal`
--

CREATE TABLE `produto_gal` (
  `id` bigint NOT NULL,
  `id_produto` bigint NOT NULL,
  `img` text NOT NULL,
  `ambiente` tinyint(1) NOT NULL,
  `ordem` int NOT NULL,
  `online` tinyint(1) NOT NULL
) ENGINE=InnoDB DEFAULT CHARSET=latin1;

--
-- Extraindo dados da tabela `produto_gal`
--

INSERT INTO `produto_gal` (`id`, `id_produto`, `img`, `ambiente`, `ordem`, `online`) VALUES
(117, 43, '/img/produtos/0043001.jpg', 0, 0, 1),
(118, 43, '/img/produtos/0043002.jpg', 1, 0, 1),
(121, 45, '/img/produtos/0045001.jpg', 0, 0, 1),
(122, 45, '/img/produtos/0045002.jpg', 1, 0, 1),
(123, 46, '/img/produtos/0046001.jpg', 0, 0, 1),
(124, 46, '/img/produtos/0046002.jpg', 1, 0, 1),
(125, 47, '/img/produtos/0047001.jpg', 0, 0, 1),
(126, 47, '/img/produtos/0047002.jpg', 1, 0, 1),
(127, 48, '/img/produtos/0048001.jpg', 0, 1, 1),
(128, 48, '/img/produtos/0048002.jpg', 1, 3, 1),
(129, 48, '/img/produtos/0048003.jpg', 1, 4, 1),
(133, 49, '/img/produtos/0049001.jpg', 0, 1, 1),
(134, 49, '/img/produtos/0049002.jpg', 1, 2, 1),
(135, 50, '/img/produtos/0050001.jpg', 0, 0, 1),
(136, 51, '/img/produtos/0051001.jpg', 0, 0, 1),
(137, 51, '/img/produtos/0051002.jpg', 1, 0, 1),
(138, 52, '/img/produtos/0052001.jpg', 0, 0, 1),
(139, 52, '/img/produtos/0052002.jpg', 1, 0, 1),
(140, 53, '/img/produtos/0053001.jpg', 0, 1, 1),
(141, 53, '/img/produtos/0053002.jpg', 1, 3, 1),
(144, 54, '/img/produtos/0054001.jpg', 0, 0, 1),
(145, 54, '/img/produtos/0054002.jpg', 1, 0, 1),
(146, 55, '/img/produtos/0055001.jpg', 0, 0, 1),
(147, 55, '/img/produtos/0055002.jpg', 1, 0, 1),
(148, 56, '/img/produtos/0056001.jpg', 0, 1, 1),
(150, 56, '/img/produtos/0056003.jpg', 1, 2, 1),
(154, 57, '/img/produtos/0057003.jpg', 0, 0, 1),
(155, 57, '/img/produtos/0057004.jpg', 0, 0, 1),
(156, 57, '/img/produtos/0057005.jpg', 1, 0, 1),
(157, 58, '/img/produtos/0058001.jpg', 0, 0, 1),
(158, 58, '/img/produtos/0058002.jpg', 1, 0, 1),
(159, 59, '/img/produtos/0059001.jpg', 0, 0, 1),
(160, 59, '/img/produtos/0059002.jpg', 1, 0, 1),
(164, 61, '/img/produtos/0061001.jpg', 0, 1, 1),
(166, 62, '/img/produtos/0062001.jpg', 0, 0, 1),
(167, 62, '/img/produtos/0062002.jpg', 1, 0, 1),
(168, 63, '/img/produtos/0063001.jpg', 0, 0, 1),
(169, 63, '/img/produtos/0063002.jpg', 1, 0, 1),
(170, 64, '/img/produtos/0064001.jpg', 0, 0, 1),
(171, 64, '/img/produtos/0064002.jpg', 1, 0, 1),
(172, 65, '/img/produtos/0065001.jpg', 0, 0, 1),
(173, 65, '/img/produtos/0065002.jpg', 1, 0, 1),
(188, 92, '/img/produtos/0092001.jpg', 0, 1, 1),
(297, 86, '/img/produtos/0086001.png', 0, 0, 1),
(298, 86, '/img/produtos/0086001.jpg', 1, 0, 1),
(301, 99, '/img/produtos/0099001.png', 0, 2, 1),
(302, 99, '/img/produtos/0099001.jpeg', 1, 4, 1),
(305, 100, '/img/produtos/0100001.png', 0, 1, 1),
(308, 101, '/img/produtos/0101001.png', 0, 1, 1),
(317, 95, '/img/produtos/0095001.png', 0, 0, 1),
(318, 95, '/img/produtos/0095002.png', 0, 0, 1),
(319, 95, '/img/produtos/0095001.jpg', 1, 0, 1),
(336, 105, '/img/produtos/0105001.png', 0, 0, 1),
(337, 105, '/img/produtos/0105002.png', 0, 0, 1),
(342, 108, '/img/produtos/0108001.png', 0, 1, 1),
(347, 113, '/img/produtos/0113001.png', 0, 1, 1),
(349, 115, '/img/produtos/0115001.png', 0, 1, 1),
(359, 75, '/img/produtos/0075001.png', 0, 1, 1),
(360, 75, '/img/produtos/0075001.jpg', 1, 2, 1),
(361, 75, '/img/produtos/0075002.jpg', 1, 3, 1),
(362, 70, '/img/produtos/0070001.png', 0, 0, 1),
(365, 73, '/img/produtos/0073001.png', 0, 0, 1),
(366, 71, '/img/produtos/0071001.png', 0, 2, 1),
(377, 87, '/img/produtos/0087001.png', 0, 0, 1),
(378, 87, '/img/produtos/0087002.png', 0, 0, 1),
(384, 84, '/img/produtos/0084001.png', 0, 1, 1),
(388, 81, '/img/produtos/0081002.png', 0, 1, 1),
(389, 82, '/img/produtos/0082001.png', 0, 1, 1),
(391, 112, '/img/produtos/0112001.png', 0, 1, 1),
(393, 114, '/img/produtos/0114001.png', 0, 1, 1),
(394, 116, '/img/produtos/0116001.png', 0, 1, 1),
(398, 118, '/img/produtos/0118001.png', 0, 1, 1),
(399, 119, '/img/produtos/0119001.png', 0, 1, 1),
(402, 121, '/img/produtos/0121001.png', 0, 1, 1),
(405, 124, '/img/produtos/0124001.png', 0, 1, 1),
(407, 126, '/img/produtos/0126001.png', 0, 1, 1),
(409, 102, '/img/produtos/0102001.png', 0, 1, 1),
(413, 129, '/img/produtos/0129001.png', 0, 1, 1),
(414, 130, '/img/produtos/0130001.png', 0, 1, 1),
(417, 132, '/img/produtos/0132001.png', 0, 0, 1),
(418, 132, '/img/produtos/0132001.jpg', 1, 0, 1),
(421, 134, '/img/produtos/0134001.png', 0, 0, 1),
(428, 136, '/img/produtos/0136001.png', 0, 0, 1),
(430, 137, '/img/produtos/0137001.png', 0, 1, 1),
(431, 137, '/img/produtos/0137002.png', 0, 2, 1),
(439, 141, '/img/produtos/0141001.png', 0, 0, 1),
(444, 83, '/img/produtos/0083001.png', 0, 1, 1),
(447, 146, '/img/produtos/0146001.png', 0, 0, 1),
(457, 111, '/img/produtos/0111001.png', 0, 1, 1),
(465, 110, '/img/produtos/0110001.png', 0, 1, 1),
(467, 110, '/img/produtos/0110002.png', 0, 2, 1),
(470, 109, '/img/produtos/0109001.png', 0, 1, 1),
(472, 109, '/img/produtos/0109003.png', 0, 2, 1),
(473, 113, '/img/produtos/0113002.png', 0, 2, 1),
(474, 112, '/img/produtos/0112002.png', 0, 2, 1),
(476, 115, '/img/produtos/0115002.png', 0, 2, 1),
(477, 136, '/img/produtos/0136002.png', 0, 0, 1),
(478, 136, '/img/produtos/0136001.jpg', 1, 0, 1),
(479, 135, '/img/produtos/0135001.png', 0, 0, 1),
(480, 135, '/img/produtos/0135002.png', 0, 0, 1),
(481, 135, '/img/produtos/0135001.jpg', 1, 0, 1),
(485, 141, '/img/produtos/0141002.png', 0, 0, 1),
(486, 146, '/img/produtos/0146002.png', 0, 0, 1),
(487, 146, '/img/produtos/0146001.jpg', 1, 0, 1),
(488, 141, '/img/produtos/0141001.jpg', 1, 0, 1),
(491, 134, '/img/produtos/0134002.png', 0, 0, 1),
(492, 134, '/img/produtos/0134001.jpg', 1, 0, 1),
(498, 73, '/img/produtos/0073001.jpg', 1, 0, 1),
(509, 87, '/img/produtos/0087001.jpg', 1, 0, 1),
(510, 50, '/img/produtos/0050002.jpg', 1, 0, 1),
(511, 70, '/img/produtos/0070001.jpg', 1, 0, 1),
(516, 81, '/img/produtos/0081002.jpg', 1, 2, 1),
(517, 82, '/img/produtos/0082001.jpg', 1, 2, 1),
(518, 83, '/img/produtos/0083001.jpg', 1, 2, 1),
(519, 84, '/img/produtos/0084001.jpg', 1, 2, 1),
(523, 119, '/img/produtos/0119001.jpg', 1, 2, 1),
(524, 75, '/img/produtos/0075003.jpg', 1, 4, 1),
(526, 71, '/img/produtos/0071001.jpg', 1, 3, 1),
(530, 130, '/img/produtos/0130001.jpg', 1, 2, 1),
(532, 121, '/img/produtos/0121001.jpg', 1, 2, 1),
(537, 68, '/img/produtos/0068002.png', 1, 3, 1),
(538, 68, '/img/produtos/0068003.png', 0, 2, 1),
(539, 68, '/img/produtos/0068004.png', 0, 0, 1),
(542, 61, '/img/produtos/0061002.png', 0, 2, 1),
(543, 83, '/img/produtos/0083002.jpg', 1, 3, 1),
(546, 99, '/img/produtos/0099001.jpg', 1, 3, 1),
(548, 100, '/img/produtos/0100002.png', 1, 2, 1),
(549, 101, '/img/produtos/0101002.png', 1, 2, 1),
(550, 129, '/img/produtos/0129001.jpg', 1, 2, 1),
(551, 116, '/img/produtos/0116001.jpg', 1, 2, 1),
(552, 126, '/img/produtos/0126001.jpg', 1, 2, 1),
(558, 112, '/img/produtos/0112001.jpg', 1, 3, 1),
(559, 111, '/img/produtos/0111001.jpg', 1, 2, 1),
(560, 114, '/img/produtos/0114001.jpg', 1, 3, 1),
(561, 110, '/img/produtos/0110001.jpg', 1, 3, 1),
(562, 137, '/img/produtos/0137001.jpg', 1, 3, 1),
(565, 109, '/img/produtos/0109001.jpg', 1, 3, 1),
(573, 124, '/img/produtos/0124001.jpg', 1, 2, 1),
(575, 122, '/img/produtos/0122001.png', 0, 0, 1),
(576, 113, '/img/produtos/0113001.jpg', 1, 3, 1),
(577, 115, '/img/produtos/0115001.jpg', 1, 3, 1),
(582, 151, '/img/produtos/0151002.png', 0, 3, 1),
(593, 122, '/img/produtos/0122001.jpg', 1, 0, 1),
(595, 151, '/img/produtos/0151001.jpg', 1, 4, 1),
(602, 151, '/img/produtos/0151003.png', 0, 1, 1),
(604, 108, '/img/produtos/0108002.jpg', 1, 2, 1),
(605, 92, '/img/produtos/0092002.jpg', 1, 2, 1),
(606, 61, '/img/produtos/0061003.jpg', 1, 4, 1),
(607, 159, '/img/produtos/0159001.png', 0, 0, 1),
(608, 159, '/img/produtos/0159002.png', 0, 0, 1),
(610, 159, '/img/produtos/0159001.jpg', 1, 0, 1),
(622, 53, '/img/produtos/0053003.jpg', 0, 2, 1),
(631, 118, '/img/produtos/0118001.jpeg', 1, 2, 1),
(635, 102, '/img/produtos/0102001.jpg', 1, 2, 1),
(637, 56, '/img/produtos/0056002.jpg', 1, 3, 1),
(639, 49, '/img/produtos/0049003.jpg', 1, 3, 1),
(670, 174, '/img/produtos/0174001.png', 0, 0, 1),
(671, 174, '/img/produtos/0174002.png', 0, 0, 1),
(687, 175, '/img/produtos/0175001.png', 0, 2, 1),
(688, 175, '/img/produtos/0175002.png', 0, 3, 1),
(689, 175, '/img/produtos/0175003.png', 0, 1, 1),
(690, 176, '/img/produtos/0176001.png', 0, 1, 1),
(691, 176, '/img/produtos/0176002.png', 0, 3, 1),
(692, 176, '/img/produtos/0176003.png', 0, 2, 1),
(693, 175, '/img/produtos/0175001.jpg', 1, 4, 1),
(694, 176, '/img/produtos/0176001.jpg', 1, 4, 1),
(702, 174, '/img/produtos/0174001.jpg', 1, 0, 1),
(703, 179, '/img/produtos/0179001.png', 0, 0, 1),
(704, 179, '/img/produtos/0179002.png', 0, 0, 1),
(705, 180, '/img/produtos/0180001.png', 0, 0, 1),
(706, 180, '/img/produtos/0180002.png', 0, 0, 1),
(708, 180, '/img/produtos/0180001.jpg', 1, 0, 1),
(709, 179, '/img/produtos/0179001.jpg', 1, 0, 1),
(711, 181, '/img/produtos/0181001.png', 0, 0, 1),
(712, 181, '/img/produtos/0181002.png', 0, 0, 1),
(713, 182, '/img/produtos/0182001.png', 0, 0, 1),
(714, 182, '/img/produtos/0182002.png', 0, 0, 1),
(715, 182, '/img/produtos/0182001.jpg', 1, 0, 1),
(716, 183, '/img/produtos/0183001.png', 0, 1, 1),
(717, 183, '/img/produtos/0183001.jpg', 1, 3, 1),
(718, 183, '/img/produtos/0183002.png', 0, 2, 1),
(719, 181, '/img/produtos/0181001.jpg', 1, 0, 1),
(720, 184, '/img/produtos/0184001.png', 0, 2, 1),
(722, 184, '/img/produtos/0184003.png', 0, 1, 1),
(723, 184, '/img/produtos/0184001.jpg', 1, 3, 1),
(724, 185, '/img/produtos/0185001.png', 0, 1, 1),
(725, 186, '/img/produtos/0186001.png', 0, 0, 1),
(726, 185, '/img/produtos/0185001.jpg', 1, 3, 1),
(727, 185, '/img/produtos/0185002.png', 0, 2, 1),
(728, 186, '/img/produtos/0186002.png', 0, 0, 1),
(729, 186, '/img/produtos/0186001.jpg', 1, 0, 1),
(730, 187, '/img/produtos/0187001.png', 0, 0, 1),
(731, 187, '/img/produtos/0187001.jpg', 1, 0, 1),
(732, 188, '/img/produtos/0188001.jpg', 1, 2, 1),
(733, 188, '/img/produtos/0188001.png', 0, 1, 1),
(741, 192, '/img/produtos/0192001.png', 0, 1, 1),
(762, 203, '/img/produtos/0203001.png', 0, 1, 1),
(763, 203, '/img/produtos/0203002.png', 0, 2, 1),
(768, 203, '/img/produtos/0203001.jpg', 1, 3, 1),
(769, 192, '/img/produtos/0192001.jpg', 0, 2, 1),
(770, 202, '/img/produtos/0202001.png', 0, 1, 1),
(771, 202, '/img/produtos/0202001.jpg', 1, 3, 1),
(772, 202, '/img/produtos/0202002.png', 0, 2, 1),
(777, 205, '/img/produtos/0205001.png', 0, 0, 1),
(778, 205, '/img/produtos/0205001.jpg', 1, 0, 1),
(780, 206, '/img/produtos/0206001.jpg', 0, 3, 1),
(781, 206, '/img/produtos/0206002.png', 1, 2, 1),
(783, 208, '/img/produtos/0208001.png', 0, 1, 1),
(784, 208, '/img/produtos/0208001.jpg', 1, 3, 1),
(795, 212, '/img/produtos/0212001.png', 0, 0, 1),
(796, 212, '/img/produtos/0212002.png', 0, 0, 1),
(800, 213, '/img/produtos/0213002.png', 0, 1, 1),
(801, 213, '/img/produtos/0213002.jpg', 1, 2, 1),
(802, 214, '/img/produtos/0214001.png', 0, 1, 1),
(803, 214, '/img/produtos/0214001.jpg', 1, 3, 1),
(805, 215, '/img/produtos/0215001.png', 0, 0, 1),
(806, 212, '/img/produtos/0212001.jpg', 1, 0, 1),
(808, 215, '/img/produtos/0215001.jpg', 1, 0, 1),
(810, 217, '/img/produtos/0217001.png', 0, 1, 1),
(811, 217, '/img/produtos/0217001.jpg', 1, 3, 1),
(812, 216, '/img/produtos/0216001.jpg', 1, 3, 1),
(814, 208, '/img/produtos/0208002.jpg', 1, 2, 1),
(815, 214, '/img/produtos/0214002.jpg', 1, 2, 1),
(818, 216, '/img/produtos/0216001.png', 0, 0, 1),
(820, 218, '/img/produtos/0218001.png', 0, 1, 1),
(821, 218, '/img/produtos/0218001.jpg', 1, 3, 1),
(822, 218, '/img/produtos/0218002.png', 0, 2, 1),
(826, 222, '/img/produtos/0222001.png', 0, 0, 1),
(827, 220, '/img/produtos/0220001.png', 0, 0, 1),
(828, 221, '/img/produtos/0221001.png', 0, 0, 1),
(829, 225, '/img/produtos/0225001.png', 0, 0, 1),
(830, 226, '/img/produtos/0226001.png', 0, 0, 1),
(832, 228, '/img/produtos/0228001.png', 0, 0, 1),
(833, 229, '/img/produtos/0229001.png', 1, 2, 1),
(834, 230, '/img/produtos/0230001.png', 0, 0, 1),
(835, 231, '/img/produtos/0231001.png', 0, 0, 1),
(836, 232, '/img/produtos/0232001.png', 0, 0, 1),
(837, 233, '/img/produtos/0233001.png', 0, 0, 1),
(838, 234, '/img/produtos/0234001.png', 0, 0, 1),
(839, 235, '/img/produtos/0235001.png', 0, 0, 1),
(840, 223, '/img/produtos/0223001.png', 0, 0, 1),
(841, 224, '/img/produtos/0224001.png', 0, 0, 1),
(842, 224, '/img/produtos/0224002.png', 0, 0, 1),
(846, 238, '/img/produtos/0238001.png', 0, 0, 1),
(848, 240, '/img/produtos/0240001.png', 0, 0, 1),
(850, 242, '/img/produtos/0242001.png', 0, 0, 1),
(851, 243, '/img/produtos/0243001.png', 0, 0, 1),
(853, 244, '/img/produtos/0244002.png', 0, 0, 1),
(854, 245, '/img/produtos/0245001.png', 0, 0, 1),
(855, 246, '/img/produtos/0246001.png', 0, 0, 1),
(857, 248, '/img/produtos/0248001.jpg', 0, 1, 1),
(858, 249, '/img/produtos/0249001.jpg', 0, 0, 1),
(859, 250, '/img/produtos/0250001.jpg', 0, 1, 1),
(861, 252, '/img/produtos/0252001.jpg', 0, 0, 1),
(862, 253, '/img/produtos/0253001.jpg', 0, 0, 1),
(863, 254, '/img/produtos/0254001.jpg', 0, 0, 1),
(869, 260, '/img/produtos/0260001.jpg', 0, 0, 1),
(871, 258, '/img/produtos/0258001.png', 0, 0, 1),
(872, 259, '/img/produtos/0259001.png', 0, 0, 1),
(877, 261, '/img/produtos/0261001.png', 0, 0, 1),
(878, 262, '/img/produtos/0262001.png', 0, 0, 1),
(879, 263, '/img/produtos/0263001.png', 0, 0, 1),
(880, 264, '/img/produtos/0264001.png', 0, 0, 1),
(882, 266, '/img/produtos/0266001.png', 0, 1, 1),
(884, 265, '/img/produtos/0265001.png', 0, 0, 1),
(887, 269, '/img/produtos/0269001.jpg', 0, 0, 1),
(890, 270, '/img/produtos/0270001.jpg', 0, 0, 1),
(891, 271, '/img/produtos/0271001.jpg', 0, 0, 1),
(892, 272, '/img/produtos/0272001.jpg', 0, 0, 1),
(893, 273, '/img/produtos/0273001.jpg', 0, 0, 1),
(894, 256, '/img/produtos/0256001.png', 0, 0, 1),
(895, 257, '/img/produtos/0257001.png', 0, 0, 1),
(897, 274, '/img/produtos/0274002.png', 0, 0, 1),
(898, 275, '/img/produtos/0275001.png', 0, 0, 1),
(899, 251, '/img/produtos/0251001.png', 0, 0, 1),
(900, 276, '/img/produtos/0276001.png', 0, 0, 1),
(901, 277, '/img/produtos/0277001.png', 0, 0, 1),
(902, 267, '/img/produtos/0267002.png', 0, 0, 1),
(903, 278, '/img/produtos/0278001.png', 0, 0, 1),
(904, 279, '/img/produtos/0279001.png', 0, 0, 1),
(905, 280, '/img/produtos/0280001.jpg', 0, 0, 1),
(906, 281, '/img/produtos/0281001.jpg', 0, 0, 1),
(907, 282, '/img/produtos/0282001.png', 0, 0, 1),
(909, 255, '/img/produtos/0255001.png', 0, 0, 1),
(926, 274, '/img/produtos/0274001.jpg', 0, 0, 1),
(928, 257, '/img/produtos/0257001.jpg', 0, 0, 1),
(930, 250, '/img/produtos/0250003.jpg', 0, 3, 1),
(931, 250, '/img/produtos/0250002.jpg', 0, 2, 1),
(935, 248, '/img/produtos/0248002.jpg', 0, 2, 1),
(936, 248, '/img/produtos/0248003.jpg', 0, 4, 1),
(937, 248, '/img/produtos/0248004.jpg', 0, 3, 1),
(938, 275, '/img/produtos/0275001.jpg', 0, 0, 1),
(940, 256, '/img/produtos/0256001.jpg', 0, 0, 1),
(943, 276, '/img/produtos/0276001.jpg', 0, 0, 1),
(944, 251, '/img/produtos/0251001.jpg', 0, 0, 1),
(945, 261, '/img/produtos/0261001.jpg', 0, 0, 1),
(946, 262, '/img/produtos/0262001.jpg', 0, 0, 1),
(948, 264, '/img/produtos/0264001.jpg', 0, 0, 1),
(949, 267, '/img/produtos/0267001.jpg', 0, 0, 1),
(950, 278, '/img/produtos/0278001.jpg', 0, 0, 1),
(952, 252, '/img/produtos/0252002.jpg', 0, 0, 1),
(953, 265, '/img/produtos/0265001.jpg', 0, 0, 1),
(954, 265, '/img/produtos/0265002.jpg', 0, 0, 1),
(955, 263, '/img/produtos/0263001.jpg', 0, 0, 1),
(956, 254, '/img/produtos/0254002.jpg', 0, 0, 1),
(957, 273, '/img/produtos/0273002.jpg', 0, 0, 1),
(958, 271, '/img/produtos/0271002.jpg', 0, 0, 1),
(959, 272, '/img/produtos/0272002.jpg', 0, 0, 1),
(960, 265, '/img/produtos/0265003.jpg', 0, 0, 1),
(961, 265, '/img/produtos/0265004.jpg', 0, 0, 1),
(962, 265, '/img/produtos/0265005.jpg', 0, 0, 1),
(963, 265, '/img/produtos/0265006.jpg', 0, 0, 1),
(964, 220, '/img/produtos/0220001.jpg', 0, 0, 1),
(965, 221, '/img/produtos/0221001.jpg', 0, 0, 1),
(966, 229, '/img/produtos/0229001.jpg', 0, 1, 1),
(967, 222, '/img/produtos/0222001.jpg', 0, 0, 1),
(968, 230, '/img/produtos/0230001.jpg', 0, 0, 1),
(969, 231, '/img/produtos/0231001.jpg', 0, 0, 1),
(970, 232, '/img/produtos/0232001.jpg', 0, 0, 1),
(971, 270, '/img/produtos/0270002.jpg', 0, 0, 1),
(972, 233, '/img/produtos/0233001.jpg', 0, 0, 1),
(975, 280, '/img/produtos/0280003.jpg', 0, 0, 1),
(977, 234, '/img/produtos/0234001.jpg', 0, 0, 1),
(978, 235, '/img/produtos/0235001.jpg', 0, 0, 1),
(979, 277, '/img/produtos/0277001.jpg', 0, 0, 1),
(980, 240, '/img/produtos/0240001.jpg', 0, 0, 1),
(981, 238, '/img/produtos/0238001.jpg', 0, 0, 1),
(982, 223, '/img/produtos/0223001.jpg', 0, 0, 1),
(983, 223, '/img/produtos/0223002.jpg', 0, 0, 1),
(984, 253, '/img/produtos/0253002.jpg', 0, 0, 1),
(985, 279, '/img/produtos/0279002.jpg', 0, 0, 1),
(987, 242, '/img/produtos/0242001.jpg', 0, 0, 1),
(988, 243, '/img/produtos/0243001.jpg', 0, 0, 1),
(989, 244, '/img/produtos/0244001.jpg', 0, 0, 1),
(990, 245, '/img/produtos/0245001.jpg', 0, 0, 1),
(991, 246, '/img/produtos/0246001.jpg', 0, 0, 1),
(992, 260, '/img/produtos/0260002.jpg', 0, 0, 1),
(993, 281, '/img/produtos/0281002.jpg', 0, 0, 1),
(994, 249, '/img/produtos/0249002.jpg', 0, 0, 1),
(995, 282, '/img/produtos/0282001.jpg', 0, 0, 1),
(996, 255, '/img/produtos/0255001.jpg', 0, 0, 1),
(997, 269, '/img/produtos/0269002.jpg', 0, 0, 1),
(998, 258, '/img/produtos/0258001.jpg', 0, 0, 1),
(999, 259, '/img/produtos/0259001.jpg', 0, 0, 1),
(1000, 225, '/img/produtos/0225001.jpg', 0, 0, 1),
(1001, 226, '/img/produtos/0226001.jpg', 0, 0, 1),
(1004, 266, '/img/produtos/0266002.jpg', 0, 4, 1),
(1005, 266, '/img/produtos/0266003.jpg', 0, 3, 1),
(1006, 284, '/img/produtos/0284001.png', 0, 0, 1),
(1007, 285, '/img/produtos/0285001.png', 0, 0, 1),
(1008, 286, '/img/produtos/0286001.png', 0, 0, 1),
(1009, 287, '/img/produtos/0287001.png', 0, 0, 1),
(1010, 288, '/img/produtos/0288001.png', 0, 0, 1),
(1011, 289, '/img/produtos/0289001.png', 0, 0, 1),
(1013, 286, '/img/produtos/0286001.jpg', 0, 0, 1),
(1014, 287, '/img/produtos/0287001.jpg', 0, 0, 1),
(1015, 285, '/img/produtos/0285001.jpg', 0, 0, 1),
(1019, 284, '/img/produtos/0284002.jpg', 0, 0, 1),
(1020, 289, '/img/produtos/0289001.jpg', 0, 0, 1),
(1021, 288, '/img/produtos/0288001.jpg', 0, 0, 1),
(1022, 291, '/img/produtos/0291001.png', 0, 1, 1),
(1023, 291, '/img/produtos/0291002.png', 0, 3, 1),
(1025, 291, '/img/produtos/0291003.png', 0, 2, 1),
(1026, 292, '/img/produtos/0292001.jpg', 0, 4, 1),
(1027, 292, '/img/produtos/0292001.png', 0, 1, 1),
(1028, 292, '/img/produtos/0292002.png', 0, 2, 1),
(1029, 292, '/img/produtos/0292003.png', 0, 3, 1),
(1038, 291, '/img/produtos/0291001.jpg', 0, 4, 1),
(1048, 297, '/img/produtos/0297001.png', 0, 0, 1),
(1049, 298, '/img/produtos/0298001.png', 0, 0, 1),
(1050, 299, '/img/produtos/0299001.png', 0, 0, 1),
(1051, 300, '/img/produtos/0300001.png', 0, 0, 1),
(1052, 301, '/img/produtos/0301001.png', 0, 0, 1),
(1053, 302, '/img/produtos/0302001.png', 0, 0, 1),
(1055, 304, '/img/produtos/0304001.png', 0, 0, 1),
(1056, 305, '/img/produtos/0305001.png', 0, 0, 1),
(1057, 306, '/img/produtos/0306001.png', 0, 0, 1),
(1058, 307, '/img/produtos/0307001.png', 0, 0, 1),
(1059, 308, '/img/produtos/0308001.png', 0, 0, 1),
(1060, 310, '/img/produtos/0310001.png', 0, 0, 1),
(1061, 309, '/img/produtos/0309001.png', 0, 0, 1),
(1062, 311, '/img/produtos/0311001.png', 0, 0, 1),
(1063, 313, '/img/produtos/0313001.png', 0, 0, 1),
(1065, 315, '/img/produtos/0315001.png', 0, 0, 1),
(1066, 316, '/img/produtos/0316001.png', 0, 0, 1),
(1067, 317, '/img/produtos/0317001.png', 0, 0, 1),
(1073, 321, '/img/produtos/0321001.png', 0, 0, 1),
(1074, 322, '/img/produtos/0322001.png', 0, 0, 1),
(1079, 321, '/img/produtos/0321001.jpg', 0, 0, 1),
(1082, 294, '/img/produtos/0294001.png', 0, 0, 1),
(1083, 294, '/img/produtos/0294002.png', 0, 0, 1),
(1084, 325, '/img/produtos/0325002.png', 0, 0, 1),
(1085, 323, '/img/produtos/0323002.png', 0, 0, 1),
(1086, 324, '/img/produtos/0324002.png', 0, 0, 1),
(1087, 323, '/img/produtos/0323001.jpg', 0, 0, 1),
(1088, 322, '/img/produtos/0322001.jpg', 0, 0, 1),
(1089, 324, '/img/produtos/0324001.jpg', 0, 0, 1),
(1091, 302, '/img/produtos/0302002.png', 0, 0, 1),
(1092, 302, '/img/produtos/0302003.png', 0, 0, 1),
(1093, 302, '/img/produtos/0302004.png', 0, 0, 1),
(1094, 297, '/img/produtos/0297001.jpg', 0, 0, 1),
(1095, 297, '/img/produtos/0297002.jpg', 0, 0, 1),
(1096, 301, '/img/produtos/0301001.jpg', 0, 0, 1),
(1097, 301, '/img/produtos/0301002.jpg', 0, 0, 1),
(1098, 301, '/img/produtos/0301003.jpg', 0, 0, 1),
(1099, 300, '/img/produtos/0300001.jpg', 0, 0, 1),
(1100, 300, '/img/produtos/0300002.jpg', 0, 0, 1),
(1101, 311, '/img/produtos/0311001.jpg', 0, 0, 1),
(1102, 311, '/img/produtos/0311002.jpg', 0, 0, 1),
(1103, 307, '/img/produtos/0307001.jpg', 0, 0, 1),
(1104, 307, '/img/produtos/0307002.jpg', 0, 0, 1),
(1105, 308, '/img/produtos/0308001.jpg', 0, 0, 1),
(1106, 308, '/img/produtos/0308002.jpg', 0, 0, 1),
(1107, 298, '/img/produtos/0298001.jpg', 0, 0, 1),
(1108, 298, '/img/produtos/0298002.jpg', 0, 0, 1),
(1109, 299, '/img/produtos/0299001.jpg', 0, 0, 1),
(1110, 299, '/img/produtos/0299002.jpg', 0, 0, 1),
(1111, 313, '/img/produtos/0313001.jpg', 0, 0, 1),
(1112, 313, '/img/produtos/0313002.jpg', 0, 0, 1),
(1113, 310, '/img/produtos/0310001.jpg', 0, 0, 1),
(1114, 309, '/img/produtos/0309001.jpg', 0, 0, 1),
(1115, 317, '/img/produtos/0317001.jpg', 0, 0, 1),
(1116, 317, '/img/produtos/0317002.jpg', 0, 0, 1),
(1117, 316, '/img/produtos/0316001.jpg', 0, 0, 1),
(1118, 316, '/img/produtos/0316002.jpg', 0, 0, 1),
(1121, 304, '/img/produtos/0304001.jpg', 0, 0, 1),
(1122, 315, '/img/produtos/0315001.jpg', 0, 0, 1),
(1123, 306, '/img/produtos/0306001.jpg', 0, 0, 1),
(1132, 331, '/img/produtos/0331001.jpg', 0, 0, 1),
(1133, 328, '/img/produtos/0328002.jpg', 0, 0, 1),
(1137, 328, '/img/produtos/0328001.jpg', 0, 0, 1),
(1138, 331, '/img/produtos/0331002.jpg', 0, 0, 1),
(1142, 326, '/img/produtos/0326003.jpg', 0, 0, 1),
(1143, 326, '/img/produtos/0326004.jpg', 0, 0, 1),
(1187, 327, '/img/produtos/0327002.png', 0, 0, 1),
(1192, 327, '/img/produtos/0327001.jpg', 0, 0, 1),
(1193, 332, '/img/produtos/0332001.png', 0, 0, 1),
(1194, 332, '/img/produtos/0332002.png', 0, 0, 1),
(1195, 332, '/img/produtos/0332003.png', 0, 0, 1),
(1201, 336, '/img/produtos/0336002.png', 0, 0, 1),
(1203, 336, '/img/produtos/0336003.png', 0, 0, 1),
(1204, 312, '/img/produtos/0312001.png', 0, 0, 1),
(1205, 336, '/img/produtos/0336001.jpg', 0, 0, 1),
(1206, 312, '/img/produtos/0312001.jpg', 0, 0, 1),
(1208, 332, '/img/produtos/0332001.jpg', 0, 0, 1),
(1209, 337, '/img/produtos/0337001.png', 0, 0, 1),
(1210, 337, '/img/produtos/0337002.png', 0, 0, 1),
(1211, 337, '/img/produtos/0337003.png', 0, 0, 1),
(1212, 338, '/img/produtos/0338001.png', 0, 0, 1),
(1213, 338, '/img/produtos/0338002.png', 0, 0, 1),
(1214, 338, '/img/produtos/0338003.png', 0, 0, 1),
(1217, 337, '/img/produtos/0337001.jpg', 0, 0, 1),
(1218, 338, '/img/produtos/0338001.jpg', 0, 0, 1),
(1219, 340, '/img/produtos/0340001.png', 0, 0, 1),
(1220, 340, '/img/produtos/0340002.png', 0, 0, 1),
(1221, 340, '/img/produtos/0340003.png', 0, 0, 1),
(1222, 340, '/img/produtos/0340001.jpg', 0, 0, 1),
(1223, 340, '/img/produtos/0340004.png', 0, 0, 1),
(1224, 340, '/img/produtos/0340005.png', 0, 0, 1),
(1225, 340, '/img/produtos/0340006.png', 0, 0, 1),
(1226, 340, '/img/produtos/0340002.jpg', 0, 0, 1),
(1227, 341, '/img/produtos/0341001.png', 0, 0, 1),
(1228, 341, '/img/produtos/0341002.png', 0, 0, 1),
(1229, 341, '/img/produtos/0341003.png', 0, 0, 1),
(1230, 341, '/img/produtos/0341001.jpg', 0, 0, 1),
(1236, 342, '/img/produtos/0342001.jpg', 0, 0, 1),
(1237, 342, '/img/produtos/0342001.png', 0, 0, 1),
(1238, 342, '/img/produtos/0342002.jpg', 0, 0, 1),
(1239, 343, '/img/produtos/0343001.png', 0, 0, 1),
(1241, 344, '/img/produtos/0344001.png', 0, 0, 1),
(1249, 347, '/img/produtos/0347002.png', 0, 0, 1),
(1250, 347, '/img/produtos/0347001.png', 0, 0, 1),
(1251, 347, '/img/produtos/0347003.png', 0, 0, 1),
(1255, 350, '/img/produtos/0350001.png', 0, 1, 1),
(1256, 350, '/img/produtos/0350002.png', 0, 2, 1),
(1260, 352, '/img/produtos/0352001.png', 0, 1, 1),
(1261, 352, '/img/produtos/0352002.png', 0, 2, 1),
(1264, 354, '/img/produtos/0354001.png', 0, 1, 1),
(1265, 354, '/img/produtos/0354002.png', 0, 2, 1),
(1266, 353, '/img/produtos/0353003.png', 0, 1, 1),
(1267, 353, '/img/produtos/0353004.png', 0, 2, 1),
(1268, 355, '/img/produtos/0355001.png', 0, 1, 1),
(1269, 355, '/img/produtos/0355002.png', 0, 2, 1),
(1270, 356, '/img/produtos/0356001.png', 0, 1, 1),
(1271, 356, '/img/produtos/0356002.png', 0, 2, 1),
(1272, 357, '/img/produtos/0357001.png', 0, 1, 1),
(1273, 357, '/img/produtos/0357002.png', 0, 2, 1),
(1275, 359, '/img/produtos/0359001.png', 0, 1, 1),
(1278, 360, '/img/produtos/0360001.png', 0, 1, 1),
(1282, 362, '/img/produtos/0362001.png', 0, 0, 1),
(1283, 361, '/img/produtos/0361001.png', 0, 0, 1),
(1284, 360, '/img/produtos/0360002.png', 0, 2, 1),
(1286, 358, '/img/produtos/0358001.png', 0, 0, 1),
(1287, 350, '/img/produtos/0350001.jpg', 0, 3, 1),
(1288, 353, '/img/produtos/0353001.jpg', 0, 3, 1),
(1290, 362, '/img/produtos/0362001.jpg', 0, 0, 1),
(1291, 362, '/img/produtos/0362002.jpg', 0, 0, 1),
(1292, 361, '/img/produtos/0361001.jpg', 0, 0, 1),
(1294, 354, '/img/produtos/0354001.jpg', 0, 3, 1),
(1297, 356, '/img/produtos/0356001.jpg', 0, 3, 1),
(1300, 355, '/img/produtos/0355001.jpg', 0, 3, 1),
(1301, 352, '/img/produtos/0352001.jpg', 0, 3, 1),
(1302, 360, '/img/produtos/0360001.jpg', 0, 3, 1),
(1303, 357, '/img/produtos/0357001.jpg', 0, 3, 1),
(1304, 358, '/img/produtos/0358001.jpg', 0, 0, 1),
(1305, 359, '/img/produtos/0359001.jpg', 0, 2, 1),
(1327, 369, '/img/produtos/0369001.png', 0, 0, 1),
(1328, 369, '/img/produtos/0369002.png', 0, 0, 1),
(1329, 369, '/img/produtos/0369003.png', 0, 0, 1),
(1339, 365, '/img/produtos/0365001.png', 0, 0, 1),
(1340, 365, '/img/produtos/0365002.png', 0, 0, 1),
(1341, 363, '/img/produtos/0363001.png', 0, 0, 1),
(1342, 363, '/img/produtos/0363002.png', 0, 0, 1),
(1343, 363, '/img/produtos/0363003.png', 0, 0, 1),
(1344, 368, '/img/produtos/0368001.png', 0, 0, 1),
(1345, 368, '/img/produtos/0368002.png', 0, 0, 1),
(1346, 367, '/img/produtos/0367001.png', 0, 0, 1),
(1347, 367, '/img/produtos/0367002.png', 0, 0, 1),
(1348, 364, '/img/produtos/0364001.png', 0, 0, 1),
(1349, 364, '/img/produtos/0364002.png', 0, 0, 1),
(1353, 371, '/img/produtos/0371001.png', 0, 3, 1),
(1354, 371, '/img/produtos/0371002.png', 0, 1, 1),
(1355, 371, '/img/produtos/0371003.png', 0, 2, 1),
(1361, 372, '/img/produtos/0372001.png', 0, 0, 1),
(1362, 372, '/img/produtos/0372002.png', 0, 0, 1),
(1363, 372, '/img/produtos/0372003.png', 0, 0, 1),
(1364, 372, '/img/produtos/0372004.png', 0, 0, 1),
(1365, 369, '/img/produtos/0369004.png', 0, 0, 1),
(1366, 369, '/img/produtos/0369005.png', 0, 0, 1),
(1367, 365, '/img/produtos/0365003.png', 0, 0, 1),
(1368, 363, '/img/produtos/0363001.jpg', 0, 0, 1),
(1369, 363, '/img/produtos/0363004.png', 0, 0, 1),
(1370, 364, '/img/produtos/0364003.png', 0, 0, 1),
(1371, 368, '/img/produtos/0368001.jpg', 0, 0, 1),
(1378, 374, '/img/produtos/0374002.png', 0, 5, 1),
(1379, 374, '/img/produtos/0374003.png', 0, 3, 1),
(1380, 374, '/img/produtos/0374004.png', 0, 2, 1),
(1381, 374, '/img/produtos/0374005.png', 0, 1, 1),
(1382, 374, '/img/produtos/0374001.png', 0, 4, 1),
(1383, 371, '/img/produtos/0371004.png', 0, 4, 1),
(1385, 367, '/img/produtos/0367001.jpg', 0, 0, 1),
(1386, 368, '/img/produtos/0368003.png', 0, 0, 1),
(1389, 376, '/img/produtos/0376001.png', 0, 0, 1),
(1390, 376, '/img/produtos/0376002.png', 0, 0, 1),
(1391, 377, '/img/produtos/0377001.png', 0, 0, 1),
(1392, 377, '/img/produtos/0377002.png', 0, 0, 1),
(1393, 377, '/img/produtos/0377003.png', 0, 0, 1),
(1398, 376, '/img/produtos/0376001.jpg', 0, 0, 1),
(1400, 377, '/img/produtos/0377005.png', 0, 0, 1),
(1412, 382, '/img/produtos/0382001.jpg', 0, 2, 1),
(1414, 382, '/img/produtos/0382001.png', 0, 0, 1),
(1415, 383, '/img/produtos/0383001.png', 0, 0, 1),
(1416, 383, '/img/produtos/0383002.png', 0, 0, 1),
(1417, 383, '/img/produtos/0383003.png', 0, 0, 1),
(1418, 383, '/img/produtos/0383001.jpg', 0, 0, 1),
(1425, 386, '/img/produtos/0386001.png', 0, 0, 1),
(1426, 387, '/img/produtos/0387001.png', 0, 0, 1),
(1427, 387, '/img/produtos/0387002.png', 0, 0, 1),
(1428, 388, '/img/produtos/0388001.png', 0, 0, 1),
(1429, 389, '/img/produtos/0389001.png', 0, 0, 1),
(1430, 390, '/img/produtos/0390001.png', 0, 0, 1),
(1435, 392, '/img/produtos/0392001.png', 0, 0, 1),
(1436, 394, '/img/produtos/0394001.png', 0, 0, 1),
(1440, 398, '/img/produtos/0398001.png', 0, 0, 1),
(1448, 387, '/img/produtos/0387001.jpg', 0, 0, 1),
(1450, 388, '/img/produtos/0388001.jpg', 0, 0, 1),
(1451, 392, '/img/produtos/0392001.jpg', 0, 0, 1),
(1452, 392, '/img/produtos/0392002.jpg', 0, 0, 1),
(1453, 394, '/img/produtos/0394001.jpg', 0, 0, 1),
(1454, 394, '/img/produtos/0394002.jpg', 0, 0, 1),
(1458, 399, '/img/produtos/0399001.png', 0, 0, 1),
(1459, 399, '/img/produtos/0399002.png', 0, 0, 1),
(1460, 399, '/img/produtos/0399003.png', 0, 0, 1),
(1461, 401, '/img/produtos/0401001.png', 0, 0, 1),
(1462, 401, '/img/produtos/0401002.png', 0, 0, 1),
(1463, 401, '/img/produtos/0401003.png', 0, 0, 1),
(1464, 400, '/img/produtos/0400001.png', 0, 0, 1),
(1465, 400, '/img/produtos/0400002.png', 0, 0, 1),
(1466, 400, '/img/produtos/0400003.png', 0, 0, 1),
(1467, 405, '/img/produtos/0405001.png', 0, 1, 1),
(1468, 406, '/img/produtos/0406001.png', 0, 0, 1),
(1469, 406, '/img/produtos/0406002.png', 0, 0, 1),
(1470, 407, '/img/produtos/0407001.png', 0, 0, 1),
(1471, 407, '/img/produtos/0407002.png', 0, 0, 1),
(1472, 408, '/img/produtos/0408001.png', 0, 1, 1),
(1473, 409, '/img/produtos/0409001.png', 0, 0, 1),
(1474, 409, '/img/produtos/0409002.png', 0, 0, 1),
(1475, 410, '/img/produtos/0410001.png', 0, 0, 1),
(1476, 410, '/img/produtos/0410002.png', 0, 0, 1),
(1477, 411, '/img/produtos/0411001.png', 0, 0, 1),
(1478, 411, '/img/produtos/0411002.png', 0, 0, 1),
(1479, 412, '/img/produtos/0412001.png', 0, 0, 1),
(1480, 412, '/img/produtos/0412002.png', 0, 0, 1),
(1481, 413, '/img/produtos/0413001.png', 0, 0, 1),
(1482, 413, '/img/produtos/0413002.png', 0, 0, 1),
(1483, 414, '/img/produtos/0414001.png', 0, 0, 1),
(1484, 414, '/img/produtos/0414002.png', 0, 0, 1),
(1485, 389, '/img/produtos/0389001.jpg', 0, 0, 1),
(1486, 390, '/img/produtos/0390001.jpg', 0, 0, 1),
(1487, 406, '/img/produtos/0406001.jpg', 0, 0, 1),
(1488, 407, '/img/produtos/0407001.jpg', 0, 0, 1),
(1490, 411, '/img/produtos/0411001.jpg', 0, 0, 1),
(1491, 409, '/img/produtos/0409001.jpg', 0, 0, 1),
(1498, 408, '/img/produtos/0408002.png', 0, 2, 1),
(1501, 408, '/img/produtos/0408001.jpg', 0, 3, 1),
(1502, 412, '/img/produtos/0412001.jpg', 0, 0, 1),
(1503, 415, '/img/produtos/0415001.png', 0, 1, 1),
(1510, 418, '/img/produtos/0418001.png', 0, 1, 1),
(1511, 418, '/img/produtos/0418002.png', 0, 2, 1),
(1512, 418, '/img/produtos/0418003.png', 0, 3, 1),
(1517, 423, '/img/produtos/0423001.png', 0, 1, 1),
(1518, 423, '/img/produtos/0423002.png', 0, 2, 1),
(1522, 427, '/img/produtos/0427001.png', 0, 1, 1),
(1523, 428, '/img/produtos/0428001.png', 0, 1, 1),
(1524, 429, '/img/produtos/0429001.png', 0, 0, 1),
(1526, 429, '/img/produtos/0429003.png', 0, 0, 1),
(1528, 429, '/img/produtos/0429005.png', 0, 0, 1),
(1534, 429, '/img/produtos/0429001.jpg', 0, 0, 1),
(1536, 423, '/img/produtos/0423001.jpg', 0, 3, 1),
(1537, 418, '/img/produtos/0418001.jpg', 0, 4, 1),
(1539, 427, '/img/produtos/0427001.jpg', 0, 2, 1),
(1540, 428, '/img/produtos/0428001.jpg', 0, 2, 1),
(1541, 405, '/img/produtos/0405001.jpg', 0, 2, 1),
(1547, 433, '/img/produtos/0433001.png', 0, 0, 1),
(1548, 433, '/img/produtos/0433002.png', 0, 0, 1),
(1549, 434, '/img/produtos/0434001.png', 0, 0, 1),
(1550, 434, '/img/produtos/0434002.png', 0, 0, 1),
(1553, 434, '/img/produtos/0434001.jpg', 0, 0, 1),
(1554, 415, '/img/produtos/0415001.jpg', 0, 2, 1),
(1561, 436, '/img/produtos/0436001.png', 0, 0, 1),
(1562, 437, '/img/produtos/0437001.png', 0, 0, 1),
(1563, 438, '/img/produtos/0438001.png', 0, 0, 1),
(1564, 439, '/img/produtos/0439001.png', 0, 0, 1),
(1565, 440, '/img/produtos/0440001.png', 0, 1, 1),
(1566, 441, '/img/produtos/0441001.png', 0, 0, 1),
(1567, 393, '/img/produtos/0393001.png', 0, 0, 1),
(1568, 393, '/img/produtos/0393001.jpg', 0, 0, 1),
(1571, 443, '/img/produtos/0443001.png', 0, 0, 1),
(1573, 442, '/img/produtos/0442001.png', 0, 0, 1),
(1575, 438, '/img/produtos/0438001.jpg', 0, 0, 1),
(1576, 439, '/img/produtos/0439001.jpg', 0, 0, 1),
(1577, 440, '/img/produtos/0440001.jpg', 0, 2, 1),
(1582, 433, '/img/produtos/0433001.jpg', 0, 0, 1),
(1583, 443, '/img/produtos/0443001.jpg', 0, 0, 1),
(1585, 442, '/img/produtos/0442001.jpg', 0, 0, 1),
(1592, 437, '/img/produtos/0437001.jpg', 0, 0, 1),
(1593, 441, '/img/produtos/0441001.jpg', 0, 0, 1),
(1594, 436, '/img/produtos/0436001.jpg', 0, 0, 1),
(1607, 445, '/img/produtos/0445001.png', 0, 0, 1),
(1608, 446, '/img/produtos/0446001.png', 0, 1, 1),
(1609, 447, '/img/produtos/0447001.png', 0, 1, 1),
(1610, 448, '/img/produtos/0448001.png', 0, 1, 1),
(1612, 449, '/img/produtos/0449002.png', 0, 1, 1),
(1613, 450, '/img/produtos/0450001.png', 0, 0, 1),
(1615, 451, '/img/produtos/0451001.png', 0, 0, 1),
(1619, 452, '/img/produtos/0452001.jpg', 0, 3, 1),
(1620, 453, '/img/produtos/0453001.jpg', 0, 3, 1),
(1622, 453, '/img/produtos/0453002.png', 0, 2, 1),
(1629, 456, '/img/produtos/0456001.png', 0, 0, 1),
(1630, 457, '/img/produtos/0457001.png', 0, 0, 1),
(1631, 458, '/img/produtos/0458001.png', 0, 0, 1),
(1632, 459, '/img/produtos/0459001.png', 0, 0, 1),
(1633, 460, '/img/produtos/0460001.png', 0, 0, 1),
(1634, 461, '/img/produtos/0461001.png', 0, 0, 1),
(1635, 458, '/img/produtos/0458001.jpg', 0, 0, 1),
(1636, 460, '/img/produtos/0460001.jpg', 0, 0, 1),
(1637, 461, '/img/produtos/0461001.jpg', 0, 0, 1),
(1638, 459, '/img/produtos/0459001.jpg', 0, 0, 1),
(1643, 463, '/img/produtos/0463001.png', 0, 2, 1),
(1644, 463, '/img/produtos/0463002.png', 0, 1, 1),
(1645, 464, '/img/produtos/0464001.png', 0, 0, 1),
(1646, 464, '/img/produtos/0464002.png', 0, 0, 1),
(1647, 465, '/img/produtos/0465001.png', 0, 0, 1),
(1648, 465, '/img/produtos/0465002.png', 0, 0, 1),
(1649, 466, '/img/produtos/0466001.png', 0, 0, 1),
(1650, 466, '/img/produtos/0466002.png', 0, 0, 1),
(1651, 467, '/img/produtos/0467001.png', 0, 0, 1),
(1652, 467, '/img/produtos/0467002.png', 0, 0, 1),
(1653, 468, '/img/produtos/0468001.png', 0, 0, 1),
(1654, 468, '/img/produtos/0468002.png', 0, 0, 1),
(1656, 469, '/img/produtos/0469002.png', 0, 2, 1),
(1659, 472, '/img/produtos/0472001.png', 0, 0, 1),
(1660, 472, '/img/produtos/0472002.png', 0, 0, 1),
(1663, 474, '/img/produtos/0474001.png', 0, 0, 1),
(1664, 474, '/img/produtos/0474002.png', 0, 0, 1),
(1666, 469, '/img/produtos/0469001.jpg', 0, 3, 1),
(1667, 465, '/img/produtos/0465001.jpg', 0, 0, 1),
(1668, 475, '/img/produtos/0475001.png', 0, 0, 1),
(1669, 475, '/img/produtos/0475002.png', 0, 0, 1),
(1670, 475, '/img/produtos/0475001.jpg', 0, 0, 1),
(1671, 474, '/img/produtos/0474001.jpg', 0, 0, 1),
(1672, 466, '/img/produtos/0466001.jpg', 0, 0, 1),
(1673, 472, '/img/produtos/0472001.jpg', 0, 0, 1),
(1675, 464, '/img/produtos/0464001.jpg', 0, 0, 1),
(1676, 463, '/img/produtos/0463001.jpg', 0, 3, 1),
(1693, 469, '/img/produtos/0469001.png', 0, 1, 1),
(1699, 476, '/img/produtos/0476001.png', 0, 0, 1),
(1700, 476, '/img/produtos/0476002.png', 0, 0, 1),
(1701, 476, '/img/produtos/0476001.jpg', 0, 0, 1),
(1706, 455, '/img/produtos/0455003.png', 0, 0, 1),
(1707, 455, '/img/produtos/0455004.png', 0, 0, 1),
(1709, 455, '/img/produtos/0455001.jpg', 0, 0, 1),
(1715, 462, '/img/produtos/0462001.jpg', 0, 3, 1),
(1722, 462, '/img/produtos/0462001.png', 0, 0, 1),
(1723, 462, '/img/produtos/0462002.png', 0, 0, 1),
(1724, 470, '/img/produtos/0470001.png', 0, 0, 1),
(1725, 470, '/img/produtos/0470002.png', 0, 0, 1),
(1726, 470, '/img/produtos/0470001.jpg', 0, 0, 1),
(1732, 471, '/img/produtos/0471001.jpg', 0, 3, 1),
(1735, 471, '/img/produtos/0471001.png', 0, 1, 1),
(1736, 471, '/img/produtos/0471002.png', 0, 2, 1),
(1737, 467, '/img/produtos/0467001.jpg', 0, 0, 1),
(1738, 467, '/img/produtos/0467002.jpg', 0, 0, 1),
(1739, 468, '/img/produtos/0468001.jpg', 0, 0, 1),
(1740, 478, '/img/produtos/0478001.png', 0, 2, 1),
(1741, 478, '/img/produtos/0478002.png', 0, 1, 1),
(1742, 478, '/img/produtos/0478001.jpg', 0, 3, 1),
(1746, 480, '/img/produtos/0480001.png', 0, 0, 1),
(1747, 480, '/img/produtos/0480002.png', 0, 0, 1),
(1750, 482, '/img/produtos/0482001.png', 0, 0, 1),
(1751, 482, '/img/produtos/0482002.png', 0, 0, 1),
(1753, 483, '/img/produtos/0483001.png', 0, 2, 1),
(1755, 484, '/img/produtos/0484001.png', 0, 2, 1),
(1756, 484, '/img/produtos/0484002.png', 0, 1, 1),
(1758, 483, '/img/produtos/0483002.png', 0, 1, 1),
(1759, 485, '/img/produtos/0485001.png', 0, 0, 1),
(1760, 485, '/img/produtos/0485002.png', 0, 0, 1),
(1761, 485, '/img/produtos/0485003.png', 0, 0, 1),
(1764, 487, '/img/produtos/0487001.png', 0, 0, 1),
(1765, 488, '/img/produtos/0488001.png', 0, 1, 1),
(1766, 483, '/img/produtos/0483003.png', 0, 3, 1),
(1767, 484, '/img/produtos/0484001.jpg', 0, 3, 1),
(1768, 487, '/img/produtos/0487001.jpg', 0, 0, 1),
(1777, 488, '/img/produtos/0488001.jpg', 0, 4, 1),
(1778, 489, '/img/produtos/0489001.png', 0, 0, 1),
(1779, 489, '/img/produtos/0489002.png', 0, 0, 1),
(1780, 490, '/img/produtos/0490001.png', 0, 0, 1),
(1781, 490, '/img/produtos/0490002.png', 0, 0, 1),
(1782, 489, '/img/produtos/0489001.jpg', 0, 0, 1),
(1783, 490, '/img/produtos/0490001.jpg', 0, 0, 1),
(1784, 491, '/img/produtos/0491001.png', 0, 0, 1),
(1786, 491, '/img/produtos/0491003.png', 0, 0, 1),
(1787, 491, '/img/produtos/0491004.png', 0, 0, 1),
(1788, 491, '/img/produtos/0491002.png', 0, 0, 1),
(1789, 492, '/img/produtos/0492001.jpg', 0, 4, 1),
(1790, 492, '/img/produtos/0492002.jpg', 0, 1, 1),
(1793, 493, '/img/produtos/0493001.jpg', 0, 4, 1),
(1797, 493, '/img/produtos/0493001.png', 0, 3, 1),
(1800, 495, '/img/produtos/0495002.jpg', 0, 2, 1),
(1801, 495, '/img/produtos/0495001.jpg', 0, 1, 1),
(1802, 496, '/img/produtos/0496001.jpg', 0, 2, 1),
(1803, 496, '/img/produtos/0496002.jpg', 0, 1, 1),
(1804, 497, '/img/produtos/0497001.jpg', 0, 2, 1),
(1805, 497, '/img/produtos/0497002.jpg', 0, 1, 1),
(1806, 498, '/img/produtos/0498001.jpg', 0, 0, 1),
(1807, 499, '/img/produtos/0499001.jpg', 0, 0, 1),
(1809, 500, '/img/produtos/0500002.jpg', 0, 2, 1),
(1810, 500, '/img/produtos/0500001.jpg', 0, 1, 1),
(1812, 501, '/img/produtos/0501002.jpg', 0, 2, 1),
(1813, 501, '/img/produtos/0501001.jpg', 0, 1, 1),
(1814, 492, '/img/produtos/0492003.jpg', 0, 2, 1),
(1815, 492, '/img/produtos/0492004.jpg', 0, 3, 1),
(1816, 493, '/img/produtos/0493002.jpg', 0, 0, 1),
(1817, 493, '/img/produtos/0493003.jpg', 0, 0, 1),
(1820, 446, '/img/produtos/0446001.jpg', 0, 2, 1),
(1821, 446, '/img/produtos/0446002.jpg', 0, 3, 1),
(1823, 449, '/img/produtos/0449001.jpg', 0, 2, 1),
(1826, 448, '/img/produtos/0448001.jpg', 0, 2, 1),
(1827, 503, '/img/produtos/0503001.jpg', 0, 2, 1),
(1828, 503, '/img/produtos/0503002.jpg', 0, 1, 1),
(1844, 509, '/img/produtos/0509001.jpg', 1, 0, 1),
(1846, 510, '/img/produtos/0510001.jpg', 0, 0, 1),
(1847, 511, '/img/produtos/0511001.jpg', 1, 0, 1),
(1848, 511, '/img/produtos/0511002.jpg', 1, 0, 1),
(1849, 512, '/img/produtos/0512001.jpg', 1, 0, 1),
(1850, 513, '/img/produtos/0513001.jpg', 1, 0, 1),
(1851, 514, '/img/produtos/0514001.jpg', 0, 0, 1),
(1852, 515, '/img/produtos/0515001.jpg', 0, 0, 1),
(1853, 515, '/img/produtos/0515002.jpg', 0, 0, 1),
(1855, 516, '/img/produtos/0516002.jpg', 1, 1, 1),
(1856, 516, '/img/produtos/0516001.jpg', 1, 2, 1),
(1857, 517, '/img/produtos/0517001.jpg', 0, 0, 1),
(1858, 518, '/img/produtos/0518001.jpg', 0, 0, 1),
(1859, 517, '/img/produtos/0517001.png', 0, 0, 1),
(1860, 517, '/img/produtos/0517002.png', 0, 0, 1),
(1862, 519, '/img/produtos/0519002.png', 1, 1, 1),
(1863, 519, '/img/produtos/0519001.jpg', 1, 3, 1),
(1864, 519, '/img/produtos/0519001.png', 1, 2, 1),
(1865, 520, '/img/produtos/0520001.jpg', 0, 0, 1),
(1866, 521, '/img/produtos/0521001.jpg', 0, 0, 1),
(1867, 521, '/img/produtos/0521002.jpg', 0, 0, 1),
(1868, 522, '/img/produtos/0522001.jpg', 1, 2, 1),
(1869, 522, '/img/produtos/0522002.jpg', 1, 1, 1),
(1871, 523, '/img/produtos/0523002.jpg', 1, 1, 1),
(1872, 523, '/img/produtos/0523001.jpg', 1, 2, 1),
(1877, 527, '/img/produtos/0527001.png', 0, 0, 1),
(1887, 530, '/img/produtos/0530001.png', 0, 0, 1),
(1888, 530, '/img/produtos/0530002.png', 0, 0, 1),
(1889, 530, '/img/produtos/0530003.png', 0, 0, 1),
(1897, 533, '/img/produtos/0533001.png', 0, 0, 1),
(1907, 530, '/img/produtos/0530001.jpg', 0, 0, 1),
(1912, 538, '/img/produtos/0538001.png', 0, 0, 1),
(1913, 538, '/img/produtos/0538002.png', 0, 0, 1),
(1914, 540, '/img/produtos/0540001.png', 0, 0, 1),
(1915, 540, '/img/produtos/0540002.png', 0, 0, 1),
(1916, 511, '/img/produtos/0511003.jpg', 0, 0, 1),
(1922, 528, '/img/produtos/0528001.png', 0, 0, 1),
(1923, 528, '/img/produtos/0528002.png', 0, 0, 1),
(1924, 528, '/img/produtos/0528003.png', 0, 0, 1),
(1925, 541, '/img/produtos/0541001.jpg', 0, 4, 1),
(1926, 541, '/img/produtos/0541001.png', 0, 1, 1),
(1927, 541, '/img/produtos/0541002.png', 0, 2, 1),
(1928, 541, '/img/produtos/0541003.png', 0, 3, 1),
(1929, 534, '/img/produtos/0534001.png', 0, 0, 1),
(1930, 534, '/img/produtos/0534002.png', 0, 0, 1),
(1931, 534, '/img/produtos/0534001.jpg', 0, 0, 1),
(1932, 529, '/img/produtos/0529001.png', 0, 0, 1),
(1933, 529, '/img/produtos/0529002.png', 0, 0, 1),
(1934, 529, '/img/produtos/0529003.png', 0, 0, 1),
(1935, 529, '/img/produtos/0529004.png', 0, 0, 1),
(1936, 529, '/img/produtos/0529001.jpg', 0, 0, 1),
(1937, 526, '/img/produtos/0526001.png', 0, 0, 1),
(1938, 531, '/img/produtos/0531001.png', 0, 0, 1),
(1939, 531, '/img/produtos/0531002.png', 0, 0, 1),
(1941, 544, '/img/produtos/0544001.png', 0, 0, 1),
(1942, 544, '/img/produtos/0544001.jpg', 0, 0, 1),
(1943, 544, '/img/produtos/0544002.jpg', 0, 0, 1),
(1944, 543, '/img/produtos/0543001.png', 0, 0, 1),
(1945, 543, '/img/produtos/0543002.png', 0, 0, 1),
(1946, 542, '/img/produtos/0542001.jpg', 0, 2, 1),
(1947, 542, '/img/produtos/0542001.png', 0, 1, 1),
(1948, 535, '/img/produtos/0535001.png', 0, 0, 1),
(1949, 535, '/img/produtos/0535002.png', 0, 0, 1),
(1950, 535, '/img/produtos/0535001.jpg', 0, 0, 1),
(1951, 532, '/img/produtos/0532002.png', 0, 0, 1),
(1952, 532, '/img/produtos/0532003.png', 0, 0, 1),
(1953, 537, '/img/produtos/0537001.png', 0, 0, 1),
(1954, 537, '/img/produtos/0537002.png', 0, 0, 1),
(1955, 537, '/img/produtos/0537003.png', 0, 0, 1),
(1956, 537, '/img/produtos/0537001.jpg', 0, 0, 1),
(1957, 536, '/img/produtos/0536001.png', 0, 2, 1),
(1958, 536, '/img/produtos/0536002.png', 0, 1, 1),
(1959, 536, '/img/produtos/0536001.jpg', 0, 3, 1),
(1960, 539, '/img/produtos/0539001.jpg', 0, 5, 1),
(1961, 539, '/img/produtos/0539001.png', 0, 1, 1),
(1962, 539, '/img/produtos/0539002.png', 0, 2, 1),
(1963, 539, '/img/produtos/0539003.png', 0, 3, 1),
(1964, 545, '/img/produtos/0545001.png', 0, 0, 1),
(1965, 545, '/img/produtos/0545002.png', 0, 0, 1),
(1966, 545, '/img/produtos/0545001.jpg', 0, 0, 1),
(1967, 545, '/img/produtos/0545002.jpg', 0, 0, 1),
(1968, 546, '/img/produtos/0546001.png', 0, 1, 1),
(1969, 546, '/img/produtos/0546002.png', 0, 2, 1),
(1971, 546, '/img/produtos/0546002.jpg', 0, 3, 1),
(1972, 527, '/img/produtos/0527001.jpg', 0, 0, 1),
(1973, 523, '/img/produtos/0523003.jpg', 0, 3, 1),
(1974, 547, '/img/produtos/0547001.png', 0, 0, 1),
(1975, 547, '/img/produtos/0547002.png', 0, 0, 1),
(1976, 547, '/img/produtos/0547003.png', 0, 0, 1),
(1977, 547, '/img/produtos/0547001.jpg', 0, 0, 1),
(1978, 548, '/img/produtos/0548001.png', 0, 0, 1),
(1979, 548, '/img/produtos/0548002.png', 0, 0, 1),
(1980, 549, '/img/produtos/0549001.png', 0, 0, 1),
(1981, 549, '/img/produtos/0549001.jpg', 0, 0, 1),
(1982, 550, '/img/produtos/0550001.jpg', 0, 2, 1),
(1983, 551, '/img/produtos/0551001.jpg', 0, 3, 1),
(1984, 551, '/img/produtos/0551001.png', 0, 1, 1),
(1985, 551, '/img/produtos/0551002.png', 0, 2, 1),
(1986, 552, '/img/produtos/0552001.jpg', 0, 2, 1),
(1987, 552, '/img/produtos/0552001.png', 0, 1, 1),
(1988, 553, '/img/produtos/0553001.png', 0, 0, 1),
(1989, 553, '/img/produtos/0553002.png', 0, 0, 1),
(1990, 553, '/img/produtos/0553001.jpg', 0, 0, 1),
(1991, 553, '/img/produtos/0553002.jpg', 0, 0, 1),
(1992, 554, '/img/produtos/0554001.png', 0, 3, 1),
(1993, 554, '/img/produtos/0554002.png', 0, 1, 1),
(1995, 554, '/img/produtos/0554004.png', 0, 2, 1),
(1996, 554, '/img/produtos/0554001.jpg', 0, 4, 1),
(1997, 554, '/img/produtos/0554002.jpg', 0, 5, 1),
(1998, 555, '/img/produtos/0555001.png', 0, 0, 1),
(1999, 555, '/img/produtos/0555002.png', 0, 0, 1),
(2000, 555, '/img/produtos/0555001.jpg', 0, 0, 1),
(2001, 555, '/img/produtos/0555002.jpg', 0, 0, 1),
(2002, 539, '/img/produtos/0539002.jpg', 0, 4, 1),
(2003, 556, '/img/produtos/0556001.png', 0, 0, 1),
(2004, 556, '/img/produtos/0556002.png', 0, 0, 1),
(2006, 556, '/img/produtos/0556002.jpg', 0, 0, 1),
(2008, 557, '/img/produtos/0557001.png', 0, 1, 1),
(2009, 557, '/img/produtos/0557002.png', 0, 2, 1),
(2010, 557, '/img/produtos/0557002.jpg', 0, 4, 1),
(2011, 550, '/img/produtos/0550001.png', 0, 1, 1),
(2012, 531, '/img/produtos/0531001.jpg', 0, 0, 1),
(2013, 531, '/img/produtos/0531002.jpg', 0, 0, 1),
(2014, 549, '/img/produtos/0549002.jpg', 0, 0, 1),
(2015, 526, '/img/produtos/0526001.jpg', 0, 0, 1),
(2016, 533, '/img/produtos/0533001.jpg', 0, 0, 1),
(2017, 533, '/img/produtos/0533002.jpg', 0, 0, 1),
(2018, 512, '/img/produtos/0512002.jpg', 0, 0, 1),
(2019, 513, '/img/produtos/0513002.jpg', 0, 0, 1),
(2020, 543, '/img/produtos/0543001.jpg', 0, 0, 1),
(2021, 546, '/img/produtos/0546001.jpg', 0, 4, 1),
(2022, 498, '/img/produtos/0498002.jpg', 0, 0, 1),
(2023, 217, '/img/produtos/0217002.jpg', 0, 2, 1),
(2024, 558, '/img/produtos/0558001.png', 0, 0, 1),
(2025, 558, '/img/produtos/0558002.png', 0, 0, 1),
(2026, 558, '/img/produtos/0558001.jpg', 0, 0, 1),
(2027, 559, '/img/produtos/0559001.png', 0, 0, 1),
(2028, 559, '/img/produtos/0559002.png', 0, 0, 1),
(2029, 559, '/img/produtos/0559001.jpg', 0, 0, 1),
(2030, 560, '/img/produtos/0560001.png', 0, 0, 1),
(2031, 560, '/img/produtos/0560002.png', 0, 0, 1),
(2032, 560, '/img/produtos/0560003.png', 0, 0, 1),
(2033, 560, '/img/produtos/0560001.jpg', 0, 0, 1),
(2034, 561, '/img/produtos/0561001.png', 0, 0, 1),
(2035, 561, '/img/produtos/0561002.png', 0, 0, 1),
(2036, 561, '/img/produtos/0561003.png', 0, 0, 1),
(2037, 561, '/img/produtos/0561001.jpg', 0, 0, 1),
(2038, 562, '/img/produtos/0562001.png', 0, 0, 1),
(2039, 562, '/img/produtos/0562001.jpg', 0, 0, 1),
(2040, 563, '/img/produtos/0563001.png', 0, 0, 1),
(2041, 563, '/img/produtos/0563001.jpg', 0, 0, 1),
(2042, 564, '/img/produtos/0564001.jpg', 0, 2, 1),
(2048, 566, '/img/produtos/0566001.png', 0, 0, 1),
(2049, 566, '/img/produtos/0566002.png', 0, 0, 1),
(2050, 566, '/img/produtos/0566001.jpg', 0, 0, 1),
(2051, 541, '/img/produtos/0541002.jpg', 0, 5, 1),
(2053, 568, '/img/produtos/0568001.jpg', 0, 0, 1),
(2054, 568, '/img/produtos/0568002.jpg', 0, 0, 1),
(2055, 569, '/img/produtos/0569001.jpg', 0, 0, 1),
(2056, 569, '/img/produtos/0569002.jpg', 0, 0, 1),
(2057, 569, '/img/produtos/0569003.jpg', 0, 0, 1),
(2058, 569, '/img/produtos/0569004.jpg', 0, 0, 1),
(2059, 570, '/img/produtos/0570001.jpg', 0, 0, 1),
(2060, 570, '/img/produtos/0570002.jpg', 0, 0, 1),
(2061, 570, '/img/produtos/0570003.jpg', 0, 0, 1),
(2062, 570, '/img/produtos/0570004.jpg', 0, 0, 1),
(2064, 571, '/img/produtos/0571002.jpg', 0, 3, 1),
(2065, 571, '/img/produtos/0571003.jpg', 0, 4, 1),
(2066, 571, '/img/produtos/0571004.jpg', 0, 5, 1),
(2067, 572, '/img/produtos/0572001.jpg', 0, 0, 1),
(2068, 573, '/img/produtos/0573001.jpg', 0, 0, 1),
(2069, 573, '/img/produtos/0573002.jpg', 0, 0, 1),
(2071, 574, '/img/produtos/0574001.jpg', 0, 0, 1),
(2072, 575, '/img/produtos/0575001.jpg', 0, 0, 1),
(2073, 575, '/img/produtos/0575002.jpg', 0, 0, 1),
(2077, 577, '/img/produtos/0577001.jpg', 0, 0, 1),
(2078, 577, '/img/produtos/0577002.jpg', 0, 0, 1),
(2087, 576, '/img/produtos/0576001.jpg', 0, 0, 1),
(2104, 580, '/img/produtos/0580002.jpg', 0, 2, 1),
(2105, 580, '/img/produtos/0580003.jpg', 0, 3, 1),
(2108, 580, '/img/produtos/0580004.jpg', 0, 1, 1),
(2111, 581, '/img/produtos/0581001.png', 0, 1, 1),
(2112, 581, '/img/produtos/0581001.jpg', 0, 4, 1),
(2131, 583, '/img/produtos/0583001.jpg', 0, 0, 1),
(2132, 583, '/img/produtos/0583002.jpg', 0, 0, 1),
(2137, 573, '/img/produtos/0573004.jpg', 0, 0, 1),
(2138, 582, '/img/produtos/0582004.jpg', 0, 2, 1),
(2139, 582, '/img/produtos/0582005.jpg', 0, 3, 1),
(2141, 581, '/img/produtos/0581003.jpg', 0, 3, 1),
(2142, 583, '/img/produtos/0583003.jpg', 0, 0, 1),
(2143, 574, '/img/produtos/0574002.jpg', 0, 0, 1),
(2144, 576, '/img/produtos/0576002.jpg', 0, 0, 1),
(2145, 576, '/img/produtos/0576004.jpg', 0, 0, 1),
(2146, 577, '/img/produtos/0577003.jpg', 0, 0, 1),
(2147, 577, '/img/produtos/0577004.jpg', 0, 0, 1),
(2148, 581, '/img/produtos/0581004.jpg', 0, 2, 1),
(2149, 582, '/img/produtos/0582002.jpg', 0, 4, 1),
(2151, 584, '/img/produtos/0584002.jpg', 0, 3, 1),
(2152, 584, '/img/produtos/0584003.jpg', 0, 2, 1),
(2154, 585, '/img/produtos/0585002.jpg', 0, 1, 1),
(2156, 585, '/img/produtos/0585001.jpg', 0, 2, 1),
(2157, 585, '/img/produtos/0585003.jpg', 0, 3, 1),
(2158, 586, '/img/produtos/0586001.jpg', 0, 0, 1),
(2159, 586, '/img/produtos/0586002.jpg', 0, 0, 1),
(2160, 586, '/img/produtos/0586003.jpg', 0, 0, 1),
(2161, 587, '/img/produtos/0587001.jpg', 0, 0, 1),
(2162, 587, '/img/produtos/0587002.jpg', 0, 0, 1),
(2163, 571, '/img/produtos/0571005.jpg', 0, 2, 1),
(2164, 588, '/img/produtos/0588001.jpg', 0, 0, 1),
(2165, 588, '/img/produtos/0588002.jpg', 0, 0, 1),
(2166, 588, '/img/produtos/0588003.jpg', 0, 0, 1),
(2167, 589, '/img/produtos/0589001.jpg', 0, 0, 1),
(2168, 589, '/img/produtos/0589002.jpg', 0, 0, 1),
(2169, 589, '/img/produtos/0589003.jpg', 0, 0, 1),
(2170, 590, '/img/produtos/0590001.jpg', 0, 0, 1),
(2171, 590, '/img/produtos/0590002.jpg', 0, 0, 1),
(2172, 590, '/img/produtos/0590003.jpg', 0, 0, 1),
(2173, 567, '/img/produtos/0567002.jpg', 0, 0, 1),
(2174, 567, '/img/produtos/0567003.jpg', 0, 0, 1),
(2175, 567, '/img/produtos/0567004.jpg', 0, 0, 1),
(2176, 591, '/img/produtos/0591001.jpg', 0, 0, 1),
(2177, 591, '/img/produtos/0591002.jpg', 0, 0, 1),
(2178, 591, '/img/produtos/0591003.jpg', 0, 0, 1),
(2179, 592, '/img/produtos/0592001.jpg', 0, 0, 1),
(2180, 592, '/img/produtos/0592002.jpg', 0, 0, 1),
(2181, 593, '/img/produtos/0593001.jpg', 0, 0, 1),
(2182, 593, '/img/produtos/0593002.jpg', 0, 0, 1),
(2183, 594, '/img/produtos/0594001.jpg', 0, 0, 1),
(2184, 594, '/img/produtos/0594002.jpg', 0, 0, 1),
(2185, 595, '/img/produtos/0595001.jpg', 0, 0, 1),
(2186, 595, '/img/produtos/0595002.jpg', 0, 0, 1),
(2187, 595, '/img/produtos/0595003.jpg', 0, 0, 1),
(2188, 596, '/img/produtos/0596001.jpg', 0, 0, 1),
(2189, 596, '/img/produtos/0596002.jpg', 0, 0, 1),
(2190, 597, '/img/produtos/0597001.jpg', 0, 0, 1),
(2191, 598, '/img/produtos/0598001.jpg', 0, 0, 1),
(2192, 598, '/img/produtos/0598002.jpg', 0, 0, 1),
(2193, 599, '/img/produtos/0599001.jpg', 0, 0, 1),
(2194, 599, '/img/produtos/0599002.jpg', 0, 0, 1),
(2195, 598, '/img/produtos/0598003.jpg', 0, 0, 1),
(2196, 597, '/img/produtos/0597002.jpg', 0, 0, 1),
(2197, 600, '/img/produtos/0600001.jpg', 0, 2, 1),
(2198, 600, '/img/produtos/0600002.jpg', 0, 1, 1),
(2201, 574, '/img/produtos/0574003.jpg', 0, 0, 1),
(2202, 594, '/img/produtos/0594003.jpg', 0, 0, 1),
(2204, 568, '/img/produtos/0568003.jpg', 0, 0, 1),
(2205, 568, '/img/produtos/0568004.jpg', 0, 0, 1),
(2206, 578, '/img/produtos/0578001.png', 0, 1, 1),
(2207, 599, '/img/produtos/0599003.jpg', 0, 0, 1),
(2209, 546, '/img/produtos/0546004.jpg', 0, 5, 1),
(2210, 54, '/img/produtos/0054003.jpg', 0, 0, 1),
(2214, 588, '/img/produtos/0588004.jpg', 0, 0, 1),
(2216, 576, '/img/produtos/0576003.jpg', 0, 0, 1),
(2218, 578, '/img/produtos/0578002.png', 0, 2, 1),
(2220, 578, '/img/produtos/0578002.jpg', 0, 3, 1),
(2221, 578, '/img/produtos/0578001.jpg', 0, 4, 1),
(2222, 595, '/img/produtos/0595004.jpg', 0, 0, 1);
INSERT INTO `produto_gal` (`id`, `id_produto`, `img`, `ambiente`, `ordem`, `online`) VALUES
(2223, 596, '/img/produtos/0596003.jpg', 0, 0, 1),
(2224, 596, '/img/produtos/0596004.jpg', 0, 0, 1),
(2225, 593, '/img/produtos/0593003.jpg', 0, 0, 1),
(2226, 579, '/img/produtos/0579001.jpg', 0, 4, 1),
(2227, 579, '/img/produtos/0579003.jpg', 0, 3, 1),
(2228, 579, '/img/produtos/0579001.png', 0, 1, 1),
(2229, 579, '/img/produtos/0579002.png', 0, 2, 1),
(2231, 601, '/img/produtos/0601001.jpg', 0, 3, 1),
(2232, 601, '/img/produtos/0601001.png', 0, 1, 1),
(2233, 601, '/img/produtos/0601002.png', 0, 2, 1),
(2234, 602, '/img/produtos/0602001.jpg', 0, 3, 1),
(2235, 602, '/img/produtos/0602001.png', 0, 1, 1),
(2236, 602, '/img/produtos/0602002.png', 0, 2, 1),
(2237, 603, '/img/produtos/0603001.jpg', 0, 3, 1),
(2238, 603, '/img/produtos/0603001.png', 0, 1, 1),
(2239, 603, '/img/produtos/0603002.png', 0, 2, 1),
(2240, 604, '/img/produtos/0604001.jpg', 0, 3, 1),
(2241, 604, '/img/produtos/0604001.png', 0, 1, 1),
(2242, 604, '/img/produtos/0604002.png', 0, 2, 1),
(2243, 605, '/img/produtos/0605001.jpg', 0, 5, 1),
(2244, 605, '/img/produtos/0605001.png', 0, 2, 1),
(2245, 605, '/img/produtos/0605002.png', 0, 1, 1),
(2246, 605, '/img/produtos/0605003.png', 0, 4, 1),
(2247, 605, '/img/produtos/0605004.png', 0, 3, 1),
(2248, 606, '/img/produtos/0606001.jpg', 0, 4, 1),
(2249, 606, '/img/produtos/0606002.jpg', 0, 5, 1),
(2250, 606, '/img/produtos/0606001.png', 0, 1, 1),
(2251, 606, '/img/produtos/0606002.png', 0, 2, 1),
(2252, 606, '/img/produtos/0606003.png', 0, 3, 1),
(2253, 607, '/img/produtos/0607001.jpg', 0, 4, 1),
(2254, 607, '/img/produtos/0607002.jpg', 0, 5, 1),
(2255, 607, '/img/produtos/0607001.png', 0, 1, 1),
(2256, 607, '/img/produtos/0607002.png', 0, 2, 1),
(2257, 607, '/img/produtos/0607003.png', 0, 3, 1),
(2258, 608, '/img/produtos/0608001.png', 0, 0, 1),
(2259, 608, '/img/produtos/0608002.png', 0, 0, 1),
(2260, 608, '/img/produtos/0608003.png', 0, 0, 1),
(2261, 609, '/img/produtos/0609001.jpg', 0, 3, 1),
(2262, 609, '/img/produtos/0609001.png', 0, 1, 1),
(2263, 609, '/img/produtos/0609002.png', 0, 2, 1),
(2264, 610, '/img/produtos/0610001.png', 0, 3, 1),
(2265, 610, '/img/produtos/0610002.png', 0, 5, 1),
(2266, 610, '/img/produtos/0610003.png', 0, 2, 1),
(2267, 610, '/img/produtos/0610004.png', 0, 4, 1),
(2268, 610, '/img/produtos/0610005.png', 0, 1, 1),
(2269, 611, '/img/produtos/0611001.png', 0, 1, 1),
(2270, 611, '/img/produtos/0611002.png', 0, 5, 1),
(2271, 611, '/img/produtos/0611003.png', 0, 2, 1),
(2272, 611, '/img/produtos/0611004.png', 0, 4, 1),
(2273, 611, '/img/produtos/0611005.png', 0, 3, 1),
(2274, 612, '/img/produtos/0612001.png', 0, 4, 1),
(2275, 612, '/img/produtos/0612002.png', 0, 3, 1),
(2276, 612, '/img/produtos/0612003.png', 0, 2, 1),
(2277, 612, '/img/produtos/0612004.png', 0, 1, 1),
(2278, 613, '/img/produtos/0613001.png', 0, 4, 1),
(2279, 613, '/img/produtos/0613002.png', 0, 3, 1),
(2280, 613, '/img/produtos/0613003.png', 0, 2, 1),
(2281, 613, '/img/produtos/0613004.png', 0, 1, 1),
(2309, 614, '/img/produtos/0614001.jpg', 0, 0, 1),
(2310, 614, '/img/produtos/0614002.jpg', 0, 0, 1),
(2311, 614, '/img/produtos/0614003.jpg', 0, 0, 1),
(2316, 617, '/img/produtos/0617001.jpg', 0, 0, 1),
(2317, 617, '/img/produtos/0617002.jpg', 0, 0, 1),
(2318, 618, '/img/produtos/0618001.jpg', 0, 0, 1),
(2319, 618, '/img/produtos/0618002.jpg', 0, 0, 1),
(2320, 619, '/img/produtos/0619001.jpg', 0, 2, 1),
(2321, 619, '/img/produtos/0619002.jpg', 0, 3, 1),
(2322, 619, '/img/produtos/0619003.jpg', 0, 1, 1),
(2323, 620, '/img/produtos/0620001.jpg', 0, 0, 1),
(2324, 620, '/img/produtos/0620002.jpg', 0, 0, 1),
(2325, 620, '/img/produtos/0620003.jpg', 0, 0, 1),
(2326, 620, '/img/produtos/0620004.jpg', 0, 0, 1),
(2327, 621, '/img/produtos/0621001.jpg', 0, 0, 1),
(2328, 621, '/img/produtos/0621002.jpg', 0, 0, 1),
(2330, 621, '/img/produtos/0621004.jpg', 0, 0, 1),
(2331, 622, '/img/produtos/0622001.jpg', 0, 0, 1),
(2332, 622, '/img/produtos/0622002.jpg', 0, 0, 1),
(2333, 623, '/img/produtos/0623001.jpg', 0, 4, 1),
(2334, 623, '/img/produtos/0623002.jpg', 0, 1, 1),
(2335, 623, '/img/produtos/0623003.jpg', 0, 2, 1),
(2336, 623, '/img/produtos/0623004.jpg', 0, 3, 1),
(2337, 624, '/img/produtos/0624001.jpg', 0, 2, 1),
(2338, 624, '/img/produtos/0624002.jpg', 0, 3, 1),
(2339, 624, '/img/produtos/0624003.jpg', 0, 1, 1),
(2340, 625, '/img/produtos/0625001.jpg', 0, 2, 1),
(2341, 625, '/img/produtos/0625002.jpg', 0, 3, 1),
(2342, 625, '/img/produtos/0625003.jpg', 0, 1, 1),
(2343, 626, '/img/produtos/0626001.jpg', 0, 0, 1),
(2344, 626, '/img/produtos/0626002.jpg', 0, 0, 1),
(2345, 626, '/img/produtos/0626003.jpg', 0, 0, 1),
(2346, 627, '/img/produtos/0627001.jpg', 0, 0, 1),
(2347, 628, '/img/produtos/0628001.jpg', 0, 0, 1),
(2348, 629, '/img/produtos/0629001.jpg', 0, 0, 1),
(2349, 630, '/img/produtos/0630001.jpg', 0, 0, 1),
(2350, 631, '/img/produtos/0631001.jpg', 0, 2, 1),
(2351, 631, '/img/produtos/0631002.jpg', 0, 5, 1),
(2352, 631, '/img/produtos/0631003.jpg', 0, 1, 1),
(2353, 631, '/img/produtos/0631004.jpg', 0, 4, 1),
(2354, 631, '/img/produtos/0631005.jpg', 0, 3, 1),
(2355, 632, '/img/produtos/0632001.jpg', 0, 0, 1),
(2357, 632, '/img/produtos/0632003.jpg', 0, 0, 1),
(2358, 633, '/img/produtos/0633001.png', 0, 1, 1),
(2360, 634, '/img/produtos/0634001.jpg', 0, 0, 1),
(2361, 634, '/img/produtos/0634002.jpg', 0, 0, 1),
(2362, 633, '/img/produtos/0633003.png', 0, 3, 1),
(2363, 635, '/img/produtos/0635001.png', 0, 0, 1),
(2364, 635, '/img/produtos/0635002.png', 0, 0, 1),
(2369, 640, '/img/produtos/0640001.png', 0, 0, 1),
(2370, 640, '/img/produtos/0640002.png', 0, 0, 1),
(2371, 640, '/img/produtos/0640001.jpg', 0, 0, 1),
(2372, 633, '/img/produtos/0633001.jpg', 0, 4, 1),
(2373, 635, '/img/produtos/0635001.jpg', 0, 0, 1),
(2374, 641, '/img/produtos/0641001.jpg', 0, 2, 1),
(2375, 641, '/img/produtos/0641002.jpg', 0, 1, 1),
(2376, 642, '/img/produtos/0642001.jpg', 0, 5, 1),
(2378, 642, '/img/produtos/0642002.png', 0, 2, 1),
(2384, 642, '/img/produtos/0642001.png', 0, 1, 1),
(2385, 642, '/img/produtos/0642003.png', 0, 3, 1),
(2386, 642, '/img/produtos/0642004.png', 0, 4, 1),
(2387, 637, '/img/produtos/0637001.png', 0, 0, 1),
(2388, 637, '/img/produtos/0637001.jpg', 0, 0, 1),
(2389, 638, '/img/produtos/0638001.jpg', 0, 2, 1),
(2390, 638, '/img/produtos/0638001.png', 0, 1, 1),
(2391, 639, '/img/produtos/0639001.png', 0, 0, 1),
(2392, 639, '/img/produtos/0639001.jpg', 0, 0, 1),
(2393, 636, '/img/produtos/0636001.png', 0, 0, 1),
(2394, 636, '/img/produtos/0636001.jpg', 0, 0, 1),
(2397, 643, '/img/produtos/0643001.jpg', 0, 3, 1),
(2398, 643, '/img/produtos/0643001.png', 0, 1, 1),
(2399, 643, '/img/produtos/0643002.png', 0, 2, 1),
(2404, 644, '/img/produtos/0644001.jpg', 0, 3, 1),
(2405, 644, '/img/produtos/0644001.png', 0, 1, 1),
(2406, 644, '/img/produtos/0644002.png', 0, 2, 1),
(2407, 645, '/img/produtos/0645001.png', 0, 0, 1),
(2408, 645, '/img/produtos/0645002.png', 0, 0, 1),
(2409, 645, '/img/produtos/0645003.png', 0, 0, 1),
(2410, 645, '/img/produtos/0645001.jpg', 0, 0, 1),
(2411, 646, '/img/produtos/0646001.png', 0, 0, 1),
(2412, 646, '/img/produtos/0646002.png', 0, 0, 1),
(2413, 646, '/img/produtos/0646001.jpg', 0, 0, 1),
(2414, 647, '/img/produtos/0647001.png', 0, 0, 1),
(2415, 647, '/img/produtos/0647002.png', 0, 0, 1),
(2416, 647, '/img/produtos/0647001.jpg', 0, 0, 1),
(2417, 648, '/img/produtos/0648001.png', 0, 0, 1),
(2418, 648, '/img/produtos/0648002.png', 0, 0, 1),
(2419, 648, '/img/produtos/0648001.jpg', 0, 0, 1),
(2421, 633, '/img/produtos/0633002.png', 0, 2, 1),
(2422, 649, '/img/produtos/0649001.png', 0, 0, 1),
(2423, 649, '/img/produtos/0649002.png', 0, 0, 1),
(2424, 649, '/img/produtos/0649001.jpg', 0, 0, 1),
(2426, 650, '/img/produtos/0650002.png', 0, 3, 1),
(2427, 651, '/img/produtos/0651001.png', 0, 0, 1),
(2428, 651, '/img/produtos/0651002.png', 0, 0, 1),
(2429, 651, '/img/produtos/0651001.jpg', 0, 0, 1),
(2430, 652, '/img/produtos/0652001.png', 0, 2, 1),
(2431, 652, '/img/produtos/0652002.png', 0, 1, 1),
(2432, 652, '/img/produtos/0652001.jpg', 0, 3, 1),
(2433, 653, '/img/produtos/0653001.png', 0, 0, 1),
(2434, 653, '/img/produtos/0653002.png', 0, 0, 1),
(2435, 653, '/img/produtos/0653001.jpg', 0, 0, 1),
(2436, 654, '/img/produtos/0654001.png', 0, 0, 1),
(2437, 654, '/img/produtos/0654002.png', 0, 0, 1),
(2438, 654, '/img/produtos/0654001.jpg', 0, 0, 1),
(2439, 655, '/img/produtos/0655001.png', 0, 1, 1),
(2440, 655, '/img/produtos/0655002.png', 0, 2, 1),
(2441, 655, '/img/produtos/0655001.jpg', 0, 4, 1),
(2442, 656, '/img/produtos/0656001.png', 0, 1, 1),
(2443, 656, '/img/produtos/0656002.png', 0, 2, 1),
(2444, 656, '/img/produtos/0656001.jpg', 0, 4, 1),
(2445, 656, '/img/produtos/0656002.jpg', 0, 3, 1),
(2446, 655, '/img/produtos/0655002.jpg', 0, 3, 1),
(2447, 657, '/img/produtos/0657001.png', 0, 0, 1),
(2448, 657, '/img/produtos/0657002.png', 0, 0, 1),
(2449, 657, '/img/produtos/0657003.png', 0, 0, 1),
(2450, 657, '/img/produtos/0657001.jpg', 0, 0, 1),
(2451, 658, '/img/produtos/0658001.png', 0, 0, 1),
(2452, 658, '/img/produtos/0658001.jpg', 0, 0, 1),
(2457, 660, '/img/produtos/0660001.png', 0, 0, 1),
(2458, 660, '/img/produtos/0660001.jpg', 0, 0, 1),
(2459, 661, '/img/produtos/0661001.png', 0, 0, 1),
(2460, 661, '/img/produtos/0661001.jpg', 0, 0, 1),
(2463, 662, '/img/produtos/0662001.jpg', 0, 3, 1),
(2464, 663, '/img/produtos/0663001.png', 0, 0, 1),
(2465, 663, '/img/produtos/0663002.png', 0, 0, 1),
(2466, 663, '/img/produtos/0663001.jpg', 0, 0, 1),
(2467, 662, '/img/produtos/0662001.png', 0, 1, 1),
(2468, 662, '/img/produtos/0662002.png', 0, 2, 1),
(2472, 659, '/img/produtos/0659001.png', 0, 0, 1),
(2473, 659, '/img/produtos/0659002.png', 0, 0, 1),
(2474, 659, '/img/produtos/0659001.jpg', 0, 0, 1),
(2475, 664, '/img/produtos/0664001.png', 0, 0, 1),
(2476, 664, '/img/produtos/0664002.png', 0, 0, 1),
(2477, 664, '/img/produtos/0664001.jpg', 0, 0, 1),
(2478, 665, '/img/produtos/0665001.png', 0, 0, 1),
(2479, 665, '/img/produtos/0665002.png', 0, 0, 1),
(2480, 665, '/img/produtos/0665001.jpg', 0, 0, 1),
(2483, 666, '/img/produtos/0666001.jpg', 0, 0, 1),
(2484, 667, '/img/produtos/0667001.png', 0, 0, 1),
(2485, 667, '/img/produtos/0667002.png', 0, 0, 1),
(2486, 667, '/img/produtos/0667001.jpg', 0, 0, 1),
(2487, 668, '/img/produtos/0668001.png', 0, 0, 1),
(2488, 668, '/img/produtos/0668002.png', 0, 0, 1),
(2489, 582, '/img/produtos/0582001.png', 0, 1, 1),
(2490, 668, '/img/produtos/0668001.jpg', 0, 0, 1),
(2491, 669, '/img/produtos/0669001.jpg', 0, 0, 1),
(2492, 669, '/img/produtos/0669002.jpg', 0, 0, 1),
(2493, 670, '/img/produtos/0670001.jpg', 0, 0, 1),
(2494, 670, '/img/produtos/0670002.jpg', 0, 0, 1),
(2496, 671, '/img/produtos/0671001.png', 0, 0, 1),
(2497, 672, '/img/produtos/0672001.jpg', 0, 2, 1),
(2498, 672, '/img/produtos/0672002.jpg', 0, 1, 1),
(2499, 673, '/img/produtos/0673001.jpg', 0, 0, 1),
(2500, 673, '/img/produtos/0673002.jpg', 0, 0, 1),
(2501, 456, '/img/produtos/0456001.jpg', 0, 0, 1),
(2502, 456, '/img/produtos/0456002.jpg', 0, 0, 1),
(2503, 457, '/img/produtos/0457001.jpg', 0, 0, 1),
(2504, 674, '/img/produtos/0674001.png', 0, 0, 1),
(2505, 674, '/img/produtos/0674002.png', 0, 0, 1),
(2506, 674, '/img/produtos/0674001.jpg', 0, 0, 1),
(2507, 650, '/img/produtos/0650003.png', 0, 1, 1),
(2508, 650, '/img/produtos/0650001.jpg', 0, 5, 1),
(2509, 650, '/img/produtos/0650004.png', 0, 4, 1),
(2514, 676, '/img/produtos/0676001.png', 0, 1, 1),
(2515, 676, '/img/produtos/0676002.png', 0, 2, 1),
(2516, 676, '/img/produtos/0676001.jpg', 0, 4, 1),
(2517, 676, '/img/produtos/0676003.png', 0, 3, 1),
(2518, 677, '/img/produtos/0677001.png', 0, 0, 1),
(2519, 677, '/img/produtos/0677002.png', 0, 0, 1),
(2520, 677, '/img/produtos/0677003.png', 0, 0, 1),
(2521, 677, '/img/produtos/0677001.jpg', 0, 0, 1),
(2522, 677, '/img/produtos/0677002.jpg', 0, 0, 1),
(2523, 678, '/img/produtos/0678001.png', 0, 0, 1),
(2524, 678, '/img/produtos/0678002.png', 0, 0, 1),
(2525, 678, '/img/produtos/0678003.png', 0, 0, 1),
(2526, 678, '/img/produtos/0678004.png', 0, 0, 1),
(2527, 678, '/img/produtos/0678005.png', 0, 0, 1),
(2528, 678, '/img/produtos/0678001.jpg', 0, 0, 1),
(2535, 681, '/img/produtos/0681001.jpg', 0, 0, 1),
(2536, 681, '/img/produtos/0681002.jpg', 0, 0, 1),
(2537, 682, '/img/produtos/0682001.jpg', 0, 1, 1),
(2539, 682, '/img/produtos/0682003.jpg', 0, 3, 1),
(2541, 683, '/img/produtos/0683002.jpg', 0, 1, 1),
(2544, 684, '/img/produtos/0684001.jpg', 0, 1, 1),
(2545, 685, '/img/produtos/0685001.jpg', 0, 0, 1),
(2546, 685, '/img/produtos/0685002.jpg', 0, 0, 1),
(2547, 684, '/img/produtos/0684001.png', 0, 2, 1),
(2553, 686, '/img/produtos/0686006.jpg', 0, 1, 1),
(2554, 679, '/img/produtos/0679001.png', 0, 0, 1),
(2555, 679, '/img/produtos/0679002.png', 0, 0, 1),
(2556, 679, '/img/produtos/0679001.jpg', 0, 0, 1),
(2557, 680, '/img/produtos/0680001.png', 0, 0, 1),
(2558, 680, '/img/produtos/0680002.png', 0, 0, 1),
(2559, 680, '/img/produtos/0680001.jpg', 0, 0, 1),
(2560, 675, '/img/produtos/0675001.png', 0, 1, 1),
(2561, 675, '/img/produtos/0675002.png', 0, 3, 1),
(2562, 675, '/img/produtos/0675003.png', 0, 2, 1),
(2563, 675, '/img/produtos/0675001.jpg', 0, 4, 1),
(2567, 688, '/img/produtos/0688002.jpg', 0, 1, 1),
(2568, 689, '/img/produtos/0689001.jpg', 0, 0, 1),
(2569, 689, '/img/produtos/0689002.jpg', 0, 0, 1),
(2570, 690, '/img/produtos/0690001.jpg', 0, 0, 1),
(2571, 690, '/img/produtos/0690002.jpg', 0, 0, 1),
(2572, 691, '/img/produtos/0691001.jpg', 0, 0, 1),
(2573, 691, '/img/produtos/0691002.jpg', 0, 0, 1),
(2574, 692, '/img/produtos/0692001.jpg', 0, 1, 1),
(2575, 692, '/img/produtos/0692002.jpg', 0, 3, 1),
(2576, 693, '/img/produtos/0693001.jpg', 0, 0, 1),
(2578, 695, '/img/produtos/0695001.jpg', 0, 0, 1),
(2579, 695, '/img/produtos/0695002.jpg', 0, 0, 1),
(2580, 695, '/img/produtos/0695003.jpg', 0, 0, 1),
(2581, 696, '/img/produtos/0696001.jpg', 0, 0, 1),
(2582, 696, '/img/produtos/0696002.jpg', 0, 0, 1),
(2583, 696, '/img/produtos/0696003.jpg', 0, 0, 1),
(2584, 686, '/img/produtos/0686001.jpg', 0, 3, 1),
(2585, 686, '/img/produtos/0686002.jpg', 0, 2, 1),
(2586, 686, '/img/produtos/0686003.jpg', 0, 4, 1),
(2587, 688, '/img/produtos/0688001.jpg', 0, 2, 1),
(2588, 564, '/img/produtos/0564001.png', 0, 0, 1),
(2591, 697, '/img/produtos/0697001.jpg', 0, 2, 1),
(2592, 698, '/img/produtos/0698001.jpg', 0, 2, 1),
(2598, 697, '/img/produtos/0697003.jpg', 0, 0, 1),
(2601, 698, '/img/produtos/0698003.jpg', 0, 0, 1),
(2602, 699, '/img/produtos/0699001.jpg', 0, 2, 1),
(2603, 699, '/img/produtos/0699002.jpg', 0, 1, 1),
(2604, 700, '/img/produtos/0700001.jpg', 0, 2, 1),
(2605, 700, '/img/produtos/0700002.jpg', 0, 1, 1),
(2606, 701, '/img/produtos/0701001.jpg', 0, 2, 1),
(2607, 701, '/img/produtos/0701002.jpg', 0, 1, 1),
(2608, 702, '/img/produtos/0702001.jpg', 0, 2, 1),
(2609, 702, '/img/produtos/0702002.jpg', 0, 1, 1),
(2610, 702, '/img/produtos/0702003.jpg', 0, 3, 1),
(2611, 703, '/img/produtos/0703001.jpg', 0, 2, 1),
(2612, 703, '/img/produtos/0703002.jpg', 0, 1, 1),
(2613, 703, '/img/produtos/0703003.jpg', 0, 3, 1),
(2614, 704, '/img/produtos/0704001.jpg', 0, 2, 1),
(2615, 704, '/img/produtos/0704002.jpg', 0, 1, 1),
(2616, 704, '/img/produtos/0704003.jpg', 0, 3, 1),
(2617, 705, '/img/produtos/0705001.jpg', 0, 2, 1),
(2618, 705, '/img/produtos/0705002.jpg', 0, 1, 1),
(2619, 705, '/img/produtos/0705003.jpg', 0, 3, 1),
(2620, 706, '/img/produtos/0706001.jpg', 0, 2, 1),
(2621, 706, '/img/produtos/0706002.jpg', 0, 1, 1),
(2622, 706, '/img/produtos/0706003.jpg', 0, 3, 1),
(2623, 707, '/img/produtos/0707001.jpg', 0, 0, 1),
(2624, 707, '/img/produtos/0707002.jpg', 0, 0, 1),
(2625, 707, '/img/produtos/0707003.jpg', 0, 0, 1),
(2626, 708, '/img/produtos/0708001.jpg', 0, 0, 1),
(2627, 708, '/img/produtos/0708002.jpg', 0, 0, 1),
(2628, 708, '/img/produtos/0708003.jpg', 0, 0, 1),
(2629, 709, '/img/produtos/0709001.jpg', 0, 0, 1),
(2630, 709, '/img/produtos/0709002.jpg', 0, 0, 1),
(2631, 709, '/img/produtos/0709003.jpg', 0, 0, 1),
(2632, 710, '/img/produtos/0710001.jpg', 0, 0, 1),
(2633, 710, '/img/produtos/0710002.jpg', 0, 0, 1),
(2634, 710, '/img/produtos/0710003.jpg', 0, 0, 1),
(2635, 711, '/img/produtos/0711001.jpg', 0, 0, 1),
(2636, 711, '/img/produtos/0711002.jpg', 0, 0, 1),
(2637, 711, '/img/produtos/0711003.jpg', 0, 0, 1),
(2638, 712, '/img/produtos/0712001.jpg', 0, 0, 1),
(2639, 712, '/img/produtos/0712002.jpg', 0, 0, 1),
(2640, 712, '/img/produtos/0712003.jpg', 0, 0, 1),
(2641, 488, '/img/produtos/0488002.jpg', 0, 5, 1),
(2642, 488, '/img/produtos/0488003.jpg', 0, 2, 1),
(2643, 488, '/img/produtos/0488004.jpg', 0, 3, 1),
(2644, 713, '/img/produtos/0713001.jpg', 0, 0, 1),
(2645, 714, '/img/produtos/0714001.jpg', 0, 0, 1),
(2648, 715, '/img/produtos/0715001.jpg', 0, 0, 1),
(2649, 715, '/img/produtos/0715002.jpg', 0, 0, 1),
(2653, 716, '/img/produtos/0716001.jpg', 0, 0, 1),
(2654, 716, '/img/produtos/0716002.jpg', 0, 0, 1),
(2660, 717, '/img/produtos/0717001.jpg', 0, 0, 1),
(2661, 717, '/img/produtos/0717002.jpg', 0, 0, 1),
(2662, 718, '/img/produtos/0718001.jpg', 0, 0, 1),
(2663, 718, '/img/produtos/0718002.jpg', 0, 0, 1),
(2664, 719, '/img/produtos/0719001.jpg', 0, 0, 1),
(2665, 719, '/img/produtos/0719002.jpg', 0, 0, 1),
(2666, 720, '/img/produtos/0720001.jpg', 0, 0, 1),
(2667, 720, '/img/produtos/0720002.jpg', 0, 0, 1),
(2668, 516, '/img/produtos/0516003.jpg', 0, 3, 1),
(2670, 721, '/img/produtos/0721001.jpg', 0, 0, 1),
(2671, 694, '/img/produtos/0694001.jpg', 0, 0, 1),
(2672, 694, '/img/produtos/0694002.jpg', 0, 0, 1),
(2673, 693, '/img/produtos/0693002.jpg', 0, 0, 1),
(2674, 692, '/img/produtos/0692003.jpg', 0, 2, 1),
(2675, 682, '/img/produtos/0682002.jpg', 0, 2, 1),
(2676, 683, '/img/produtos/0683001.jpg', 0, 2, 1),
(2677, 722, '/img/produtos/0722001.jpg', 0, 4, 1),
(2678, 722, '/img/produtos/0722002.jpg', 0, 3, 1),
(2680, 723, '/img/produtos/0723001.jpg', 0, 0, 1),
(2681, 723, '/img/produtos/0723002.jpg', 0, 0, 1),
(2682, 723, '/img/produtos/0723003.jpg', 1, 0, 1),
(2683, 723, '/img/produtos/0723004.jpg', 0, 0, 1),
(2684, 724, '/img/produtos/0724001.jpg', 0, 3, 1),
(2685, 724, '/img/produtos/0724002.jpg', 0, 4, 1),
(2686, 724, '/img/produtos/0724003.jpg', 1, 1, 1),
(2687, 724, '/img/produtos/0724004.jpg', 0, 2, 1),
(2689, 722, '/img/produtos/0722004.jpg', 0, 6, 1),
(2690, 722, '/img/produtos/0722005.jpg', 0, 2, 1),
(2691, 722, '/img/produtos/0722006.jpg', 0, 7, 1),
(2692, 722, '/img/produtos/0722007.jpg', 0, 5, 1),
(2693, 725, '/img/produtos/0725001.png', 0, 0, 1),
(2694, 725, '/img/produtos/0725002.png', 0, 0, 1),
(2699, 729, '/img/produtos/0729001.jpg', 0, 0, 1),
(2700, 730, '/img/produtos/0730001.jpg', 0, 4, 1),
(2702, 730, '/img/produtos/0730003.jpg', 0, 2, 1),
(2703, 730, '/img/produtos/0730004.jpg', 0, 3, 1),
(2721, 731, '/img/produtos/0731001.jpg', 0, 2, 1),
(2722, 732, '/img/produtos/0732001.jpg', 0, 3, 1),
(2723, 732, '/img/produtos/0732002.jpg', 0, 4, 1),
(2724, 732, '/img/produtos/0732001.png', 0, 1, 1),
(2725, 732, '/img/produtos/0732002.png', 0, 2, 1),
(2726, 727, '/img/produtos/0727001.png', 0, 0, 1),
(2727, 727, '/img/produtos/0727002.png', 0, 0, 1),
(2728, 727, '/img/produtos/0727003.png', 0, 0, 1),
(2729, 728, '/img/produtos/0728001.png', 0, 0, 1),
(2730, 728, '/img/produtos/0728002.png', 0, 0, 1),
(2731, 452, '/img/produtos/0452002.png', 0, 0, 1),
(2732, 452, '/img/produtos/0452003.png', 0, 0, 1),
(2733, 730, '/img/produtos/0730002.jpg', 0, 0, 1),
(2734, 731, '/img/produtos/0731002.jpg', 0, 1, 1),
(2735, 733, '/img/produtos/0733001.png', 0, 1, 1),
(2736, 733, '/img/produtos/0733002.png', 0, 2, 1),
(2737, 733, '/img/produtos/0733003.png', 0, 3, 1),
(2740, 733, '/img/produtos/0733003.jpg', 0, 5, 1),
(2741, 734, '/img/produtos/0734001.jpg', 0, 3, 1),
(2743, 734, '/img/produtos/0734001.png', 0, 2, 1),
(2744, 734, '/img/produtos/0734002.png', 0, 1, 1),
(2745, 735, '/img/produtos/0735001.png', 0, 0, 1),
(2746, 735, '/img/produtos/0735002.png', 0, 0, 1),
(2749, 731, '/img/produtos/0731001.png', 0, 3, 1),
(2750, 737, '/img/produtos/0737001.png', 0, 0, 1),
(2751, 738, '/img/produtos/0738001.png', 0, 0, 1),
(2752, 738, '/img/produtos/0738002.png', 0, 0, 1),
(2753, 740, '/img/produtos/0740001.png', 0, 0, 1),
(2754, 740, '/img/produtos/0740002.png', 0, 0, 1),
(2755, 741, '/img/produtos/0741001.jpg', 0, 2, 1),
(2756, 741, '/img/produtos/0741002.jpg', 0, 3, 1),
(2757, 741, '/img/produtos/0741003.jpg', 0, 1, 1),
(2758, 742, '/img/produtos/0742001.jpg', 0, 2, 1),
(2759, 742, '/img/produtos/0742002.jpg', 0, 1, 1),
(2760, 739, '/img/produtos/0739001.png', 0, 1, 1),
(2761, 739, '/img/produtos/0739002.png', 0, 2, 1),
(2762, 743, '/img/produtos/0743001.png', 0, 2, 1),
(2763, 743, '/img/produtos/0743002.png', 0, 1, 1),
(2764, 744, '/img/produtos/0744001.png', 0, 0, 1),
(2765, 744, '/img/produtos/0744002.png', 0, 0, 1),
(2766, 745, '/img/produtos/0745001.png', 0, 0, 1),
(2767, 745, '/img/produtos/0745002.png', 0, 0, 1),
(2768, 745, '/img/produtos/0745001.jpg', 0, 0, 1),
(2769, 745, '/img/produtos/0745002.jpg', 0, 0, 1),
(2770, 745, '/img/produtos/0745003.jpg', 0, 0, 1),
(2771, 746, '/img/produtos/0746001.png', 0, 0, 1),
(2772, 746, '/img/produtos/0746002.png', 0, 0, 1),
(2773, 746, '/img/produtos/0746003.png', 0, 0, 1),
(2774, 747, '/img/produtos/0747001.png', 0, 0, 1),
(2775, 747, '/img/produtos/0747002.png', 0, 0, 1),
(2776, 748, '/img/produtos/0748001.png', 0, 0, 1),
(2777, 748, '/img/produtos/0748002.png', 0, 0, 1),
(2778, 748, '/img/produtos/0748003.png', 0, 0, 1),
(2779, 748, '/img/produtos/0748004.png', 0, 0, 1),
(2780, 749, '/img/produtos/0749001.png', 0, 0, 1),
(2781, 749, '/img/produtos/0749002.png', 0, 0, 1),
(2782, 749, '/img/produtos/0749003.png', 0, 0, 1),
(2784, 749, '/img/produtos/0749002.jpg', 0, 0, 1),
(2788, 744, '/img/produtos/0744001.jpg', 0, 0, 1),
(2790, 744, '/img/produtos/0744002.jpg', 0, 0, 1),
(2791, 744, '/img/produtos/0744003.jpg', 0, 0, 1),
(2792, 727, '/img/produtos/0727001.jpg', 0, 0, 1),
(2796, 723, '/img/produtos/0723007.jpg', 0, 0, 1),
(2800, 740, '/img/produtos/0740004.jpg', 0, 0, 1),
(2801, 750, '/img/produtos/0750001.png', 0, 0, 1),
(2802, 750, '/img/produtos/0750002.png', 0, 0, 1),
(2803, 750, '/img/produtos/0750003.png', 0, 0, 1),
(2807, 752, '/img/produtos/0752001.png', 0, 0, 1),
(2808, 752, '/img/produtos/0752002.png', 0, 0, 1),
(2809, 733, '/img/produtos/0733001.jpg', 0, 4, 1),
(2814, 754, '/img/produtos/0754001.png', 0, 0, 1),
(2815, 754, '/img/produtos/0754002.png', 0, 0, 1),
(2816, 753, '/img/produtos/0753001.png', 0, 0, 1),
(2817, 753, '/img/produtos/0753002.png', 0, 0, 1),
(2818, 753, '/img/produtos/0753003.png', 0, 0, 1),
(2819, 753, '/img/produtos/0753004.png', 0, 0, 1),
(2820, 755, '/img/produtos/0755001.png', 0, 0, 1),
(2821, 755, '/img/produtos/0755002.png', 0, 0, 1),
(2822, 756, '/img/produtos/0756001.png', 0, 2, 1),
(2823, 756, '/img/produtos/0756002.png', 0, 1, 1),
(2824, 756, '/img/produtos/0756003.png', 0, 3, 1),
(2825, 757, '/img/produtos/0757001.png', 0, 2, 1),
(2826, 757, '/img/produtos/0757002.png', 0, 1, 1),
(2827, 757, '/img/produtos/0757003.png', 0, 3, 1),
(2828, 758, '/img/produtos/0758001.png', 0, 0, 1),
(2829, 758, '/img/produtos/0758002.png', 0, 0, 1),
(2830, 759, '/img/produtos/0759001.png', 0, 0, 1),
(2831, 759, '/img/produtos/0759002.png', 0, 0, 1),
(2832, 759, '/img/produtos/0759003.png', 0, 0, 1),
(2833, 760, '/img/produtos/0760001.png', 0, 0, 1),
(2834, 760, '/img/produtos/0760002.png', 0, 0, 1),
(2835, 760, '/img/produtos/0760003.png', 0, 0, 1),
(2837, 761, '/img/produtos/0761002.jpg', 0, 2, 1),
(2838, 761, '/img/produtos/0761003.jpg', 0, 3, 1),
(2839, 761, '/img/produtos/0761001.jpg', 0, 1, 1),
(2844, 763, '/img/produtos/0763001.jpg', 0, 0, 1),
(2845, 763, '/img/produtos/0763002.jpg', 0, 0, 1),
(2846, 764, '/img/produtos/0764001.jpg', 0, 0, 1),
(2847, 764, '/img/produtos/0764002.jpg', 0, 0, 1),
(2848, 764, '/img/produtos/0764003.jpg', 0, 0, 1),
(2849, 765, '/img/produtos/0765001.jpg', 0, 1, 1),
(2850, 765, '/img/produtos/0765002.jpg', 0, 3, 1),
(2851, 765, '/img/produtos/0765003.jpg', 0, 2, 1),
(2852, 762, '/img/produtos/0762001.jpg', 0, 0, 1),
(2853, 762, '/img/produtos/0762002.jpg', 0, 0, 1),
(2854, 762, '/img/produtos/0762003.jpg', 0, 0, 1),
(2855, 572, '/img/produtos/0572002.jpg', 0, 0, 1),
(2873, 773, '/img/produtos/0773001.png', 0, 0, 1),
(2874, 773, '/img/produtos/0773001.jpg', 1, 0, 1),
(2876, 774, '/img/produtos/0774001.jpg', 1, 3, 1),
(2878, 775, '/img/produtos/0775001.jpg', 1, 3, 1),
(2879, 776, '/img/produtos/0776001.png', 0, 0, 1),
(2880, 776, '/img/produtos/0776001.jpg', 1, 0, 1),
(2895, 774, '/img/produtos/0774002.png', 0, 1, 1),
(2896, 774, '/img/produtos/0774003.png', 0, 2, 1),
(2897, 775, '/img/produtos/0775001.png', 0, 1, 1),
(2898, 775, '/img/produtos/0775002.png', 0, 2, 1),
(2900, 781, '/img/produtos/0781002.png', 0, 2, 1),
(2901, 781, '/img/produtos/0781003.png', 0, 3, 1),
(2902, 781, '/img/produtos/0781001.png', 0, 1, 1),
(2903, 782, '/img/produtos/0782001.png', 0, 1, 1),
(2904, 782, '/img/produtos/0782002.png', 0, 2, 1),
(2905, 783, '/img/produtos/0783001.png', 0, 2, 1),
(2906, 783, '/img/produtos/0783002.png', 0, 3, 1),
(2907, 783, '/img/produtos/0783003.png', 0, 1, 1),
(2909, 784, '/img/produtos/0784002.png', 0, 2, 1),
(2910, 784, '/img/produtos/0784003.png', 0, 1, 1),
(2911, 785, '/img/produtos/0785001.png', 0, 0, 1),
(2912, 785, '/img/produtos/0785002.png', 0, 0, 1),
(2914, 786, '/img/produtos/0786002.png', 0, 2, 1),
(2915, 786, '/img/produtos/0786003.png', 0, 3, 1),
(2916, 786, '/img/produtos/0786001.png', 0, 1, 1),
(2917, 787, '/img/produtos/0787001.png', 0, 1, 1),
(2918, 787, '/img/produtos/0787002.png', 0, 2, 1),
(2919, 788, '/img/produtos/0788001.png', 0, 3, 1),
(2920, 788, '/img/produtos/0788002.png', 0, 2, 1),
(2922, 788, '/img/produtos/0788004.png', 0, 4, 1),
(2923, 789, '/img/produtos/0789001.png', 0, 3, 1),
(2924, 789, '/img/produtos/0789002.png', 0, 4, 1),
(2925, 789, '/img/produtos/0789003.png', 0, 1, 1),
(2926, 789, '/img/produtos/0789004.png', 0, 2, 1),
(2927, 789, '/img/produtos/0789005.png', 0, 5, 1),
(2929, 780, '/img/produtos/0780002.png', 0, 2, 1),
(2948, 796, '/img/produtos/0796001.png', 0, 1, 1),
(2950, 796, '/img/produtos/0796002.jpg', 1, 4, 1),
(2951, 797, '/img/produtos/0797001.jpg', 0, 0, 1),
(2952, 797, '/img/produtos/0797001.png', 0, 0, 1),
(2953, 797, '/img/produtos/0797002.png', 0, 0, 1),
(2954, 797, '/img/produtos/0797002.jpg', 1, 0, 1),
(2956, 798, '/img/produtos/0798001.png', 0, 0, 1),
(2957, 798, '/img/produtos/0798001.jpg', 1, 0, 1),
(2959, 786, '/img/produtos/0786001.jpg', 1, 4, 1),
(2960, 786, '/img/produtos/0786002.jpg', 1, 5, 1),
(2961, 781, '/img/produtos/0781001.jpg', 1, 4, 1),
(2963, 788, '/img/produtos/0788005.png', 0, 1, 1),
(2964, 799, '/img/produtos/0799001.jpg', 0, 0, 1),
(2965, 799, '/img/produtos/0799002.jpg', 1, 0, 1),
(2966, 799, '/img/produtos/0799003.jpg', 0, 0, 1),
(2967, 789, '/img/produtos/0789001.jpg', 1, 6, 1),
(2968, 784, '/img/produtos/0784001.jpg', 1, 3, 1),
(2973, 800, '/img/produtos/0800001.jpg', 0, 2, 1),
(2974, 800, '/img/produtos/0800001.png', 0, 1, 1),
(2977, 801, '/img/produtos/0801001.png', 0, 0, 1),
(2978, 801, '/img/produtos/0801001.jpg', 0, 0, 1),
(2979, 801, '/img/produtos/0801002.jpg', 1, 0, 1),
(2981, 788, '/img/produtos/0788001.jpg', 1, 5, 1),
(2982, 800, '/img/produtos/0800002.jpg', 1, 3, 1),
(3004, 772, '/img/produtos/0772003.png', 0, 4, 1),
(3005, 772, '/img/produtos/0772004.png', 0, 2, 1),
(3006, 772, '/img/produtos/0772002.png', 0, 0, 1),
(3011, 805, '/img/produtos/0805001.png', 0, 1, 1),
(3012, 805, '/img/produtos/0805002.png', 0, 2, 1),
(3016, 792, '/img/produtos/0792004.png', 0, 4, 1),
(3017, 792, '/img/produtos/0792005.png', 0, 2, 1),
(3018, 792, '/img/produtos/0792006.png', 0, 3, 1),
(3019, 792, '/img/produtos/0792007.png', 0, 1, 1),
(3020, 793, '/img/produtos/0793001.png', 0, 2, 1),
(3021, 793, '/img/produtos/0793002.png', 0, 1, 1),
(3022, 793, '/img/produtos/0793003.png', 0, 3, 1),
(3023, 806, '/img/produtos/0806001.png', 0, 1, 1),
(3024, 806, '/img/produtos/0806002.png', 0, 2, 1),
(3025, 806, '/img/produtos/0806003.png', 0, 3, 1),
(3033, 808, '/img/produtos/0808001.jpg', 1, 3, 1),
(3035, 791, '/img/produtos/0791005.png', 0, 3, 1),
(3036, 791, '/img/produtos/0791006.png', 0, 1, 1),
(3039, 791, '/img/produtos/0791001.png', 0, 2, 1),
(3043, 796, '/img/produtos/0796001.jpg', 0, 3, 1),
(3045, 809, '/img/produtos/0809001.jpg', 0, 1, 1),
(3046, 810, '/img/produtos/0810001.jpg', 0, 1, 1),
(3052, 770, '/img/produtos/0770001.png', 0, 2, 1),
(3053, 770, '/img/produtos/0770002.png', 0, 3, 1),
(3054, 770, '/img/produtos/0770003.png', 0, 1, 1),
(3056, 780, '/img/produtos/0780001.png', 0, 1, 1),
(3057, 780, '/img/produtos/0780003.png', 0, 3, 1),
(3058, 780, '/img/produtos/0780004.png', 0, 4, 1),
(3063, 803, '/img/produtos/0803001.png', 0, 1, 1),
(3064, 803, '/img/produtos/0803002.png', 0, 2, 1),
(3065, 803, '/img/produtos/0803003.png', 0, 3, 1),
(3066, 807, '/img/produtos/0807001.png', 0, 1, 1),
(3067, 807, '/img/produtos/0807002.png', 0, 2, 1),
(3068, 807, '/img/produtos/0807003.png', 0, 3, 1),
(3073, 811, '/img/produtos/0811001.jpg', 0, 3, 1),
(3074, 811, '/img/produtos/0811002.jpg', 0, 4, 1),
(3075, 811, '/img/produtos/0811001.png', 0, 0, 1),
(3076, 811, '/img/produtos/0811002.png', 0, 0, 1),
(3077, 812, '/img/produtos/0812001.jpg', 0, 3, 1),
(3078, 812, '/img/produtos/0812001.png', 0, 2, 1),
(3079, 812, '/img/produtos/0812002.png', 0, 1, 1),
(3080, 808, '/img/produtos/0808001.png', 0, 0, 1),
(3082, 808, '/img/produtos/0808002.png', 0, 0, 1),
(3083, 790, '/img/produtos/0790001.png', 0, 3, 1),
(3084, 790, '/img/produtos/0790002.png', 0, 2, 1),
(3085, 790, '/img/produtos/0790003.png', 0, 1, 1),
(3086, 813, '/img/produtos/0813001.jpg', 0, 3, 1),
(3087, 813, '/img/produtos/0813002.jpg', 0, 1, 1),
(3088, 813, '/img/produtos/0813003.jpg', 0, 2, 1),
(3089, 814, '/img/produtos/0814001.jpg', 0, 0, 1),
(3090, 814, '/img/produtos/0814002.jpg', 0, 0, 1),
(3091, 814, '/img/produtos/0814003.jpg', 0, 0, 1),
(3096, 815, '/img/produtos/0815001.jpg', 1, 5, 1),
(3097, 815, '/img/produtos/0815002.jpg', 1, 6, 1),
(3098, 815, '/img/produtos/0815001.png', 0, 0, 1),
(3099, 815, '/img/produtos/0815002.png', 0, 0, 1),
(3100, 815, '/img/produtos/0815003.png', 0, 0, 1),
(3101, 815, '/img/produtos/0815004.png', 0, 0, 1),
(3102, 808, '/img/produtos/0808002.jpg', 0, 0, 1),
(3103, 796, '/img/produtos/0796003.jpg', 0, 2, 1),
(3105, 807, '/img/produtos/0807001.jpg', 1, 4, 1),
(3106, 787, '/img/produtos/0787001.jpg', 1, 3, 1),
(3107, 790, '/img/produtos/0790001.jpg', 1, 4, 1),
(3108, 791, '/img/produtos/0791001.jpg', 1, 4, 1),
(3109, 792, '/img/produtos/0792001.jpg', 1, 5, 1),
(3111, 793, '/img/produtos/0793002.jpg', 1, 4, 1),
(3113, 806, '/img/produtos/0806001.jpg', 1, 4, 1),
(3114, 780, '/img/produtos/0780001.jpg', 1, 5, 1),
(3115, 782, '/img/produtos/0782001.jpg', 1, 3, 1),
(3116, 816, '/img/produtos/0816001.png', 0, 0, 1),
(3117, 816, '/img/produtos/0816002.png', 0, 0, 1),
(3118, 816, '/img/produtos/0816001.jpg', 1, 0, 1),
(3119, 816, '/img/produtos/0816002.jpg', 1, 0, 1),
(3124, 818, '/img/produtos/0818001.png', 0, 3, 1),
(3125, 818, '/img/produtos/0818002.png', 0, 2, 1),
(3126, 818, '/img/produtos/0818003.png', 0, 1, 1),
(3127, 815, '/img/produtos/0815003.jpg', 1, 0, 1),
(3128, 805, '/img/produtos/0805001.jpg', 1, 3, 1),
(3129, 805, '/img/produtos/0805002.jpg', 1, 4, 1),
(3130, 783, '/img/produtos/0783002.jpg', 1, 4, 1),
(3131, 803, '/img/produtos/0803001.jpg', 1, 4, 1),
(3132, 803, '/img/produtos/0803002.jpg', 1, 5, 1),
(3133, 810, '/img/produtos/0810003.jpg', 1, 2, 1),
(3135, 809, '/img/produtos/0809002.jpg', 0, 2, 1),
(3136, 819, '/img/produtos/0819001.png', 0, 1, 1),
(3137, 819, '/img/produtos/0819002.png', 0, 2, 1),
(3139, 819, '/img/produtos/0819004.png', 0, 3, 1),
(3140, 819, '/img/produtos/0819001.jpg', 1, 5, 1),
(3141, 820, '/img/produtos/0820001.png', 0, 3, 1),
(3142, 820, '/img/produtos/0820002.png', 0, 1, 1),
(3143, 820, '/img/produtos/0820003.png', 0, 2, 1),
(3144, 820, '/img/produtos/0820001.jpg', 1, 4, 1),
(3145, 820, '/img/produtos/0820002.jpg', 1, 5, 1),
(3146, 821, '/img/produtos/0821001.png', 0, 1, 1),
(3147, 821, '/img/produtos/0821002.png', 0, 3, 1),
(3149, 821, '/img/produtos/0821001.jpg', 1, 4, 1),
(3150, 821, '/img/produtos/0821002.jpg', 1, 5, 1),
(3154, 822, '/img/produtos/0822001.jpg', 1, 4, 1),
(3155, 822, '/img/produtos/0822002.jpg', 1, 5, 1),
(3159, 822, '/img/produtos/0822001.png', 0, 3, 1),
(3160, 822, '/img/produtos/0822002.png', 0, 1, 1),
(3161, 822, '/img/produtos/0822003.png', 0, 2, 1),
(3162, 823, '/img/produtos/0823001.png', 0, 1, 1),
(3163, 823, '/img/produtos/0823002.png', 0, 2, 1),
(3164, 823, '/img/produtos/0823001.jpg', 1, 4, 1),
(3165, 823, '/img/produtos/0823002.jpg', 1, 3, 1),
(3166, 824, '/img/produtos/0824001.png', 0, 1, 1),
(3167, 824, '/img/produtos/0824002.png', 0, 2, 1),
(3168, 824, '/img/produtos/0824003.png', 0, 3, 1),
(3169, 824, '/img/produtos/0824001.jpg', 1, 4, 1),
(3170, 825, '/img/produtos/0825001.jpg', 1, 1, 1),
(3171, 825, '/img/produtos/0825002.jpg', 1, 2, 1),
(3172, 825, '/img/produtos/0825003.jpg', 0, 3, 1),
(3173, 825, '/img/produtos/0825004.jpg', 0, 4, 1),
(3174, 825, '/img/produtos/0825005.jpg', 0, 5, 1),
(3175, 828, '/img/produtos/0828001.jpg', 0, 0, 1),
(3176, 828, '/img/produtos/0828002.jpg', 0, 0, 1),
(3178, 828, '/img/produtos/0828003.jpg', 0, 0, 1),
(3180, 795, '/img/produtos/0795001.png', 0, 0, 1),
(3181, 795, '/img/produtos/0795002.png', 0, 0, 1),
(3182, 795, '/img/produtos/0795003.png', 0, 0, 1),
(3183, 830, '/img/produtos/0830001.jpg', 0, 3, 1),
(3184, 830, '/img/produtos/0830002.jpg', 0, 4, 1),
(3185, 830, '/img/produtos/0830003.jpg', 0, 1, 1),
(3186, 830, '/img/produtos/0830004.jpg', 0, 2, 1),
(3187, 831, '/img/produtos/0831001.jpg', 0, 0, 1),
(3188, 831, '/img/produtos/0831002.jpg', 0, 0, 1),
(3197, 833, '/img/produtos/0833003.jpg', 0, 0, 1),
(3198, 833, '/img/produtos/0833004.jpg', 0, 0, 1),
(3199, 834, '/img/produtos/0834001.jpg', 0, 1, 1),
(3200, 834, '/img/produtos/0834002.jpg', 0, 2, 1),
(3201, 834, '/img/produtos/0834003.jpg', 0, 4, 1),
(3202, 834, '/img/produtos/0834004.jpg', 0, 3, 1),
(3205, 836, '/img/produtos/0836001.jpg', 0, 2, 1),
(3206, 836, '/img/produtos/0836002.jpg', 0, 1, 1),
(3207, 736, '/img/produtos/0736001.jpg', 0, 0, 1),
(3208, 736, '/img/produtos/0736002.jpg', 0, 0, 1),
(3209, 834, '/img/produtos/0834005.jpg', 1, 5, 1),
(3210, 828, '/img/produtos/0828004.jpg', 1, 0, 1),
(3212, 831, '/img/produtos/0831003.jpg', 1, 0, 1),
(3214, 836, '/img/produtos/0836004.jpg', 1, 4, 1),
(3215, 830, '/img/produtos/0830005.jpg', 1, 5, 1),
(3219, 837, '/img/produtos/0837001.jpg', 0, 2, 1),
(3220, 837, '/img/produtos/0837002.jpg', 0, 3, 1),
(3222, 837, '/img/produtos/0837004.jpg', 0, 1, 1),
(3224, 837, '/img/produtos/0837003.jpg', 0, 4, 1),
(3225, 838, '/img/produtos/0838001.jpg', 0, 3, 1),
(3226, 838, '/img/produtos/0838002.jpg', 0, 1, 1),
(3227, 838, '/img/produtos/0838003.jpg', 0, 2, 1),
(3228, 838, '/img/produtos/0838004.jpg', 0, 4, 1),
(3246, 840, '/img/produtos/0840001.jpg', 0, 0, 1),
(3247, 840, '/img/produtos/0840002.jpg', 0, 0, 1),
(3248, 840, '/img/produtos/0840003.jpg', 0, 0, 1),
(3250, 841, '/img/produtos/0841002.jpg', 0, 3, 1),
(3268, 841, '/img/produtos/0841001.jpg', 0, 0, 1),
(3269, 841, '/img/produtos/0841003.jpg', 0, 0, 1),
(3270, 843, '/img/produtos/0843001.jpg', 0, 1, 1),
(3276, 843, '/img/produtos/0843003.jpg', 0, 3, 1),
(3277, 843, '/img/produtos/0843004.jpg', 0, 4, 1),
(3282, 845, '/img/produtos/0845001.jpg', 0, 5, 1),
(3283, 845, '/img/produtos/0845002.jpg', 0, 4, 1),
(3284, 845, '/img/produtos/0845003.jpg', 0, 3, 1),
(3285, 845, '/img/produtos/0845004.jpg', 0, 2, 1),
(3286, 845, '/img/produtos/0845005.jpg', 0, 1, 1),
(3290, 846, '/img/produtos/0846001.jpg', 0, 0, 1),
(3292, 847, '/img/produtos/0847001.jpg', 0, 1, 1),
(3293, 847, '/img/produtos/0847002.jpg', 0, 2, 1),
(3294, 847, '/img/produtos/0847003.jpg', 0, 4, 1),
(3295, 847, '/img/produtos/0847004.jpg', 0, 3, 1),
(3297, 848, '/img/produtos/0848001.jpg', 0, 2, 1),
(3302, 848, '/img/produtos/0848006.jpg', 0, 1, 1),
(3306, 849, '/img/produtos/0849001.jpg', 0, 0, 1),
(3309, 850, '/img/produtos/0850001.jpg', 0, 0, 1),
(3310, 850, '/img/produtos/0850002.jpg', 0, 0, 1),
(3311, 850, '/img/produtos/0850003.jpg', 0, 0, 1),
(3314, 851, '/img/produtos/0851003.jpg', 0, 1, 1),
(3316, 852, '/img/produtos/0852002.jpg', 0, 1, 1),
(3317, 851, '/img/produtos/0851001.jpg', 0, 2, 1),
(3318, 852, '/img/produtos/0852001.jpg', 0, 2, 1),
(3319, 853, '/img/produtos/0853001.jpg', 0, 2, 1),
(3320, 853, '/img/produtos/0853002.jpg', 0, 3, 1),
(3321, 853, '/img/produtos/0853003.jpg', 0, 1, 1),
(3322, 854, '/img/produtos/0854001.jpg', 0, 3, 1),
(3323, 854, '/img/produtos/0854002.jpg', 0, 1, 1),
(3324, 854, '/img/produtos/0854003.jpg', 0, 4, 1),
(3325, 854, '/img/produtos/0854004.jpg', 0, 2, 1),
(3326, 854, '/img/produtos/0854005.jpg', 0, 5, 1),
(3327, 855, '/img/produtos/0855001.jpg', 0, 1, 1),
(3328, 855, '/img/produtos/0855002.jpg', 0, 2, 1),
(3329, 855, '/img/produtos/0855003.jpg', 0, 3, 1),
(3330, 856, '/img/produtos/0856001.jpg', 0, 2, 1),
(3331, 856, '/img/produtos/0856002.jpg', 0, 3, 1),
(3332, 856, '/img/produtos/0856003.jpg', 0, 1, 1),
(3333, 857, '/img/produtos/0857001.jpg', 0, 0, 1),
(3334, 857, '/img/produtos/0857002.jpg', 0, 0, 1),
(3335, 858, '/img/produtos/0858001.jpg', 0, 0, 1),
(3336, 858, '/img/produtos/0858002.jpg', 1, 0, 1),
(3337, 859, '/img/produtos/0859001.jpg', 0, 3, 1),
(3338, 859, '/img/produtos/0859002.jpg', 0, 1, 1),
(3339, 859, '/img/produtos/0859003.jpg', 0, 2, 1),
(3340, 859, '/img/produtos/0859004.jpg', 0, 4, 1),
(3341, 860, '/img/produtos/0860001.jpg', 0, 2, 1),
(3342, 860, '/img/produtos/0860002.jpg', 0, 3, 1),
(3343, 860, '/img/produtos/0860003.jpg', 0, 1, 1),
(3347, 861, '/img/produtos/0861001.jpg', 0, 2, 1),
(3348, 861, '/img/produtos/0861002.jpg', 0, 3, 1),
(3349, 861, '/img/produtos/0861003.jpg', 0, 1, 1),
(3350, 863, '/img/produtos/0863001.jpg', 0, 1, 1),
(3351, 863, '/img/produtos/0863002.jpg', 0, 2, 1),
(3354, 863, '/img/produtos/0863003.jpg', 0, 4, 1),
(3355, 863, '/img/produtos/0863004.jpg', 0, 3, 1),
(3356, 864, '/img/produtos/0864001.jpg', 0, 0, 1),
(3357, 865, '/img/produtos/0865001.jpg', 0, 2, 1),
(3358, 865, '/img/produtos/0865002.jpg', 0, 1, 1),
(3359, 866, '/img/produtos/0866001.jpg', 0, 0, 1),
(3360, 866, '/img/produtos/0866002.jpg', 0, 0, 1),
(3361, 867, '/img/produtos/0867001.jpg', 0, 0, 1),
(3362, 867, '/img/produtos/0867002.jpg', 0, 0, 1),
(3363, 868, '/img/produtos/0868001.jpg', 0, 5, 1),
(3366, 868, '/img/produtos/0868004.jpg', 0, 2, 1),
(3367, 868, '/img/produtos/0868005.jpg', 0, 1, 1),
(3368, 868, '/img/produtos/0868006.jpg', 0, 3, 1),
(3370, 869, '/img/produtos/0869002.jpg', 0, 0, 1),
(3371, 869, '/img/produtos/0869003.jpg', 0, 0, 1),
(3373, 869, '/img/produtos/0869005.jpg', 0, 0, 1),
(3375, 869, '/img/produtos/0869007.jpg', 0, 0, 1),
(3376, 869, '/img/produtos/0869008.jpg', 0, 0, 1),
(3377, 870, '/img/produtos/0870001.jpg', 0, 3, 1),
(3378, 870, '/img/produtos/0870002.jpg', 0, 1, 1),
(3379, 870, '/img/produtos/0870003.jpg', 0, 2, 1),
(3381, 871, '/img/produtos/0871002.jpg', 0, 3, 1),
(3382, 871, '/img/produtos/0871003.jpg', 0, 1, 1),
(3384, 844, '/img/produtos/0844002.jpg', 0, 2, 1),
(3386, 844, '/img/produtos/0844003.jpg', 1, 3, 1),
(3387, 843, '/img/produtos/0843005.jpg', 1, 6, 1),
(3391, 872, '/img/produtos/0872001.jpg', 0, 3, 1),
(3393, 872, '/img/produtos/0872003.jpg', 0, 2, 1),
(3394, 872, '/img/produtos/0872004.jpg', 0, 1, 1),
(3402, 874, '/img/produtos/0874001.jpg', 0, 2, 1),
(3403, 874, '/img/produtos/0874002.jpg', 0, 3, 1),
(3404, 874, '/img/produtos/0874003.jpg', 0, 1, 1),
(3405, 873, '/img/produtos/0873001.jpg', 0, 2, 1),
(3406, 873, '/img/produtos/0873002.jpg', 0, 1, 1),
(3407, 873, '/img/produtos/0873003.jpg', 0, 3, 1),
(3409, 875, '/img/produtos/0875001.jpg', 0, 2, 1),
(3410, 875, '/img/produtos/0875002.jpg', 0, 1, 1),
(3411, 875, '/img/produtos/0875003.jpg', 0, 3, 1),
(3414, 876, '/img/produtos/0876001.jpg', 0, 0, 1),
(3420, 877, '/img/produtos/0877001.jpg', 0, 0, 1),
(3422, 839, '/img/produtos/0839002.jpg', 0, 3, 1),
(3423, 839, '/img/produtos/0839003.jpg', 0, 2, 1),
(3424, 839, '/img/produtos/0839001.jpg', 0, 0, 1),
(3425, 878, '/img/produtos/0878001.jpg', 0, 1, 1),
(3426, 878, '/img/produtos/0878002.jpg', 0, 3, 1),
(3428, 878, '/img/produtos/0878003.jpg', 0, 2, 1),
(3430, 879, '/img/produtos/0879001.jpg', 0, 0, 1),
(3431, 880, '/img/produtos/0880001.jpg', 0, 0, 1),
(3432, 881, '/img/produtos/0881001.jpg', 0, 0, 1),
(3433, 882, '/img/produtos/0882001.jpg', 0, 0, 1),
(3434, 882, '/img/produtos/0882002.jpg', 0, 0, 1),
(3435, 882, '/img/produtos/0882003.jpg', 0, 0, 1),
(3436, 844, '/img/produtos/0844001.jpg', 0, 0, 1),
(3437, 771, '/img/produtos/0771001.jpg', 0, 0, 1),
(3438, 771, '/img/produtos/0771002.jpg', 0, 0, 1),
(3439, 771, '/img/produtos/0771003.jpg', 0, 0, 1),
(3440, 883, '/img/produtos/0883001.jpg', 0, 0, 1),
(3442, 884, '/img/produtos/0884002.jpg', 0, 2, 1),
(3443, 884, '/img/produtos/0884003.jpg', 0, 3, 1),
(3444, 884, '/img/produtos/0884001.jpg', 0, 1, 1),
(3455, 883, '/img/produtos/0883002.jpg', 0, 0, 1),
(3456, 883, '/img/produtos/0883003.jpg', 0, 0, 1),
(3457, 885, '/img/produtos/0885001.jpg', 0, 0, 1),
(3458, 885, '/img/produtos/0885002.jpg', 0, 0, 1),
(3459, 885, '/img/produtos/0885003.jpg', 0, 0, 1),
(3460, 887, '/img/produtos/0887001.jpg', 0, 0, 1),
(3461, 887, '/img/produtos/0887002.jpg', 0, 0, 1),
(3462, 885, '/img/produtos/0885004.jpg', 0, 0, 1),
(3463, 888, '/img/produtos/0888001.jpg', 0, 1, 1),
(3464, 888, '/img/produtos/0888002.jpg', 0, 3, 1),
(3467, 889, '/img/produtos/0889001.jpg', 0, 1, 1),
(3468, 889, '/img/produtos/0889002.jpg', 0, 3, 1),
(3471, 890, '/img/produtos/0890001.jpg', 0, 0, 1),
(3472, 890, '/img/produtos/0890002.jpg', 0, 0, 1),
(3473, 890, '/img/produtos/0890003.jpg', 0, 0, 1),
(3475, 890, '/img/produtos/0890004.jpg', 0, 0, 1),
(3476, 891, '/img/produtos/0891001.jpg', 0, 4, 1),
(3477, 891, '/img/produtos/0891002.jpg', 0, 3, 1),
(3478, 891, '/img/produtos/0891003.jpg', 0, 1, 1),
(3479, 891, '/img/produtos/0891004.jpg', 0, 2, 1),
(3480, 888, '/img/produtos/0888003.jpg', 0, 2, 1),
(3481, 889, '/img/produtos/0889003.jpg', 0, 2, 1),
(3482, 892, '/img/produtos/0892001.jpg', 0, 1, 1),
(3483, 892, '/img/produtos/0892002.jpg', 0, 3, 1),
(3484, 892, '/img/produtos/0892003.jpg', 0, 2, 1),
(3487, 892, '/img/produtos/0892004.jpg', 0, 4, 1),
(3488, 894, '/img/produtos/0894001.jpg', 0, 2, 1),
(3489, 894, '/img/produtos/0894002.jpg', 0, 1, 1),
(3491, 895, '/img/produtos/0895001.jpeg', 0, 0, 1),
(3492, 894, '/img/produtos/0894001.jpeg', 0, 0, 1),
(3493, 896, '/img/produtos/0896001.jpeg', 0, 0, 1),
(3495, 896, '/img/produtos/0896002.jpg', 0, 0, 1),
(3497, 870, '/img/produtos/0870001.jpeg', 0, 4, 1),
(3498, 229, '/img/produtos/0229001.jpeg', 0, 3, 1),
(3499, 229, '/img/produtos/0229002.jpeg', 0, 4, 1),
(3500, 875, '/img/produtos/0875001.jpeg', 0, 4, 1),
(3501, 847, '/img/produtos/0847001.jpeg', 0, 5, 1),
(3502, 898, '/img/produtos/0898001.jpeg', 0, 0, 1),
(3503, 899, '/img/produtos/0899001.jpg', 0, 0, 1),
(3509, 901, '/img/produtos/0901001.jpeg', 0, 0, 1),
(3510, 902, '/img/produtos/0902001.jpeg', 0, 0, 1),
(3511, 903, '/img/produtos/0903001.jpeg', 0, 0, 1),
(3512, 904, '/img/produtos/0904001.jpeg', 0, 0, 1),
(3514, 905, '/img/produtos/0905001.jpeg', 0, 0, 1),
(3515, 900, '/img/produtos/0900001.jpeg', 0, 0, 1),
(3516, 906, '/img/produtos/0906001.jpeg', 0, 0, 1),
(3517, 907, '/img/produtos/0907001.jpg', 0, 0, 1),
(3518, 907, '/img/produtos/0907002.jpg', 0, 0, 1),
(3519, 907, '/img/produtos/0907003.jpg', 0, 0, 1),
(3520, 908, '/img/produtos/0908001.jpg', 0, 0, 1),
(3521, 909, '/img/produtos/0909001.jpg', 0, 0, 1),
(3522, 909, '/img/produtos/0909002.jpg', 0, 0, 1),
(3523, 909, '/img/produtos/0909003.jpg', 0, 0, 1),
(3524, 909, '/img/produtos/0909004.jpg', 0, 0, 1),
(3525, 909, '/img/produtos/0909005.jpg', 0, 0, 1),
(3527, 909, '/img/produtos/0909006.jpg', 0, 0, 1),
(3528, 904, '/img/produtos/0904002.jpeg', 0, 0, 1),
(3529, 910, '/img/produtos/0910001.jpg', 0, 0, 1),
(3530, 910, '/img/produtos/0910002.jpg', 0, 0, 1),
(3531, 911, '/img/produtos/0911001.jpg', 0, 0, 1),
(3532, 911, '/img/produtos/0911002.jpg', 0, 0, 1),
(3534, 912, '/img/produtos/0912002.jpg', 0, 2, 1),
(3535, 913, '/img/produtos/0913001.jpg', 0, 0, 1),
(3536, 913, '/img/produtos/0913002.jpg', 0, 0, 1),
(3537, 911, '/img/produtos/0911003.jpg', 1, 0, 1),
(3538, 912, '/img/produtos/0912003.jpg', 1, 3, 1),
(3539, 914, '/img/produtos/0914001.jpg', 0, 0, 1),
(3540, 914, '/img/produtos/0914002.jpg', 0, 0, 1),
(3541, 912, '/img/produtos/0912001.jpg', 0, 1, 1),
(3542, 914, '/img/produtos/0914003.jpg', 0, 0, 1),
(3543, 913, '/img/produtos/0913003.jpg', 0, 0, 1),
(3544, 915, '/img/produtos/0915001.jpg', 0, 0, 1),
(3545, 915, '/img/produtos/0915002.jpg', 0, 0, 1),
(3546, 915, '/img/produtos/0915003.jpg', 0, 0, 1),
(3549, 916, '/img/produtos/0916001.jpg', 0, 0, 1),
(3550, 917, '/img/produtos/0917001.jpeg', 0, 0, 1),
(3551, 917, '/img/produtos/0917002.jpeg', 0, 0, 1),
(3552, 918, '/img/produtos/0918001.jpeg', 0, 0, 1),
(3553, 919, '/img/produtos/0919001.jpeg', 0, 0, 1),
(3554, 920, '/img/produtos/0920001.jpeg', 0, 0, 1),
(3555, 921, '/img/produtos/0921001.jpeg', 0, 1, 1),
(3556, 921, '/img/produtos/0921002.jpeg', 0, 2, 1),
(3557, 922, '/img/produtos/0922001.jpeg', 0, 0, 1),
(3558, 922, '/img/produtos/0922002.jpeg', 0, 0, 1),
(3559, 923, '/img/produtos/0923001.jpg', 0, 0, 1),
(3560, 924, '/img/produtos/0924001.jpg', 0, 0, 1),
(3561, 886, '/img/produtos/0886001.jpg', 0, 6, 1),
(3563, 886, '/img/produtos/0886003.jpg', 0, 1, 1),
(3564, 886, '/img/produtos/0886004.jpg', 0, 2, 1),
(3565, 886, '/img/produtos/0886005.jpg', 0, 3, 1),
(3566, 886, '/img/produtos/0886006.jpg', 0, 4, 1),
(3576, 925, '/img/produtos/0925001.jpg', 0, 1, 1),
(3578, 925, '/img/produtos/0925003.jpg', 0, 2, 1),
(3579, 925, '/img/produtos/0925004.jpg', 0, 4, 1),
(3580, 925, '/img/produtos/0925005.jpg', 0, 3, 1),
(3581, 926, '/img/produtos/0926001.jpg', 0, 2, 1),
(3582, 926, '/img/produtos/0926002.jpg', 0, 3, 1),
(3583, 926, '/img/produtos/0926003.jpg', 0, 4, 1),
(3585, 926, '/img/produtos/0926005.jpg', 1, 5, 1),
(3588, 926, '/img/produtos/0926006.jpg', 0, 0, 1),
(3589, 927, '/img/produtos/0927001.jpg', 0, 0, 1),
(3590, 927, '/img/produtos/0927002.jpg', 0, 0, 1),
(3591, 927, '/img/produtos/0927003.jpg', 0, 0, 1),
(3592, 928, '/img/produtos/0928001.jpg', 0, 0, 1),
(3593, 928, '/img/produtos/0928002.jpg', 0, 0, 1),
(3594, 928, '/img/produtos/0928003.jpg', 0, 0, 1),
(3595, 928, '/img/produtos/0928004.jpg', 0, 0, 1),
(3596, 929, '/img/produtos/0929001.jpg', 0, 0, 1),
(3597, 929, '/img/produtos/0929002.jpg', 0, 0, 1),
(3598, 929, '/img/produtos/0929003.jpg', 0, 0, 1),
(3600, 929, '/img/produtos/0929005.jpg', 0, 0, 1),
(3601, 929, '/img/produtos/0929006.jpg', 0, 0, 1),
(3602, 930, '/img/produtos/0930001.jpg', 0, 0, 1),
(3604, 932, '/img/produtos/0932001.jpg', 0, 0, 1),
(3605, 933, '/img/produtos/0933001.jpg', 0, 0, 1),
(3606, 934, '/img/produtos/0934001.jpg', 0, 2, 1),
(3607, 934, '/img/produtos/0934002.jpg', 0, 3, 1),
(3608, 934, '/img/produtos/0934003.jpg', 0, 1, 1),
(3609, 935, '/img/produtos/0935001.jpg', 0, 2, 1),
(3611, 935, '/img/produtos/0935003.jpg', 0, 0, 1),
(3612, 936, '/img/produtos/0936001.jpg', 0, 0, 1),
(3613, 936, '/img/produtos/0936001.png', 0, 0, 1),
(3614, 937, '/img/produtos/0937001.jpg', 0, 0, 1),
(3615, 938, '/img/produtos/0938001.jpg', 0, 0, 1),
(3616, 939, '/img/produtos/0939001.png', 0, 1, 1),
(3617, 939, '/img/produtos/0939002.png', 0, 2, 1),
(3618, 939, '/img/produtos/0939003.png', 0, 3, 1),
(3619, 939, '/img/produtos/0939004.png', 0, 4, 1),
(3620, 940, '/img/produtos/0940001.png', 0, 0, 1),
(3621, 940, '/img/produtos/0940002.png', 0, 0, 1),
(3622, 940, '/img/produtos/0940001.jpg', 0, 0, 1),
(3623, 940, '/img/produtos/0940002.jpg', 0, 0, 1),
(3624, 941, '/img/produtos/0941001.jpg', 0, 0, 1),
(3625, 942, '/img/produtos/0942001.jpg', 0, 2, 1),
(3626, 942, '/img/produtos/0942002.jpg', 0, 1, 1),
(3627, 943, '/img/produtos/0943001.jpg', 0, 0, 1),
(3628, 943, '/img/produtos/0943002.jpg', 0, 0, 1),
(3630, 944, '/img/produtos/0944002.jpg', 0, 2, 1),
(3631, 944, '/img/produtos/0944003.jpg', 0, 4, 1),
(3635, 944, '/img/produtos/0944005.jpg', 0, 1, 1),
(3636, 944, '/img/produtos/0944001.jpg', 0, 3, 1),
(3642, 945, '/img/produtos/0945001.jpg', 0, 0, 1),
(3643, 945, '/img/produtos/0945002.jpg', 0, 0, 1),
(3644, 945, '/img/produtos/0945003.jpg', 0, 0, 1),
(3645, 945, '/img/produtos/0945004.jpg', 0, 0, 1),
(3650, 949, '/img/produtos/0949002.jpg', 0, 2, 1),
(3651, 949, '/img/produtos/0949001.png', 0, 1, 1),
(3657, 951, '/img/produtos/0951002.jpg', 0, 1, 1),
(3658, 951, '/img/produtos/0951001.jpg', 0, 3, 1),
(3659, 951, '/img/produtos/0951003.jpg', 0, 4, 1),
(3662, 951, '/img/produtos/0951004.jpg', 0, 2, 1),
(3664, 948, '/img/produtos/0948002.jpg', 0, 0, 1),
(3668, 953, '/img/produtos/0953001.jpg', 0, 2, 1),
(3669, 953, '/img/produtos/0953002.jpg', 0, 3, 1),
(3670, 953, '/img/produtos/0953003.jpg', 0, 1, 1),
(3673, 954, '/img/produtos/0954002.jpg', 0, 5, 1),
(3674, 954, '/img/produtos/0954003.jpg', 0, 4, 1),
(3675, 954, '/img/produtos/0954004.jpg', 0, 3, 1),
(3676, 954, '/img/produtos/0954005.jpg', 0, 2, 1),
(3680, 955, '/img/produtos/0955003.jpg', 1, 3, 1),
(3681, 955, '/img/produtos/0955004.jpg', 1, 4, 1),
(3684, 955, '/img/produtos/0955002.jpg', 0, 2, 1),
(3685, 955, '/img/produtos/0955001.jpg', 0, 1, 1),
(3686, 956, '/img/produtos/0956001.jpg', 0, 2, 1),
(3687, 956, '/img/produtos/0956002.jpg', 0, 1, 1),
(3688, 956, '/img/produtos/0956003.jpg', 1, 3, 1),
(3689, 956, '/img/produtos/0956004.jpg', 1, 4, 1),
(3693, 957, '/img/produtos/0957004.jpg', 0, 2, 1),
(3694, 957, '/img/produtos/0957005.jpg', 0, 1, 1),
(3699, 958, '/img/produtos/0958003.jpg', 1, 3, 1),
(3700, 958, '/img/produtos/0958004.jpg', 1, 4, 1),
(3701, 958, '/img/produtos/0958001.jpg', 0, 1, 1),
(3702, 958, '/img/produtos/0958002.jpg', 0, 2, 1),
(3705, 957, '/img/produtos/0957001.jpg', 1, 4, 1),
(3706, 957, '/img/produtos/0957002.jpg', 1, 3, 1),
(3707, 959, '/img/produtos/0959001.jpg', 0, 2, 1),
(3708, 959, '/img/produtos/0959002.jpg', 0, 1, 1),
(3709, 959, '/img/produtos/0959003.jpg', 1, 3, 1),
(3710, 959, '/img/produtos/0959004.jpg', 1, 4, 1),
(3711, 960, '/img/produtos/0960001.jpg', 0, 0, 1),
(3712, 960, '/img/produtos/0960002.jpg', 0, 0, 1),
(3715, 950, '/img/produtos/0950001.jpg', 0, 0, 1),
(3717, 950, '/img/produtos/0950002.jpg', 0, 0, 1),
(3718, 961, '/img/produtos/0961001.jpg', 0, 1, 1),
(3719, 961, '/img/produtos/0961002.jpg', 0, 2, 1),
(3720, 961, '/img/produtos/0961003.jpg', 0, 4, 1),
(3721, 961, '/img/produtos/0961004.jpg', 0, 3, 1),
(3728, 962, '/img/produtos/0962001.jpg', 0, 5, 1),
(3729, 962, '/img/produtos/0962002.jpg', 0, 4, 1),
(3730, 962, '/img/produtos/0962003.jpg', 0, 6, 1),
(3731, 962, '/img/produtos/0962004.jpg', 0, 2, 1),
(3732, 962, '/img/produtos/0962005.jpg', 0, 3, 1),
(3734, 962, '/img/produtos/0962006.jpg', 0, 0, 1),
(3737, 963, '/img/produtos/0963003.jpg', 0, 1, 1),
(3738, 963, '/img/produtos/0963004.jpg', 1, 5, 1),
(3739, 963, '/img/produtos/0963005.jpg', 1, 4, 1),
(3740, 963, '/img/produtos/0963001.jpg', 0, 3, 1),
(3741, 963, '/img/produtos/0963002.jpg', 0, 2, 1),
(3743, 964, '/img/produtos/0964002.jpg', 0, 4, 1),
(3746, 964, '/img/produtos/0964001.jpg', 0, 0, 1),
(3747, 964, '/img/produtos/0964003.jpg', 0, 0, 1),
(3748, 964, '/img/produtos/0964004.jpg', 0, 0, 1),
(3749, 965, '/img/produtos/0965001.jpg', 0, 2, 1),
(3751, 965, '/img/produtos/0965003.jpg', 1, 5, 1),
(3753, 965, '/img/produtos/0965005.jpg', 1, 4, 1),
(3754, 965, '/img/produtos/0965002.jpg', 0, 0, 1),
(3755, 966, '/img/produtos/0966001.jpg', 0, 1, 1),
(3756, 966, '/img/produtos/0966002.jpg', 1, 3, 1),
(3757, 966, '/img/produtos/0966003.jpg', 1, 2, 1),
(3759, 967, '/img/produtos/0967001.jpg', 0, 0, 1),
(3760, 967, '/img/produtos/0967002.jpg', 0, 0, 1),
(3765, 968, '/img/produtos/0968001.png', 0, 0, 1),
(3766, 969, '/img/produtos/0969001.png', 0, 0, 1),
(3769, 970, '/img/produtos/0970002.png', 0, 3, 1),
(3771, 969, '/img/produtos/0969001.jpg', 1, 0, 1),
(3772, 968, '/img/produtos/0968001.jpg', 0, 0, 1);
INSERT INTO `produto_gal` (`id`, `id_produto`, `img`, `ambiente`, `ordem`, `online`) VALUES
(3773, 970, '/img/produtos/0970002.jpg', 1, 5, 1),
(3775, 970, '/img/produtos/0970001.jpg', 1, 4, 1),
(3776, 970, '/img/produtos/0970001.png', 0, 0, 1),
(3777, 970, '/img/produtos/0970003.png', 0, 0, 1),
(3779, 971, '/img/produtos/0971002.jpg', 1, 2, 1),
(3780, 971, '/img/produtos/0971003.jpg', 1, 3, 1),
(3783, 971, '/img/produtos/0971004.jpg', 0, 0, 1),
(3784, 972, '/img/produtos/0972001.jpg', 0, 1, 1),
(3785, 972, '/img/produtos/0972002.jpg', 0, 3, 1),
(3786, 972, '/img/produtos/0972003.jpg', 0, 4, 1),
(3787, 972, '/img/produtos/0972004.jpg', 0, 2, 1),
(3788, 973, '/img/produtos/0973001.jpg', 0, 3, 1),
(3789, 973, '/img/produtos/0973002.jpg', 0, 2, 1),
(3790, 973, '/img/produtos/0973003.jpg', 0, 1, 1),
(3795, 974, '/img/produtos/0974001.jpg', 0, 3, 1),
(3796, 974, '/img/produtos/0974002.jpg', 0, 2, 1),
(3797, 974, '/img/produtos/0974003.jpg', 0, 4, 1),
(3798, 974, '/img/produtos/0974004.jpg', 0, 1, 1),
(3799, 975, '/img/produtos/0975001.jpg', 0, 3, 1),
(3800, 975, '/img/produtos/0975002.jpg', 0, 1, 1),
(3801, 975, '/img/produtos/0975003.jpg', 0, 2, 1),
(3802, 976, '/img/produtos/0976001.jpg', 0, 2, 1),
(3803, 976, '/img/produtos/0976002.jpg', 0, 3, 1),
(3804, 976, '/img/produtos/0976003.jpg', 0, 1, 1),
(3805, 977, '/img/produtos/0977001.jpg', 0, 0, 1),
(3806, 977, '/img/produtos/0977002.jpg', 0, 0, 1),
(3807, 978, '/img/produtos/0978001.jpg', 0, 2, 1),
(3808, 978, '/img/produtos/0978002.jpg', 0, 1, 1),
(3809, 979, '/img/produtos/0979001.jpg', 0, 2, 1),
(3811, 979, '/img/produtos/0979002.jpg', 0, 0, 1),
(3813, 980, '/img/produtos/0980002.jpg', 0, 2, 1),
(3814, 980, '/img/produtos/0980001.jpg', 0, 1, 1),
(3815, 981, '/img/produtos/0981001.jpg', 0, 0, 1),
(3816, 981, '/img/produtos/0981002.jpg', 0, 0, 1),
(3817, 982, '/img/produtos/0982001.jpg', 0, 0, 1),
(3818, 982, '/img/produtos/0982002.jpg', 0, 0, 1),
(3821, 952, '/img/produtos/0952001.jpg', 1, 3, 1),
(3823, 952, '/img/produtos/0952002.jpg', 0, 2, 1),
(3824, 952, '/img/produtos/0952003.jpg', 0, 0, 1),
(3825, 972, '/img/produtos/0972005.jpg', 1, 5, 1),
(3826, 972, '/img/produtos/0972006.jpg', 1, 6, 1),
(3827, 973, '/img/produtos/0973004.jpg', 1, 5, 1),
(3828, 973, '/img/produtos/0973005.jpg', 1, 4, 1),
(3829, 983, '/img/produtos/0983001.png', 0, 1, 1),
(3830, 983, '/img/produtos/0983001.jpg', 0, 3, 1),
(3831, 983, '/img/produtos/0983002.jpg', 0, 2, 1),
(3832, 983, '/img/produtos/0983003.jpg', 0, 4, 1),
(3834, 983, '/img/produtos/0983004.jpg', 1, 5, 1),
(3836, 984, '/img/produtos/0984002.jpg', 0, 0, 1),
(3837, 984, '/img/produtos/0984003.jpg', 0, 0, 1),
(3838, 984, '/img/produtos/0984004.jpg', 0, 0, 1),
(3841, 984, '/img/produtos/0984001.jpg', 0, 0, 1),
(3847, 986, '/img/produtos/0986001.jpg', 0, 3, 1),
(3849, 986, '/img/produtos/0986003.jpg', 0, 1, 1),
(3850, 986, '/img/produtos/0986004.jpg', 0, 2, 1),
(3851, 986, '/img/produtos/0986002.jpg', 0, 4, 1),
(3852, 985, '/img/produtos/0985001.jpg', 0, 0, 1),
(3853, 985, '/img/produtos/0985002.jpg', 0, 0, 1),
(3854, 985, '/img/produtos/0985003.jpg', 0, 0, 1),
(3855, 985, '/img/produtos/0985004.jpg', 0, 0, 1),
(3856, 985, '/img/produtos/0985005.jpg', 0, 0, 1),
(3857, 987, '/img/produtos/0987001.jpg', 0, 2, 1),
(3858, 987, '/img/produtos/0987002.jpg', 0, 1, 1),
(3859, 988, '/img/produtos/0988001.jpg', 0, 4, 1),
(3860, 988, '/img/produtos/0988002.jpg', 0, 3, 1),
(3861, 988, '/img/produtos/0988003.jpg', 0, 2, 1),
(3862, 988, '/img/produtos/0988004.jpg', 0, 1, 1),
(3863, 989, '/img/produtos/0989001.jpg', 0, 1, 1),
(3864, 989, '/img/produtos/0989002.jpg', 0, 2, 1),
(3865, 989, '/img/produtos/0989003.jpg', 0, 3, 1),
(3866, 989, '/img/produtos/0989004.jpg', 0, 4, 1),
(3867, 989, '/img/produtos/0989005.jpg', 1, 5, 1),
(3869, 990, '/img/produtos/0990002.jpg', 0, 2, 1),
(3870, 990, '/img/produtos/0990003.jpg', 0, 3, 1),
(3871, 990, '/img/produtos/0990004.jpg', 0, 4, 1),
(3872, 990, '/img/produtos/0990001.jpg', 0, 0, 1),
(3873, 991, '/img/produtos/0991001.jpg', 0, 2, 1),
(3874, 991, '/img/produtos/0991002.jpg', 0, 1, 1),
(3875, 992, '/img/produtos/0992001.jpg', 0, 7, 1),
(3876, 992, '/img/produtos/0992002.jpg', 0, 2, 1),
(3877, 992, '/img/produtos/0992003.jpg', 0, 3, 1),
(3878, 992, '/img/produtos/0992004.jpg', 0, 6, 1),
(3879, 992, '/img/produtos/0992005.jpg', 0, 5, 1),
(3880, 992, '/img/produtos/0992006.jpg', 0, 4, 1),
(3881, 992, '/img/produtos/0992007.jpg', 0, 1, 1),
(3882, 993, '/img/produtos/0993001.jpg', 0, 7, 1),
(3883, 993, '/img/produtos/0993002.jpg', 0, 2, 1),
(3884, 993, '/img/produtos/0993003.jpg', 0, 3, 1),
(3885, 993, '/img/produtos/0993004.jpg', 0, 6, 1),
(3886, 993, '/img/produtos/0993005.jpg', 0, 5, 1),
(3887, 993, '/img/produtos/0993006.jpg', 0, 4, 1),
(3888, 993, '/img/produtos/0993007.jpg', 0, 1, 1),
(3889, 994, '/img/produtos/0994001.jpg', 1, 8, 1),
(3890, 994, '/img/produtos/0994002.jpg', 0, 7, 1),
(3891, 994, '/img/produtos/0994003.jpg', 0, 2, 1),
(3892, 994, '/img/produtos/0994004.jpg', 0, 3, 1),
(3893, 994, '/img/produtos/0994005.jpg', 0, 6, 1),
(3894, 994, '/img/produtos/0994006.jpg', 0, 5, 1),
(3895, 994, '/img/produtos/0994007.jpg', 0, 4, 1),
(3896, 994, '/img/produtos/0994008.jpg', 0, 1, 1),
(3897, 995, '/img/produtos/0995001.jpg', 0, 1, 1),
(3898, 995, '/img/produtos/0995002.jpg', 0, 3, 1),
(3899, 995, '/img/produtos/0995003.jpg', 0, 2, 1),
(3900, 995, '/img/produtos/0995004.jpg', 0, 4, 1),
(3901, 995, '/img/produtos/0995005.jpg', 0, 5, 1),
(3903, 996, '/img/produtos/0996002.jpg', 0, 5, 1),
(3904, 996, '/img/produtos/0996003.jpg', 0, 4, 1),
(3905, 996, '/img/produtos/0996004.jpg', 0, 2, 1),
(3906, 996, '/img/produtos/0996005.jpg', 0, 3, 1),
(3907, 996, '/img/produtos/0996006.jpg', 0, 1, 1),
(3908, 997, '/img/produtos/0997001.jpg', 0, 3, 1),
(3910, 997, '/img/produtos/0997003.jpg', 0, 4, 1),
(3911, 997, '/img/produtos/0997004.jpg', 0, 2, 1),
(3913, 997, '/img/produtos/0997002.jpg', 0, 0, 1),
(3914, 998, '/img/produtos/0998001.jpg', 0, 4, 1),
(3915, 998, '/img/produtos/0998002.jpg', 0, 2, 1),
(3916, 998, '/img/produtos/0998003.jpg', 0, 3, 1),
(3917, 998, '/img/produtos/0998004.jpg', 0, 1, 1),
(3918, 999, '/img/produtos/0999001.jpg', 0, 2, 1),
(3919, 999, '/img/produtos/0999002.jpg', 0, 4, 1),
(3920, 999, '/img/produtos/0999003.jpg', 0, 3, 1),
(3921, 999, '/img/produtos/0999004.jpg', 0, 1, 1),
(3922, 1000, '/img/produtos/1000001.jpg', 0, 4, 1),
(3923, 1000, '/img/produtos/1000002.jpg', 0, 3, 1),
(3924, 1000, '/img/produtos/1000003.jpg', 0, 2, 1),
(3925, 1000, '/img/produtos/1000004.jpg', 0, 1, 1),
(3926, 1001, '/img/produtos/1001001.jpg', 0, 0, 1),
(3927, 1002, '/img/produtos/1002001.jpg', 0, 0, 1),
(3929, 1003, '/img/produtos/1003001.jpg', 0, 4, 1),
(3930, 1003, '/img/produtos/1003002.jpg', 0, 1, 1),
(3931, 1003, '/img/produtos/1003003.jpg', 0, 2, 1),
(3932, 1003, '/img/produtos/1003004.jpg', 0, 3, 1),
(3933, 1004, '/img/produtos/1004001.jpg', 0, 4, 1),
(3934, 1004, '/img/produtos/1004002.jpg', 0, 1, 1),
(3935, 1004, '/img/produtos/1004003.jpg', 0, 2, 1),
(3936, 1004, '/img/produtos/1004004.jpg', 0, 3, 1),
(3937, 1005, '/img/produtos/1005001.jpg', 1, 5, 1),
(3938, 1005, '/img/produtos/1005002.jpg', 0, 1, 1),
(3939, 1005, '/img/produtos/1005003.jpg', 0, 2, 1),
(3940, 1005, '/img/produtos/1005004.jpg', 0, 3, 1),
(3941, 1005, '/img/produtos/1005005.jpg', 0, 4, 1),
(3943, 1006, '/img/produtos/1006002.jpg', 0, 1, 1),
(3944, 1006, '/img/produtos/1006003.jpg', 0, 2, 1),
(3945, 1006, '/img/produtos/1006004.jpg', 0, 3, 1),
(3946, 1006, '/img/produtos/1006005.jpg', 0, 4, 1),
(3947, 1007, '/img/produtos/1007001.jpg', 0, 5, 1),
(3948, 1007, '/img/produtos/1007002.jpg', 0, 1, 1),
(3949, 1007, '/img/produtos/1007003.jpg', 0, 2, 1),
(3950, 1007, '/img/produtos/1007004.jpg', 0, 3, 1),
(3951, 1007, '/img/produtos/1007005.jpg', 0, 4, 1),
(3952, 1008, '/img/produtos/1008001.jpg', 0, 3, 1),
(3953, 1008, '/img/produtos/1008002.jpg', 0, 2, 1),
(3954, 1008, '/img/produtos/1008003.jpg', 0, 1, 1),
(3956, 1009, '/img/produtos/1009002.jpg', 0, 1, 1),
(3957, 1009, '/img/produtos/1009003.jpg', 0, 2, 1),
(3958, 1009, '/img/produtos/1009004.jpg', 0, 3, 1),
(3959, 1009, '/img/produtos/1009001.jpg', 0, 4, 1),
(3960, 1010, '/img/produtos/1010001.jpg', 0, 0, 1),
(3961, 1010, '/img/produtos/1010002.jpg', 0, 0, 1),
(3962, 1010, '/img/produtos/1010003.jpg', 0, 0, 1),
(3963, 1010, '/img/produtos/1010004.jpg', 0, 0, 1),
(3964, 1012, '/img/produtos/1012001.jpg', 0, 0, 1),
(3965, 1012, '/img/produtos/1012002.jpg', 0, 0, 1),
(3966, 1012, '/img/produtos/1012003.jpg', 0, 0, 1),
(3967, 1012, '/img/produtos/1012004.jpg', 0, 0, 1),
(3973, 1013, '/img/produtos/1013006.jpg', 0, 4, 1),
(3978, 1014, '/img/produtos/1014005.jpg', 0, 5, 1),
(3979, 1013, '/img/produtos/1013007.jpg', 0, 5, 1),
(4004, 1013, '/img/produtos/1013001.jpg', 0, 2, 1),
(4005, 1013, '/img/produtos/1013002.jpg', 0, 3, 1),
(4006, 1013, '/img/produtos/1013003.jpg', 0, 1, 1),
(4007, 1014, '/img/produtos/1014001.jpg', 0, 0, 1),
(4008, 1014, '/img/produtos/1014002.jpg', 0, 0, 1),
(4009, 1014, '/img/produtos/1014003.jpg', 0, 0, 1),
(4010, 1014, '/img/produtos/1014004.jpg', 0, 0, 1),
(4012, 1016, '/img/produtos/1016002.jpg', 0, 2, 1),
(4014, 1020, '/img/produtos/1020002.jpg', 0, 3, 1),
(4020, 1023, '/img/produtos/1023002.jpg', 0, 3, 1),
(4021, 1024, '/img/produtos/1024001.jpg', 0, 0, 1),
(4022, 1025, '/img/produtos/1025001.jpg', 0, 0, 1),
(4023, 1026, '/img/produtos/1026001.jpg', 0, 0, 1),
(4024, 1026, '/img/produtos/1026002.jpg', 0, 0, 1),
(4025, 1026, '/img/produtos/1026003.jpg', 0, 0, 1),
(4026, 1027, '/img/produtos/1027001.jpg', 0, 0, 1),
(4027, 1027, '/img/produtos/1027002.jpg', 0, 0, 1),
(4028, 1027, '/img/produtos/1027003.jpg', 0, 0, 1),
(4029, 1028, '/img/produtos/1028001.jpg', 0, 0, 1),
(4030, 1028, '/img/produtos/1028002.jpg', 0, 0, 1),
(4031, 1028, '/img/produtos/1028003.jpg', 0, 0, 1),
(4032, 1028, '/img/produtos/1028004.jpg', 0, 0, 1),
(4040, 1023, '/img/produtos/1023001.jpg', 0, 0, 1),
(4041, 1016, '/img/produtos/1016001.jpg', 0, 1, 1),
(4043, 1020, '/img/produtos/1020001.jpg', 0, 0, 1),
(4046, 1029, '/img/produtos/1029001.jpg', 0, 0, 1),
(4047, 1029, '/img/produtos/1029002.jpg', 0, 0, 1),
(4048, 1029, '/img/produtos/1029003.jpg', 0, 0, 1),
(4049, 1030, '/img/produtos/1030001.jpg', 0, 0, 1),
(4050, 1030, '/img/produtos/1030002.jpg', 0, 0, 1),
(4051, 1031, '/img/produtos/1031001.jpg', 0, 0, 1),
(4052, 1031, '/img/produtos/1031002.jpg', 0, 0, 1),
(4053, 1032, '/img/produtos/1032001.jpg', 0, 0, 1),
(4054, 1032, '/img/produtos/1032002.jpg', 0, 0, 1),
(4055, 1032, '/img/produtos/1032003.jpg', 0, 0, 1),
(4056, 1033, '/img/produtos/1033001.jpg', 0, 0, 1),
(4057, 1033, '/img/produtos/1033002.jpg', 0, 0, 1),
(4058, 1033, '/img/produtos/1033003.jpg', 0, 0, 1),
(4059, 1034, '/img/produtos/1034001.jpg', 0, 0, 1),
(4060, 1034, '/img/produtos/1034002.jpg', 0, 0, 1),
(4061, 1034, '/img/produtos/1034003.jpg', 0, 0, 1),
(4062, 1035, '/img/produtos/1035001.jpg', 0, 0, 1),
(4063, 1035, '/img/produtos/1035002.jpg', 0, 0, 1),
(4064, 1035, '/img/produtos/1035003.jpg', 0, 0, 1),
(4072, 1039, '/img/produtos/1039001.jpg', 0, 0, 1),
(4073, 1039, '/img/produtos/1039002.jpg', 0, 0, 1),
(4074, 1040, '/img/produtos/1040001.jpg', 0, 0, 1),
(4075, 1040, '/img/produtos/1040002.jpg', 0, 0, 1),
(4076, 1041, '/img/produtos/1041001.jpg', 0, 0, 1),
(4077, 1041, '/img/produtos/1041002.jpg', 0, 0, 1),
(4078, 1042, '/img/produtos/1042001.jpg', 0, 0, 1),
(4079, 1042, '/img/produtos/1042002.jpg', 0, 0, 1),
(4080, 1042, '/img/produtos/1042003.jpg', 0, 0, 1),
(4081, 1043, '/img/produtos/1043001.jpg', 0, 0, 1),
(4082, 1043, '/img/produtos/1043002.jpg', 0, 0, 1),
(4083, 1044, '/img/produtos/1044001.jpg', 0, 0, 1),
(4084, 1044, '/img/produtos/1044002.jpg', 0, 0, 1),
(4085, 1045, '/img/produtos/1045001.jpg', 0, 0, 1),
(4086, 1045, '/img/produtos/1045002.jpg', 0, 0, 1),
(4087, 1045, '/img/produtos/1045003.jpg', 0, 0, 1),
(4088, 1046, '/img/produtos/1046001.jpg', 0, 0, 1),
(4089, 1046, '/img/produtos/1046002.jpg', 0, 0, 1),
(4090, 1047, '/img/produtos/1047001.jpg', 0, 0, 1),
(4091, 1048, '/img/produtos/1048001.jpg', 0, 0, 1),
(4092, 1048, '/img/produtos/1048002.jpg', 0, 0, 1),
(4093, 1048, '/img/produtos/1048003.jpg', 0, 0, 1),
(4094, 1049, '/img/produtos/1049001.jpg', 0, 0, 1),
(4095, 1049, '/img/produtos/1049002.jpg', 0, 0, 1),
(4096, 1050, '/img/produtos/1050001.jpg', 0, 0, 1),
(4097, 1050, '/img/produtos/1050002.jpg', 0, 0, 1),
(4098, 1050, '/img/produtos/1050003.jpg', 0, 0, 1),
(4101, 1036, '/img/produtos/1036003.png', 0, 3, 1),
(4102, 1036, '/img/produtos/1036001.png', 0, 1, 1),
(4103, 1036, '/img/produtos/1036002.png', 0, 2, 1),
(4104, 1038, '/img/produtos/1038001.png', 0, 0, 1),
(4105, 1038, '/img/produtos/1038002.png', 0, 0, 1),
(4106, 1038, '/img/produtos/1038003.png', 0, 0, 1),
(4107, 1037, '/img/produtos/1037001.png', 0, 0, 1),
(4108, 1037, '/img/produtos/1037002.png', 0, 0, 1),
(4109, 1037, '/img/produtos/1037003.png', 0, 0, 1),
(4110, 1037, '/img/produtos/1037004.png', 0, 0, 1),
(4121, 1052, '/img/produtos/1052001.jpg', 0, 0, 1),
(4122, 1052, '/img/produtos/1052002.jpg', 0, 0, 1),
(4124, 1053, '/img/produtos/1053001.jpg', 0, 0, 1),
(4125, 1053, '/img/produtos/1053002.jpg', 0, 0, 1),
(4126, 1052, '/img/produtos/1052003.jpg', 1, 0, 1),
(4127, 1053, '/img/produtos/1053003.jpg', 1, 0, 1),
(4132, 1054, '/img/produtos/1054002.jpg', 0, 2, 1),
(4133, 1054, '/img/produtos/1054003.jpg', 1, 3, 1),
(4135, 1054, '/img/produtos/1054004.jpg', 0, 0, 1),
(4136, 1054, '/img/produtos/1054001.jpg', 0, 0, 1),
(4138, 1055, '/img/produtos/1055002.jpg', 0, 3, 1),
(4139, 1055, '/img/produtos/1055003.jpg', 0, 4, 1),
(4141, 1055, '/img/produtos/1055001.jpg', 0, 2, 1),
(4142, 1055, '/img/produtos/1055004.jpg', 0, 1, 1),
(4143, 1056, '/img/produtos/1056001.jpg', 0, 2, 1),
(4144, 1056, '/img/produtos/1056002.jpg', 0, 5, 1),
(4148, 1056, '/img/produtos/1056004.jpg', 0, 1, 1),
(4149, 1056, '/img/produtos/1056005.jpg', 0, 4, 1),
(4150, 1056, '/img/produtos/1056006.jpg', 0, 3, 1),
(4152, 1057, '/img/produtos/1057002.jpg', 0, 2, 1),
(4153, 1057, '/img/produtos/1057003.jpg', 0, 3, 1),
(4154, 1057, '/img/produtos/1057001.jpg', 0, 1, 1),
(4155, 1058, '/img/produtos/1058001.jpg', 0, 2, 1),
(4156, 1058, '/img/produtos/1058002.jpg', 0, 1, 1),
(4157, 1058, '/img/produtos/1058003.jpg', 0, 3, 1),
(4158, 1059, '/img/produtos/1059001.jpg', 0, 2, 1),
(4159, 1059, '/img/produtos/1059002.jpg', 0, 3, 1),
(4160, 1059, '/img/produtos/1059003.jpg', 0, 1, 1),
(4161, 1060, '/img/produtos/1060001.jpg', 0, 3, 1),
(4162, 1060, '/img/produtos/1060002.jpg', 0, 4, 1),
(4163, 1060, '/img/produtos/1060003.jpg', 0, 5, 1),
(4164, 1060, '/img/produtos/1060004.jpg', 0, 1, 1),
(4165, 1060, '/img/produtos/1060005.jpg', 0, 2, 1),
(4166, 1061, '/img/produtos/1061001.jpg', 0, 0, 1),
(4167, 1061, '/img/produtos/1061002.jpg', 0, 0, 1),
(4168, 1062, '/img/produtos/1062001.jpg', 0, 2, 1),
(4169, 1062, '/img/produtos/1062002.jpg', 0, 1, 1),
(4170, 1062, '/img/produtos/1062003.jpg', 0, 3, 1),
(4171, 1063, '/img/produtos/1063001.jpg', 0, 2, 1),
(4172, 1063, '/img/produtos/1063002.jpg', 0, 3, 1),
(4173, 1063, '/img/produtos/1063003.jpg', 0, 4, 1),
(4174, 1063, '/img/produtos/1063004.jpg', 0, 1, 1),
(4175, 1064, '/img/produtos/1064001.jpg', 0, 2, 1),
(4176, 1064, '/img/produtos/1064002.jpg', 0, 1, 1),
(4177, 1064, '/img/produtos/1064003.jpg', 0, 3, 1),
(4178, 1065, '/img/produtos/1065001.jpg', 0, 2, 1),
(4179, 1065, '/img/produtos/1065002.jpg', 0, 1, 1),
(4180, 1066, '/img/produtos/1066001.jpg', 0, 0, 1),
(4181, 1067, '/img/produtos/1067001.jpg', 0, 0, 1),
(4182, 1068, '/img/produtos/1068001.jpg', 0, 2, 1),
(4183, 1068, '/img/produtos/1068002.jpg', 0, 1, 1),
(4187, 1069, '/img/produtos/1069001.jpg', 0, 1, 1),
(4188, 1069, '/img/produtos/1069002.jpg', 0, 3, 1),
(4189, 1069, '/img/produtos/1069003.jpg', 0, 2, 1),
(4190, 1070, '/img/produtos/1070001.jpg', 0, 2, 1),
(4191, 1070, '/img/produtos/1070002.jpg', 0, 1, 1),
(4192, 1070, '/img/produtos/1070003.jpg', 0, 3, 1),
(4193, 1071, '/img/produtos/1071001.jpg', 0, 3, 1),
(4194, 1071, '/img/produtos/1071002.jpg', 0, 1, 1),
(4195, 1071, '/img/produtos/1071003.jpg', 0, 2, 1),
(4197, 1072, '/img/produtos/1072002.jpg', 0, 4, 1),
(4198, 1072, '/img/produtos/1072003.jpg', 0, 2, 1),
(4199, 1072, '/img/produtos/1072004.jpg', 0, 1, 1),
(4200, 1073, '/img/produtos/1073001.jpg', 0, 0, 1),
(4201, 1074, '/img/produtos/1074001.jpg', 0, 0, 1),
(4202, 1074, '/img/produtos/1074002.jpg', 0, 0, 1),
(4203, 1075, '/img/produtos/1075001.jpg', 0, 0, 1),
(4206, 1075, '/img/produtos/1075003.jpg', 0, 0, 1),
(4207, 1075, '/img/produtos/1075002.jpg', 0, 0, 1),
(4208, 1076, '/img/produtos/1076001.jpg', 0, 2, 1),
(4210, 1076, '/img/produtos/1076003.jpg', 0, 3, 1),
(4211, 1076, '/img/produtos/1076002.jpg', 0, 0, 1),
(4212, 1077, '/img/produtos/1077001.jpg', 0, 2, 1),
(4213, 1077, '/img/produtos/1077002.jpg', 0, 1, 1),
(4214, 1078, '/img/produtos/1078001.jpg', 0, 2, 1),
(4216, 1078, '/img/produtos/1078003.jpg', 0, 3, 1),
(4217, 1078, '/img/produtos/1078002.jpg', 0, 1, 1),
(4218, 1008, '/img/produtos/1008004.jpg', 0, 0, 1),
(4219, 1008, '/img/produtos/1008005.jpg', 0, 0, 1),
(4220, 666, '/img/produtos/0666002.jpg', 0, 0, 1),
(4221, 666, '/img/produtos/0666003.jpg', 0, 0, 1),
(4222, 666, '/img/produtos/0666004.jpg', 0, 0, 1),
(4223, 1079, '/img/produtos/1079001.jpg', 0, 0, 1),
(4224, 1079, '/img/produtos/1079002.jpg', 0, 0, 1),
(4225, 1080, '/img/produtos/1080001.jpg', 0, 0, 1),
(4226, 1080, '/img/produtos/1080002.jpg', 0, 0, 1),
(4227, 1080, '/img/produtos/1080003.jpg', 0, 0, 1),
(4230, 1082, '/img/produtos/1082001.jpg', 0, 0, 1),
(4231, 1082, '/img/produtos/1082002.jpg', 0, 0, 1),
(4232, 1083, '/img/produtos/1083001.jpg', 0, 0, 1),
(4233, 1083, '/img/produtos/1083002.jpg', 0, 0, 1),
(4234, 1084, '/img/produtos/1084001.jpg', 0, 0, 1),
(4235, 1084, '/img/produtos/1084002.jpg', 0, 0, 1),
(4236, 1084, '/img/produtos/1084003.jpg', 0, 0, 1),
(4237, 1085, '/img/produtos/1085001.jpg', 0, 0, 1),
(4238, 1085, '/img/produtos/1085002.jpg', 0, 0, 1),
(4239, 1085, '/img/produtos/1085003.jpg', 0, 0, 1),
(4240, 1086, '/img/produtos/1086001.jpg', 0, 0, 1),
(4241, 1086, '/img/produtos/1086002.jpg', 0, 0, 1),
(4242, 1086, '/img/produtos/1086003.jpg', 0, 0, 1),
(4243, 1087, '/img/produtos/1087001.jpg', 0, 0, 1),
(4244, 1087, '/img/produtos/1087002.jpg', 0, 0, 1),
(4245, 1088, '/img/produtos/1088001.jpg', 0, 0, 1),
(4246, 1089, '/img/produtos/1089001.jpg', 0, 0, 1),
(4247, 1089, '/img/produtos/1089002.jpg', 0, 0, 1),
(4248, 1089, '/img/produtos/1089003.jpg', 0, 0, 1),
(4249, 1089, '/img/produtos/1089004.jpg', 0, 0, 1),
(4250, 1089, '/img/produtos/1089005.jpg', 0, 0, 1),
(4251, 1090, '/img/produtos/1090001.jpg', 0, 0, 1),
(4252, 1090, '/img/produtos/1090002.jpg', 0, 0, 1),
(4253, 1090, '/img/produtos/1090003.jpg', 0, 0, 1),
(4254, 1090, '/img/produtos/1090004.jpg', 0, 0, 1),
(4255, 1090, '/img/produtos/1090005.jpg', 0, 0, 1),
(4256, 1091, '/img/produtos/1091001.jpg', 0, 0, 1),
(4257, 1091, '/img/produtos/1091002.jpg', 0, 0, 1),
(4260, 1092, '/img/produtos/1092001.jpg', 0, 0, 1),
(4261, 1092, '/img/produtos/1092002.jpg', 0, 0, 1),
(4262, 1093, '/img/produtos/1093001.jpg', 0, 0, 1),
(4263, 1093, '/img/produtos/1093002.jpg', 0, 0, 1),
(4266, 1094, '/img/produtos/1094001.jpg', 0, 0, 1),
(4267, 1094, '/img/produtos/1094002.jpg', 0, 0, 1),
(4268, 1095, '/img/produtos/1095001.jpg', 0, 0, 1),
(4269, 1095, '/img/produtos/1095002.jpg', 0, 0, 1),
(4270, 1095, '/img/produtos/1095003.jpg', 0, 0, 1),
(4271, 1096, '/img/produtos/1096001.jpg', 0, 2, 1),
(4272, 1096, '/img/produtos/1096002.jpg', 0, 1, 1),
(4273, 1096, '/img/produtos/1096003.jpg', 0, 3, 1),
(4274, 1097, '/img/produtos/1097001.jpg', 0, 0, 1),
(4275, 1097, '/img/produtos/1097002.jpg', 0, 0, 1),
(4276, 1097, '/img/produtos/1097003.jpg', 0, 0, 1),
(4277, 1097, '/img/produtos/1097004.jpg', 0, 0, 1),
(4278, 1098, '/img/produtos/1098001.jpg', 0, 0, 1),
(4279, 1099, '/img/produtos/1099001.jpg', 0, 0, 1),
(4280, 1099, '/img/produtos/1099002.jpg', 0, 0, 1),
(4281, 1099, '/img/produtos/1099003.jpg', 0, 0, 1),
(4282, 1099, '/img/produtos/1099004.jpg', 0, 0, 1),
(4283, 1100, '/img/produtos/1100001.jpg', 0, 2, 1),
(4284, 1100, '/img/produtos/1100002.jpg', 0, 3, 1),
(4285, 1100, '/img/produtos/1100003.jpg', 0, 4, 1),
(4286, 1100, '/img/produtos/1100004.jpg', 0, 5, 1),
(4287, 1100, '/img/produtos/1100005.jpg', 0, 6, 1),
(4288, 1100, '/img/produtos/1100006.jpg', 0, 1, 1),
(4289, 1101, '/img/produtos/1101001.jpg', 0, 0, 1),
(4290, 1101, '/img/produtos/1101002.jpg', 0, 0, 1),
(4291, 1101, '/img/produtos/1101003.jpg', 0, 0, 1),
(4292, 1102, '/img/produtos/1102001.jpg', 0, 3, 1),
(4293, 1102, '/img/produtos/1102002.jpg', 0, 1, 1),
(4294, 1102, '/img/produtos/1102003.jpg', 0, 2, 1),
(4295, 1103, '/img/produtos/1103001.jpg', 0, 0, 1),
(4296, 1103, '/img/produtos/1103002.jpg', 0, 0, 1),
(4297, 1103, '/img/produtos/1103003.jpg', 0, 0, 1),
(4298, 1104, '/img/produtos/1104001.jpg', 0, 0, 1),
(4299, 1104, '/img/produtos/1104002.jpg', 0, 0, 1),
(4300, 1104, '/img/produtos/1104003.jpg', 0, 0, 1),
(4301, 1105, '/img/produtos/1105001.jpg', 0, 0, 1),
(4302, 1105, '/img/produtos/1105002.jpg', 0, 0, 1),
(4303, 1105, '/img/produtos/1105003.jpg', 0, 0, 1),
(4304, 1106, '/img/produtos/1106001.jpg', 0, 0, 1),
(4305, 1106, '/img/produtos/1106002.jpg', 0, 0, 1),
(4306, 1106, '/img/produtos/1106003.jpg', 0, 0, 1),
(4307, 1106, '/img/produtos/1106004.jpg', 0, 0, 1),
(4309, 1107, '/img/produtos/1107002.jpg', 0, 3, 1),
(4310, 1107, '/img/produtos/1107003.jpg', 0, 4, 1),
(4311, 1107, '/img/produtos/1107004.jpg', 1, 5, 1),
(4327, 1112, '/img/produtos/1112004.jpg', 0, 2, 1),
(4328, 1112, '/img/produtos/1112005.jpg', 0, 3, 1),
(4329, 1112, '/img/produtos/1112006.jpg', 0, 4, 1),
(4352, 1115, '/img/produtos/1115001.jpg', 0, 0, 1),
(4353, 1115, '/img/produtos/1115002.jpg', 0, 0, 1),
(4354, 1115, '/img/produtos/1115003.jpg', 0, 0, 1),
(4355, 1115, '/img/produtos/1115004.jpg', 0, 0, 1),
(4360, 1116, '/img/produtos/1116001.jpg', 0, 0, 1),
(4361, 1116, '/img/produtos/1116002.jpg', 0, 0, 1),
(4362, 1116, '/img/produtos/1116003.jpg', 0, 0, 1),
(4364, 1111, '/img/produtos/1111002.jpg', 0, 2, 1),
(4365, 1111, '/img/produtos/1111003.jpg', 0, 3, 1),
(4366, 1111, '/img/produtos/1111004.jpg', 0, 4, 1),
(4367, 1112, '/img/produtos/1112001.jpg', 0, 1, 1),
(4368, 1112, '/img/produtos/1112002.jpg', 0, 5, 1),
(4369, 1112, '/img/produtos/1112003.jpg', 0, 6, 1),
(4374, 1117, '/img/produtos/1117001.jpg', 0, 0, 1),
(4375, 1117, '/img/produtos/1117002.jpg', 0, 0, 1),
(4376, 1117, '/img/produtos/1117003.jpg', 0, 0, 1),
(4377, 1118, '/img/produtos/1118001.jpg', 0, 2, 1),
(4378, 1118, '/img/produtos/1118002.jpg', 0, 1, 1),
(4379, 1118, '/img/produtos/1118003.jpg', 0, 3, 1),
(4380, 1119, '/img/produtos/1119001.jpg', 0, 2, 1),
(4381, 1119, '/img/produtos/1119002.jpg', 0, 3, 1),
(4382, 1119, '/img/produtos/1119003.jpg', 0, 1, 1),
(4383, 1120, '/img/produtos/1120001.jpg', 0, 0, 1),
(4384, 1120, '/img/produtos/1120002.jpg', 0, 0, 1),
(4385, 1121, '/img/produtos/1121001.jpg', 0, 0, 1),
(4386, 1121, '/img/produtos/1121002.jpg', 0, 0, 1),
(4387, 1121, '/img/produtos/1121003.jpg', 0, 0, 1),
(4388, 1121, '/img/produtos/1121004.jpg', 0, 0, 1),
(4389, 1122, '/img/produtos/1122001.jpg', 0, 2, 1),
(4390, 1122, '/img/produtos/1122002.jpg', 0, 3, 1),
(4392, 1122, '/img/produtos/1122004.jpg', 0, 4, 1),
(4393, 1122, '/img/produtos/1122003.jpg', 0, 1, 1),
(4394, 1123, '/img/produtos/1123001.jpg', 0, 2, 1),
(4395, 1123, '/img/produtos/1123002.jpg', 0, 1, 1),
(4396, 1124, '/img/produtos/1124001.jpg', 0, 2, 1),
(4397, 1124, '/img/produtos/1124002.jpg', 0, 3, 1),
(4398, 1124, '/img/produtos/1124003.jpg', 0, 4, 1),
(4399, 1124, '/img/produtos/1124004.jpg', 0, 5, 1),
(4400, 1125, '/img/produtos/1125001.jpg', 0, 2, 1),
(4401, 1125, '/img/produtos/1125002.jpg', 0, 3, 1),
(4402, 1125, '/img/produtos/1125003.jpg', 0, 4, 1),
(4403, 1126, '/img/produtos/1126001.jpg', 0, 2, 1),
(4404, 1126, '/img/produtos/1126002.jpg', 0, 3, 1),
(4405, 1126, '/img/produtos/1126003.jpg', 0, 4, 1),
(4406, 1127, '/img/produtos/1127001.jpg', 0, 2, 1),
(4407, 1127, '/img/produtos/1127002.jpg', 0, 1, 1),
(4408, 1128, '/img/produtos/1128001.jpg', 0, 0, 1),
(4409, 1128, '/img/produtos/1128002.jpg', 0, 0, 1),
(4410, 1129, '/img/produtos/1129001.jpg', 0, 0, 1),
(4411, 1129, '/img/produtos/1129002.jpg', 0, 0, 1),
(4412, 1129, '/img/produtos/1129003.jpg', 0, 0, 1),
(4413, 1129, '/img/produtos/1129004.jpg', 0, 0, 1),
(4414, 1129, '/img/produtos/1129005.jpg', 0, 0, 1),
(4415, 1130, '/img/produtos/1130001.jpg', 0, 0, 1),
(4416, 1130, '/img/produtos/1130002.jpg', 0, 0, 1),
(4417, 1131, '/img/produtos/1131001.jpg', 0, 0, 1),
(4418, 1131, '/img/produtos/1131002.jpg', 0, 0, 1),
(4419, 1132, '/img/produtos/1132001.jpg', 0, 0, 1),
(4420, 1132, '/img/produtos/1132002.jpg', 0, 0, 1),
(4421, 1132, '/img/produtos/1132003.jpg', 0, 0, 1),
(4422, 1133, '/img/produtos/1133001.jpg', 0, 0, 1),
(4423, 1133, '/img/produtos/1133002.jpg', 0, 0, 1),
(4424, 1134, '/img/produtos/1134001.jpg', 0, 0, 1),
(4425, 1134, '/img/produtos/1134002.jpg', 0, 0, 1),
(4426, 1135, '/img/produtos/1135001.jpg', 0, 0, 1),
(4427, 1135, '/img/produtos/1135002.jpg', 0, 0, 1),
(4428, 1124, '/img/produtos/1124005.jpg', 0, 1, 1),
(4429, 1125, '/img/produtos/1125004.jpg', 0, 1, 1),
(4430, 1126, '/img/produtos/1126004.jpg', 0, 1, 1),
(4432, 1111, '/img/produtos/1111005.jpg', 0, 0, 1),
(4433, 1136, '/img/produtos/1136001.jpg', 0, 0, 1),
(4436, 1138, '/img/produtos/1138001.jpg', 0, 0, 1),
(4437, 1137, '/img/produtos/1137001.jpg', 0, 0, 1),
(4438, 1139, '/img/produtos/1139001.jpg', 0, 0, 1),
(4439, 1140, '/img/produtos/1140001.jpg', 0, 0, 1),
(4441, 1142, '/img/produtos/1142001.jpg', 0, 0, 1),
(4442, 1141, '/img/produtos/1141001.jpg', 0, 0, 1),
(4443, 1143, '/img/produtos/1143001.jpg', 0, 0, 1),
(4444, 1144, '/img/produtos/1144001.jpg', 0, 0, 1),
(4445, 1145, '/img/produtos/1145001.jpg', 0, 0, 1),
(4446, 1145, '/img/produtos/1145002.jpg', 0, 0, 1),
(4447, 1145, '/img/produtos/1145003.jpg', 0, 0, 1),
(4448, 1146, '/img/produtos/1146001.jpg', 0, 0, 1),
(4449, 1146, '/img/produtos/1146002.jpg', 0, 0, 1),
(4450, 1147, '/img/produtos/1147001.jpg', 0, 0, 1),
(4451, 1148, '/img/produtos/1148001.jpg', 0, 0, 1),
(4452, 1149, '/img/produtos/1149001.jpg', 0, 0, 1),
(4453, 1150, '/img/produtos/1150001.jpg', 0, 0, 1),
(4454, 1148, '/img/produtos/1148002.jpg', 0, 0, 1),
(4455, 1149, '/img/produtos/1149002.jpg', 0, 0, 1),
(4456, 1150, '/img/produtos/1150002.jpg', 0, 0, 1),
(4457, 1151, '/img/produtos/1151001.jpg', 0, 0, 1),
(4458, 1152, '/img/produtos/1152001.jpg', 0, 0, 1),
(4459, 1153, '/img/produtos/1153001.jpg', 0, 0, 1),
(4460, 1153, '/img/produtos/1153002.jpg', 0, 0, 1),
(4463, 1154, '/img/produtos/1154003.jpg', 0, 3, 1),
(4465, 1155, '/img/produtos/1155001.jpg', 0, 2, 1),
(4466, 1155, '/img/produtos/1155002.jpg', 0, 3, 1),
(4467, 1155, '/img/produtos/1155003.jpg', 0, 1, 1),
(4468, 1156, '/img/produtos/1156001.jpg', 0, 2, 1),
(4469, 1156, '/img/produtos/1156002.jpg', 0, 1, 1),
(4471, 1155, '/img/produtos/1155004.jpg', 0, 0, 1),
(4472, 1157, '/img/produtos/1157001.jpg', 0, 0, 1),
(4473, 1157, '/img/produtos/1157002.jpg', 0, 0, 1),
(4474, 1158, '/img/produtos/1158001.jpg', 0, 0, 1),
(4475, 1159, '/img/produtos/1159001.jpg', 0, 0, 1),
(4476, 1159, '/img/produtos/1159002.jpg', 0, 0, 1),
(4477, 1160, '/img/produtos/1160001.jpg', 0, 0, 1),
(4478, 1161, '/img/produtos/1161001.jpg', 0, 0, 1),
(4479, 1162, '/img/produtos/1162001.jpg', 0, 0, 1),
(4480, 1163, '/img/produtos/1163001.jpg', 0, 2, 1),
(4481, 1163, '/img/produtos/1163002.jpg', 0, 1, 1),
(4482, 1164, '/img/produtos/1164001.jpg', 0, 0, 1),
(4483, 1165, '/img/produtos/1165001.jpg', 0, 0, 1),
(4485, 1154, '/img/produtos/1154002.jpg', 0, 2, 1),
(4487, 1154, '/img/produtos/1154001.jpg', 0, 0, 1),
(4488, 1166, '/img/produtos/1166001.jpg', 0, 2, 1),
(4489, 1166, '/img/produtos/1166002.jpg', 0, 1, 1),
(4490, 1166, '/img/produtos/1166003.jpg', 0, 3, 1),
(4491, 1167, '/img/produtos/1167001.jpg', 0, 0, 1),
(4492, 1167, '/img/produtos/1167002.jpg', 0, 0, 1),
(4493, 1167, '/img/produtos/1167003.jpg', 0, 0, 1),
(4494, 1167, '/img/produtos/1167004.jpg', 0, 0, 1),
(4495, 1168, '/img/produtos/1168001.jpg', 0, 0, 1),
(4496, 1168, '/img/produtos/1168002.jpg', 0, 0, 1),
(4497, 1169, '/img/produtos/1169001.jpg', 0, 0, 1),
(4498, 1169, '/img/produtos/1169002.jpg', 0, 0, 1),
(4499, 1170, '/img/produtos/1170001.jpg', 0, 0, 1),
(4500, 1170, '/img/produtos/1170002.jpg', 0, 0, 1),
(4501, 1170, '/img/produtos/1170003.jpg', 0, 0, 1),
(4502, 1171, '/img/produtos/1171001.jpg', 0, 0, 1),
(4503, 1171, '/img/produtos/1171002.jpg', 0, 0, 1),
(4504, 1171, '/img/produtos/1171003.jpg', 0, 0, 1),
(4505, 1107, '/img/produtos/1107005.jpg', 0, 2, 1);

-- --------------------------------------------------------

--
-- Estrutura da tabela `projeto`
--

CREATE TABLE `projeto` (
  `id` bigint NOT NULL,
  `titulo_pt` text NOT NULL,
  `titulo_en` text NOT NULL,
  `nome_pt` text NOT NULL,
  `nome_en` text NOT NULL,
  `texto_pt` text NOT NULL,
  `texto_en` text NOT NULL,
  `ordem` int NOT NULL,
  `online` tinyint(1) NOT NULL
) ENGINE=InnoDB DEFAULT CHARSET=latin1;

--
-- Extraindo dados da tabela `projeto`
--

INSERT INTO `projeto` (`id`, `titulo_pt`, `titulo_en`, `nome_pt`, `nome_en`, `texto_pt`, `texto_en`, `ordem`, `online`) VALUES
(1, 'Quinta das \r\nMangueiras', 'Quinta das \r\nMangueiras', 'Apartamento Modelo, 2013 - Luanda', 'Model Apartment, 2013 - Luanda', 'O branco e o preto foram as cores de todo o projecto.', 'Black and white were the colors of the whole project.', 36, 1),
(2, 'Ternura em tons \r\nde rosa e salmão', 'Tenderness in shades\r\nof pink and salmon', 'Quarto de bébé, 2015 - Braga', 'Baby Room, 2015 - Braga', 'A luz natural, a harmonia do branco (presente em muitos dos elementos) e as pinceladas de rosa e salmão, conferem ternura e alegria a este quarto de menina.', 'The natural light, the harmony of the white (present in a lot of the elements) and the brush strokes of pink and salmon, confer terderness and joy to this girl room.', 35, 1),
(3, 'Berçário', 'Nursery', 'Berçário, 2015 - Braga', 'Berçário, 2015 - Braga', '', '', 29, 0),
(4, 'Edifício \r\nTorre Ambiente', 'Torre Ambiente\r\nBuilding', 'Escritório no Edifício Torre Ambiente, 2014, Luanda', 'Office on the Torre Ambiente Building, 2014, Luanda', '', '', 37, 1),
(5, 'Na \r\nSerra', 'On the\r\nMountains', 'Pousada da Covilhã, 2013 - Serra da Estrela', 'Covilhã INN, 2013 - Serra da Estrela', 'Num projecto da autoria do Arquitecto Souto Moura, a Ci foi chamada a fornecer e executar diversos elementos do mesmo. Confecção de cortinas, saias de mesa e coxins para espreguiçadeiras. Fornecimento de iluminação e mobiliário. Renovação de estofos e restauro de móveis antigos.', 'In a project authored by the Architect Souto Moura, Ci was called to supply and execute various elements of it. Making of curtains, tablecloths and cushions for sunbeds. Lighting and furniture supply. Upholstery and antique furniture renovation.', 33, 1),
(6, 'À conversa \r\ncom os animais', 'Talking\r\nwith animals', 'Quarto Infantil - \r\n2014 - Braga', 'Child Room - 2014 - Braga', 'Animais, muitos e de várias formas. Desde os troféus na parede, tapete e almofada, até aos puxadores dos móveis. Daí à escolha da madeira no seu estado quase natural, foi um passo. Dois tons de azul, a cor preferida do menino \"T\".', 'Animals, a lot and in different sizes. From the trophies on the wall, carpet and cushion, to furniture handles. From there to the choice of wood in its almost natural state, it was a step. Two tones of blue, little \"T\'s\" favourite color.', 31, 1),
(8, 'Descanso \r\nIntemporal', 'Timeless\r\nRest', 'Suite Particular, 2013 - Braga', 'Private Suite, 2013 - Braga', 'Uma suite de estilo contemporâneo, levemente masculino, projectada de forma intemporal...', 'A contemporary style, slightly masculine, suite designed in a timeless way...', 32, 1),
(9, 'Descontraído \r\ne Industrial', 'Relaxed\r\nand Industrial', 'Suite particular, 2015 - Braga', 'Private Suite, 2015 - Braga', 'Uma cabeceira de cama em tons neutros, inexistente até então.\r\nNa parede, papel texturado. Sobre ele, uma prateleira com tiras de couro que serviu de suporte à solução de iluminação adoptada, de estilo industrial.\r\nPara cabeceira de cama, uma solução em almofadas, que por não ser um elemento fixo, confere leveza e conforto ao conjunto.', 'A bedside in neutral tones, nonexistent until then.\r\nOn the wall textured paper. Above it, a shelf with leather straps that served as a support solution to the adopted lightning solution, of industrial style.\r\nFor the headboard, a solution in cushions, which for not being a fixed element, gives lightness and comfort to the room.', 30, 1),
(10, 'Para \r\nRelaxar', 'For\r\nRelaxing', 'Suite Particular, 2015 - Braga', 'Private Suite, 2015 - Braga', 'Uma suite para a qual se pretendia um estilo de hotel, onde se chega e se relaxa de imediato. Todo o mobiliário foi desenhado e desenvolvido em exclusivo para este projecto. Entre outros detalhes, peças personalizadas com detalhes em couro, fivelas e mapas, assumem a diferenciação.', 'A suite for which a hotel style was intended, where you arrive and immediately relax. All the furniture has been designed and developed exclusively for this project. Among other details, personalized pieces with leather details, buckles and maps, assume the differentiation.', 34, 1),
(23, 'Vamos ao\r\nPáteo?', 'Shall we go to\r\nPáteo?', 'Páteo, Restyling de restaurante, 2015 - braga', 'Páteo, Restaurant Restyling, 2015 - braga', 'O nome surgiu a partir dos tradicionais painéis de azulejo já existentes. A partir daí, desenrolou-se o processo criativo. Pretendia-se que  fosse elegante, acolhedor e descontraído. Detalhes de madeira, cadeiras contemporâneas, o modo de “vestir” as mesas, as flores campestres… tudo numa base de castanho chocolate e cinza antracite, conferiram ao “Páteo” a imagem orgânica que se pretendia.', 'The name came from the already existing traditional tile panels. From that, the creative process unfolded. It was intended to be elegant, cozy and relaxed. Wooden details, contemporary chairs, the \"dressing\" of tables, the country flowers… all on a brown and anthracite gray base, gave the “Páteo” the organic image that was intended.', 28, 1),
(24, 'Refúgio \r\nde Férias', 'Holiday\r\nGetaway', 'Morada Unifamiliar, 2015, Cascais', 'Single-family House, 2015, Cascais', 'Execução de projecto com modelação 3D e renderização', 'Project execution with 3D modeling and rendering', 25, 1),
(25, 'Uma \r\n“Nova Vida“', 'A\r\n\"New Life\"', 'Moradia Unifamiliar, 2014, Luanda (Urbanização Nova Vida)', 'Single-family House, 2014, Luanda (Nova Vida Urbanization)', 'Execução de projecto com modelação 3D e renderização', 'Project execution with 3D modeling and rendering', 26, 1),
(26, 'A Luz \r\ne a Cor', 'The Light\r\nand the Color', 'Restyling de Sala, 2015 - Braga', 'Living Room Restyling, 2015 - Braga', 'Substituindo o papel de parede e as soluções de iluminação tornamos o espaço mais claro e luminoso, em contraste com a madeira escura dos móveis existentes. A fotografia e as novas peças de decoração completaram o resultado pretendido. Acrescentamos ainda um pouco de cor através das almofadas e do abajur.', 'By replacing the wallpaper and lighting solutions we made the space more clear and bright, in contrast to the dark wood of the existing furniture. The photograph and the new decoration pieces have completed the desired result. We added a little of color through the pillows and the lampshade.', 27, 1),
(27, '“TENHO MACACOS \r\nNO QUARTO, MAMÃ“', '\"I HAVE MONKEYS\r\nIN MY BEDROOM, MOMMY\"', 'QUARTO INFANTIL, 2016 - BRAGA (RESTYLING)', 'CHILD ROOM, 2016 - BRAGA (RESTYLING)', 'Um papel de parede original e colorido trouxe a alegria pretendida a este quarto de menino. A partir desta escolha tudo se pontoou de amarelo e cinza, equilibrado pelo branco dos móveis e da cortina.', 'An original and colorful wallpaper brought the intended joy to this boy\'s bedroom. From that choice, everything was colored with yellow and grey, balanced by the white of the furniture and curtains.', 24, 1),
(28, 'No\r\nCampo', 'In The\r\nCountryside', 'Sala de Convívio Familiar, 2016, Braga', 'Family Gathering Room, 2016, Braga', 'O objectivo era criar um espaço aprazível de encontros familiares, para conversar, jogar, servir refeições... com conforto e descontracção. Foram criadas quatro áreas: área de bar, área de refeições, área de estar e área de jogo. O lambrim de cerâmico já existente foi a base de partida para a escolha de cores. Trabalhamos um estilo contemporâneo, pontuado pelo cariz rústico da área envolvente.', 'The aim was to create a pleasant space for family gatherings, to talk, play, serve meals... with comfort and relaxation. Four areas were created: bar area, dining area, sitting area and play area. The existing ceramic panelling was the starting point for the choice of colors. We worked in a contemporary style, punctuated by the rustic character of the surrounding area.', 23, 1),
(29, 'Contemporâneo \r\ne Funcional', 'Contemporary\r\nand Functional', 'Moradia Unifamiliar, 2016, Braga', 'Single-family House, 2016, Braga', 'Execução de projecto com modelação 3D e renderização', 'Project execution with 3D modeling and rendering', 22, 1),
(30, 'Bambu\r\nStyle', 'Bambu\r\nStyle', 'Quarto de bébé, 2016 - Braga', 'Baby room, 2016 - Braga', 'Os pandas foram o tema escolhido para este quartinho do bebé G. Logo de início existiu a preocupação de se trabalhar elementos que pudessem manter-se noutras fases do seu crescimento. Desse modo elegeram-se tons neutros para a base desta decoração pontuada pela infantilidade do padrão temático dos pandas e pelo verde lima, a trazer frescura ao conjunto.', 'Pandas were the chosen theme for baby G\'s room. Right from the start there was the concern that the elements could be maintained throughout other stages of his growth. In that way neutral shades were chosen for the base of the decoration, punctuated by the childishness of the thematic pattern of the pandas and by the lime green, to bring freshness to the room.', 21, 1),
(31, 'HOME “SUITE“ \r\nHOME', 'HOME “SUITE“ \r\nHOME', 'Suite Particular, 2017 - Braga', 'Private Suite, 2017 - Braga', 'Uma suite de estilo contemporâneo onde o conforto e a funcionalidade foram as premissas mais importantes. Decorada em tons neutros e sóbrios, a iluminação assume aqui um papel preponderante conferindo calor ao espaço. Numa palavra...intemporalidade.', 'A contemporary style suite where the comfort and functionality were the most important premises. Decorated in neutral and sober tones, lighting assumes a preponderant role giving warmth to the space. In a word ... timelessness.', 20, 1),
(32, 'New \r\nClassic', 'New \r\nClassic', 'Sala familiar, 2017, Braga', 'Family Room, 2017, Braga', 'Numa moradia contemporânea, onde predomina o gosto pelo estilo clássico, projectamos o restyling das salas de estar e de jantar com notas de modernidade. De modo a trazer mais luz para estes espaços, a predominância foi para os tons claros com notas de dourado e preto, respeitando a traça clássica e sofisticada das peças existentes.', 'In a contemporary house, where the taste for classic style predominates, we projected the restyling of the living and dining rooms with notes of modernity. In order to bring more light to these spaces, the predominance was to light tones with gold and black notes, respecting the classic and sophisticated trace of the existing pieces.', 19, 1),
(33, 'STRIPED\r\nSUMMER', 'STRIPED\r\nSUMMER', 'APARTAMENTO DE PRAIA, 2016, SETÚBAL', 'BEACH APARTMENT, 2016, SETÚBAL', 'Execução de projecto com modelação 3D e renderização', 'Project execution with 3D modeling and rendering', 18, 1),
(34, 'HOTEL\r\nROOM', 'HOTEL\r\nROOM', 'Moradia Particular - Suite, 2017, Braga', 'Private House - Suite, 2017, Braga', 'Com o objectivo de completar e melhorar a decoração, desenvolvemos o restyling desta suite. Através da mistura de várias texturas, esta suite ganhou sofisticação. Desde a pele da cama, solução de mesas de cabeceira, até ao papel de parede que muito subtilmente conferiu um conforto acrescido a este espaço. Pontuamos com cor, nos veludos e cetins escolhidos para os têxteis.', 'WIth the purpose of completing and improving the decoration, we developed the restyling of this suite. Through a mixture of various textures, this suite has gained sophistication. From the bedspread, and the bedside tables solution, to the wallpaper that subtlety increased the comfort of this space. We punctuated it with color, on the velvets and satins chosen for the textiles.', 17, 1),
(35, 'HAPPINESS\r\nMOOD', 'HAPPINESS\r\nMOOD', 'Quarto de menina, 2017 - Braga', 'Girl\'s bedroom, 2017 - Braga', 'Restyling de um quarto, com particular incidência na zona de cabeceira. A cortina e o papel de parede conferiram o conforto necessário. Completamos com cor e detalhes próprios de um espaço vivido por uma menina adolescente.', 'Restyling of a room, with particular incidence in the bedside area. The curtain and the wallpaper provided the necessary comfort. Completed with color and details suitable for a space inhabited by a teenage girl.', 16, 1),
(36, 'Quinta \r\ndas Mangueiras II', 'Quinta \r\ndas Mangueiras II', 'APARTAMENTO, 2017 - LUANDA', 'APARTMENT, 2017 - LUANDA', '', '', 15, 1),
(37, 'Na\r\nPraia', 'On \r\nThe Beach', 'Casa de Férias, 2017, Vilamoura', 'Holiday Villa, 2017, Vilamoura', 'Restyling de uma moradia destinada a férias, onde se pretendia manter algumas peças já existentes de uma anterior habitação. As mesmas foram assim enquadradas e conjugadas de forma diferente com os novos elementos, como é o caso dos têxteis, papeis de parede, iluminação e alguns móveis.', 'Restyling of a villa for holidays, where it was intended to keep some existing pieces of a previous dwelling. They were thus framed and conjugated differently with the new elements, as in the case of textiles, wallpaper, lighting and some furniture.', 14, 1),
(38, 'Convívio\r\nFamiliar', 'FAMILY \r\nLIVING', 'Sala Comum e Hall de Entrada, 2018, Braga', 'LIVING AND DINNING ROOM AND ENTRANCE HALL, 2018, BRAGA', 'Um restyling em tons de azul e areia...chegou para dar vida a uma sala onde já existiam alguns móveis e um tapete em patchwork que foi o mote para a escolha das restantes cores. A parede em espelho ladeada de papel de parede deu a esta sala uma maior amplitude, reflectindo todos os elementos. O painel em papel de parede com textura de linho na zona de TV conferiu também verticalidade ao espaço.', 'A restyling in shades of blue and sand ... arrived to give life to a room where there were already some furniture and a rug in patchwork that was the motto for the choice of the remaining colors. The mirrored wall lined with wallpaper gave this room a greater breadth, reflecting all the elements. The wallpaper panel with linen texture in the TV area also provided verticality to the space.', 13, 1),
(39, 'Clean e\r\nFuncional', 'Clean and\r\nFunctional', 'Suite Particular, 2018, Braga', 'Private Suite, 2018, Braga', 'Luz, serenidade e apontamentos de cor, aliados à funcionalidade...foram os requisitos iniciais deste projecto. Uma base de tons neutros pensada para descansar, com detalhes de \"boa disposição\".', 'Light, serenity and color notes combined with functionality ... were the initial requirements of this project. A base of neutral tones designed to rest, with details of \"good mood\".', 10, 1),
(40, 'MÚSICA E \r\nARTE', 'Music and\r\nart', 'Sala familiar, 2017, Braga', 'LIVING AND DINNING ROOM, 2017, BRAGA', 'Execução de projecto com modelação 3D e renderização, apresentando duas soluções diferentes para a zona de jantar.', 'Project execution with 3D modeling and rendering, presenting two different solutions for the dinnig room.', 11, 1),
(41, 'CASA DAS\r\nCRISTAS', 'CASA DAS \r\nCRISTAS', 'Cafetaria, 2017 - Porto', 'Cafeteria, 2017 - Oporto', 'Execução de projecto 3D e desenvolvimento do conceito do espaço.', '3D project execution and development of the concept of space.', 12, 1),
(42, 'INTEMPORAL\r\nE\r\nELEGANTE', 'TIMELESS\r\nAND\r\nELEGANT', 'Suite privada, 2018, Braga', 'Private Suite, 2018, Braga', 'Desenvolvimento e concepção de um projecto de decoração de interiores de uma suite particular, incluindo a remodelação completa da casa de banho. Um projecto que segue o nosso traço de intemporalidade e elegância, sempre pontuado pela personalização.', 'Development and design of a interior decoration project of a private suite, including the complete remodeling of the bathroom. A project that follows our trait of timelessness and elegance, always punctuated by personalization.', 9, 1),
(43, 'MINIMAL', 'MINIMAL', 'HABITAÇÃO UNIFAMILIAR, 2019 - BRAGA', 'Single Family House, 2019 - Braga', 'Marcada por uma arquitectura minimal esta moradia recebeu uma decoração clean e quase monocromática, onde a funcionalidade e a intemporalidade foram as principais premissas.', 'Marked by minimal architecture this villa received a clean and almost monochromatic decoration, where functionality and timelessness were the main premises.', 8, 1),
(44, 'MODERN \r\nLIVING', 'MODERN \r\nLIVING', 'MORADIA UNIFAMILIAR, 2019 - BRAGA', 'Single Family House, 2019 - Braga', 'Decoração de uma moradia unifamiliar marcada por linhas simples e modernas tanto no mobiliário, como nos papéis de parede e tecidos. Numa base neutra e em tons claros foram surgindo elementos sofisticados tanto no padrão como na textura, como é o caso do \"pied-poule\", espinhado, riscas e detalhes de flores. Foram escolhidos materiais nobres como o linho, a mármore e a madeira.', 'Decoration of a single family house marked by simple and modern lines in both furniture, wallpapers and fabrics. On a neutral basis and in light tones, sophisticated elements in both pattern and texture have emerged, such as \"pied-poule\", spine, stripes and flower details. Noble materials such as linen, marble and wood were chosen.', 7, 1),
(45, 'LITTLE \r\nSAVANNAH', 'LITTLE \r\nSAVANNAH', 'Quarto de bébé, 2019 - Braga', 'Baby Room, 2019 - Braga', 'Um berçário decorado em tons neutros e suaves, inspirado na Savana.', 'A nursery decorated in soft, neutral tones, inspired by Savannah.', 5, 1),
(46, 'CORAÇÃO \r\nDO \r\nMINHO', '', 'Loja Francesinhas do Minho, 2019 - Braga', '', 'Remodelação total de um espaço comercial de restauração, em contexto de Shopping, incluindo criação de nova imagem de comunicação da marca.', '', 6, 1),
(47, 'LUXURY', '', 'SUITE PARTICULAR, 2020 - FAMALICÃO', '', 'Desenvolvimento e concepção de um projecto de decoração de interiores de uma suite particular. A principal premissa? Conforto. Marcado pela escolha de materiais de grande qualidade que trabalhados de forma personalizada e aliados a uma iluminação serena, o tornaram num espaço muito elegante e sofisticado.', '', 4, 1),
(48, 'S. JOÃO', '\"S. JOÃO\"', 'APARTAMENTO T1, ALOJAMENTO LOCAL, 2020 - BRAGA', 'T1 APARTMENT, LOCAL ACCOMMODATION, 2020 - BRAGA', 'Uma decoração pensada para tornar a estadia dos seus hóspedes o mais agradável possível. A funcionalidade foi o mote para a escolha do mobiliário, sem no entanto esquecer os detalhes desenvolvidos especificamente para este alojamento e  que o diferenciam. Tais como as peças em couro, as madeiras serradas e fotografias alusivas à cidade, além das andorinhas e dos focos de cor nos têxteis.', 'A project designed to make your guests\' stay as pleasant as possible. Functionality was the motto for the choice of furniture, without forgetting the customized details developed specifically for this accommodation and which set it apart. Such as leather pieces, sawn wood and photographs alluding to the city, in addition to swallows and color highlights in textiles.', 3, 1),
(49, 'Olhão', 'Olhão', 'Alojamento local, 2021 - Olhão, Faro', 'Local accomodation, 2021 - Olhão, Faro', 'Um alojamento com muito carisma. Cada espaço tem a sua identidade própria. Todos eles dotados do conforto necessário neste tipo de estadia e de pormenores que convidam a permanecer. Os quartos com cores mais serenas propícias ao descanso. A sala, pátio e hall de entrada, pontuados de cores mais vivas e detalhes mais acentuados.', '', 1, 1),
(50, 'DROPS \r\nOF \r\nRED', '', 'SALA COMUM E ESCRITÓRIO, 2021, BRAGA', '', 'Remodelação e decoração de uma sala comum, partindo da necessidade de criar uma divisão para escritório. Uma base de cores claras, pontuada por peças mais escuras e detalhes decorativos em vermelho. Uma mistura harmoniosa e elegante de peças novas com peças existentes.\r\nA iluminação anteriormente existente foi alterada no sentido de se modernizar e adaptar à nova disposição e decoração.', '', 2, 1),
(53, 'Memórias \r\nem \r\nViagem OLD', '', 'Alojamento Local - Braga, 2021', '', '', '', 0, 0),
(54, 'Memórias \r\nem Viagem', '', 'Alojamento Local - Braga, 2021', '', 'Uma casa com muitas histórias dentro, está agora pronta para receber muitas mais. Um espaço familiar convertido num alojamento local. A decoração conta isso mesmo. O passado e o futuro. Peças remodeladas convivem com outras novas. Aqui pretende-se que os hóspedes se sintam em casa, num ambiente informal e acolhedor.', '', 0, 1);

-- --------------------------------------------------------

--
-- Estrutura da tabela `projeto_gal`
--

CREATE TABLE `projeto_gal` (
  `id` bigint NOT NULL,
  `id_projeto` bigint NOT NULL,
  `img` text NOT NULL,
  `capa` tinyint(1) NOT NULL,
  `ordem` int NOT NULL,
  `online` tinyint(1) NOT NULL
) ENGINE=InnoDB DEFAULT CHARSET=latin1;

--
-- Extraindo dados da tabela `projeto_gal`
--

INSERT INTO `projeto_gal` (`id`, `id_projeto`, `img`, `capa`, `ordem`, `online`) VALUES
(1, 1, '/img/projectos/01001.jpg', 0, 17, 1),
(2, 1, '/img/projectos/01002.jpg', 0, 18, 1),
(3, 1, '/img/projectos/01003.jpg', 1, 1, 1),
(4, 1, '/img/projectos/01004.jpg', 0, 2, 1),
(5, 1, '/img/projectos/01005.jpg', 0, 3, 1),
(6, 1, '/img/projectos/01006.jpg', 0, 4, 1),
(7, 1, '/img/projectos/01007.jpg', 0, 5, 1),
(8, 1, '/img/projectos/01008.jpg', 0, 6, 1),
(9, 1, '/img/projectos/01009.jpg', 0, 7, 1),
(10, 1, '/img/projectos/01010.jpg', 0, 10, 1),
(11, 1, '/img/projectos/01011.jpg', 0, 11, 1),
(12, 1, '/img/projectos/01012.jpg', 0, 12, 1),
(13, 2, '/img/projectos/02001.jpg', 0, 0, 1),
(14, 2, '/img/projectos/02002.jpg', 0, 0, 1),
(15, 2, '/img/projectos/02003.jpg', 1, 0, 1),
(16, 2, '/img/projectos/02004.jpg', 0, 0, 1),
(17, 2, '/img/projectos/02005.jpg', 0, 0, 1),
(18, 2, '/img/projectos/02006.jpg', 0, 0, 1),
(19, 2, '/img/projectos/02007.jpg', 0, 0, 1),
(20, 2, '/img/projectos/02008.jpg', 0, 0, 1),
(21, 3, '/img/projectos/03001.jpg', 0, 0, 1),
(22, 3, '/img/projectos/03002.jpg', 0, 0, 1),
(23, 3, '/img/projectos/03003.jpg', 1, 0, 1),
(24, 3, '/img/projectos/03004.jpg', 0, 0, 1),
(26, 4, '/img/projectos/04002.jpg', 0, 7, 1),
(29, 4, '/img/projectos/04005.jpg', 0, 1, 0),
(30, 5, '/img/projectos/05001.jpg', 0, 0, 1),
(31, 5, '/img/projectos/05002.jpg', 0, 0, 1),
(32, 5, '/img/projectos/05003.jpg', 0, 0, 1),
(33, 5, '/img/projectos/05004.jpg', 1, 0, 1),
(34, 5, '/img/projectos/05005.jpg', 0, 0, 1),
(35, 5, '/img/projectos/05006.jpg', 0, 0, 1),
(36, 5, '/img/projectos/05007.jpg', 0, 0, 1),
(37, 5, '/img/projectos/05008.jpg', 0, 0, 1),
(38, 5, '/img/projectos/05009.jpg', 0, 0, 1),
(39, 5, '/img/projectos/05010.jpg', 0, 0, 1),
(42, 5, '/img/projectos/05013.jpg', 0, 0, 1),
(43, 5, '/img/projectos/05014.jpg', 0, 0, 1),
(44, 5, '/img/projectos/05015.jpg', 0, 0, 1),
(45, 5, '/img/projectos/05016.jpg', 0, 0, 1),
(46, 6, '/img/projectos/06001.jpg', 1, 0, 1),
(47, 6, '/img/projectos/06002.jpg', 0, 0, 1),
(48, 6, '/img/projectos/06003.jpg', 0, 0, 1),
(49, 6, '/img/projectos/06004.jpg', 0, 0, 1),
(50, 6, '/img/projectos/06005.jpg', 0, 0, 1),
(56, 8, '/img/projectos/08001.jpg', 0, 0, 1),
(59, 8, '/img/projectos/08004.jpg', 0, 0, 1),
(61, 8, '/img/projectos/08006.jpg', 0, 0, 1),
(62, 9, '/img/projectos/09001.jpg', 0, 1, 0),
(63, 9, '/img/projectos/09002.jpg', 0, 4, 1),
(64, 9, '/img/projectos/09003.jpg', 0, 5, 1),
(65, 9, '/img/projectos/09004.jpg', 0, 7, 1),
(66, 9, '/img/projectos/09005.jpg', 0, 8, 0),
(69, 9, '/img/projectos/09008.jpg', 0, 9, 1),
(70, 10, '/img/projectos/10001.jpg', 0, 0, 1),
(71, 10, '/img/projectos/10002.jpg', 0, 0, 1),
(72, 10, '/img/projectos/10003.jpg', 0, 0, 1),
(73, 10, '/img/projectos/10004.jpg', 1, 0, 1),
(74, 10, '/img/projectos/10005.jpg', 0, 0, 1),
(75, 10, '/img/projectos/10006.jpg', 0, 0, 1),
(76, 10, '/img/projectos/10007.jpg', 0, 0, 1),
(77, 10, '/img/projectos/10008.jpg', 0, 0, 1),
(78, 10, '/img/projectos/10009.jpg', 0, 0, 1),
(119, 1, '/img/projectos/01013.jpg', 0, 20, 1),
(122, 1, '/img/projectos/01016.jpg', 0, 8, 1),
(123, 1, '/img/projectos/01017.jpg', 0, 9, 1),
(124, 1, '/img/projectos/01018.jpg', 0, 15, 1),
(127, 1, '/img/projectos/01021.jpg', 0, 16, 1),
(128, 6, '/img/projectos/06006.jpg', 0, 0, 1),
(129, 6, '/img/projectos/06007.jpg', 0, 0, 1),
(130, 6, '/img/projectos/06008.jpg', 0, 0, 1),
(132, 10, '/img/projectos/10010.jpg', 0, 0, 1),
(133, 10, '/img/projectos/10011.jpg', 0, 0, 1),
(134, 2, '/img/projectos/02009.jpg', 0, 0, 1),
(135, 2, '/img/projectos/02010.jpg', 0, 0, 1),
(136, 2, '/img/projectos/02011.jpg', 0, 0, 1),
(137, 23, '/img/projectos/23001.jpg', 1, 8, 1),
(138, 23, '/img/projectos/23002.jpg', 0, 9, 1),
(139, 23, '/img/projectos/23003.jpg', 0, 10, 1),
(140, 23, '/img/projectos/23004.jpg', 0, 11, 1),
(141, 23, '/img/projectos/23005.jpg', 0, 12, 1),
(142, 9, '/img/projectos/09006.jpg', 0, 10, 0),
(143, 9, '/img/projectos/09007.jpg', 0, 3, 1),
(144, 9, '/img/projectos/09009.jpg', 0, 11, 1),
(145, 9, '/img/projectos/09010.jpg', 0, 2, 1),
(147, 9, '/img/projectos/09011.jpg', 1, 6, 1),
(149, 8, '/img/projectos/08002.jpg', 0, 0, 1),
(150, 8, '/img/projectos/08003.jpg', 0, 0, 1),
(151, 8, '/img/projectos/08005.jpg', 0, 0, 1),
(152, 8, '/img/projectos/08007.jpg', 0, 0, 1),
(153, 8, '/img/projectos/08008.jpg', 1, 0, 1),
(154, 23, '/img/projectos/23006.jpg', 0, 5, 1),
(155, 23, '/img/projectos/23007.jpg', 0, 6, 1),
(156, 23, '/img/projectos/23008.jpg', 0, 7, 1),
(174, 25, '/img/projectos/25008.jpg', 0, 0, 0),
(175, 25, '/img/projectos/25009.jpg', 0, 0, 0),
(176, 4, '/img/projectos/04006.jpg', 0, 2, 1),
(177, 4, '/img/projectos/04001.jpg', 1, 3, 1),
(178, 4, '/img/projectos/04003.jpg', 0, 5, 0),
(179, 4, '/img/projectos/04004.jpg', 0, 6, 1),
(181, 4, '/img/projectos/04008.jpg', 0, 9, 1),
(182, 4, '/img/projectos/04009.jpg', 0, 10, 1),
(183, 4, '/img/projectos/04010.jpg', 0, 4, 1),
(186, 25, '/img/projectos/25010.jpg', 1, 0, 1),
(187, 25, '/img/projectos/25001.jpg', 0, 0, 1),
(188, 25, '/img/projectos/25002.jpg', 0, 0, 1),
(189, 25, '/img/projectos/25003.jpg', 0, 0, 1),
(190, 25, '/img/projectos/25011.jpg', 0, 0, 1),
(204, 25, '/img/projectos/25005.jpg', 0, 0, 1),
(205, 25, '/img/projectos/25004.jpg', 0, 0, 1),
(229, 24, '/img/projectos/24001.jpg', 1, 1, 1),
(230, 24, '/img/projectos/24002.jpg', 0, 2, 1),
(231, 24, '/img/projectos/24003.jpg', 0, 3, 1),
(232, 24, '/img/projectos/24004.jpg', 0, 4, 1),
(233, 24, '/img/projectos/24005.jpg', 0, 5, 1),
(234, 24, '/img/projectos/24006.jpg', 0, 6, 1),
(235, 24, '/img/projectos/24007.jpg', 0, 10, 1),
(236, 24, '/img/projectos/24008.jpg', 0, 11, 1),
(237, 26, '/img/projectos/26001.jpg', 0, 0, 1),
(238, 26, '/img/projectos/26002.jpg', 0, 0, 1),
(239, 26, '/img/projectos/26003.jpg', 0, 0, 1),
(240, 26, '/img/projectos/26004.jpg', 0, 0, 1),
(241, 26, '/img/projectos/26005.jpg', 0, 0, 1),
(242, 26, '/img/projectos/26006.jpg', 0, 0, 1),
(243, 26, '/img/projectos/26007.jpg', 0, 0, 1),
(244, 26, '/img/projectos/26008.jpg', 0, 0, 1),
(245, 26, '/img/projectos/26009.jpg', 0, 0, 1),
(246, 26, '/img/projectos/26010.jpg', 0, 0, 1),
(247, 26, '/img/projectos/26011.jpg', 1, 0, 1),
(248, 26, '/img/projectos/26012.jpg', 0, 0, 1),
(249, 26, '/img/projectos/26013.jpg', 0, 0, 1),
(250, 26, '/img/projectos/26014.jpg', 0, 0, 1),
(254, 1, '/img/projectos/0001001.jpg', 0, 21, 1),
(258, 1, '/img/projectos/0001005.jpg', 0, 13, 1),
(259, 24, '/img/projectos/0024001.jpg', 0, 7, 1),
(260, 24, '/img/projectos/0024002.jpg', 0, 8, 1),
(261, 24, '/img/projectos/0024003.jpg', 0, 9, 1),
(262, 23, '/img/projectos/0023001.jpg', 0, 1, 1),
(263, 23, '/img/projectos/0023002.jpg', 0, 2, 1),
(264, 23, '/img/projectos/0023003.jpg', 0, 3, 1),
(265, 23, '/img/projectos/0023004.jpg', 0, 4, 1),
(266, 23, '/img/projectos/0023005.jpg', 0, 14, 1),
(267, 23, '/img/projectos/0023006.jpg', 0, 13, 1),
(268, 27, '/img/projectos/0027001.png', 1, 0, 1),
(269, 27, '/img/projectos/0027002.png', 0, 0, 1),
(271, 27, '/img/projectos/0027004.png', 0, 0, 1),
(272, 27, '/img/projectos/0027005.png', 0, 0, 1),
(273, 27, '/img/projectos/0027006.png', 0, 0, 1),
(274, 27, '/img/projectos/0027007.png', 0, 0, 1),
(275, 27, '/img/projectos/0027008.png', 0, 0, 1),
(276, 27, '/img/projectos/0027009.png', 0, 0, 0),
(277, 27, '/img/projectos/0027010.png', 0, 0, 1),
(278, 27, '/img/projectos/0027001.jpg', 0, 0, 0),
(279, 27, '/img/projectos/0027011.png', 0, 0, 1),
(280, 27, '/img/projectos/0027012.png', 0, 0, 1),
(281, 27, '/img/projectos/0027013.png', 0, 0, 0),
(282, 27, '/img/projectos/0027014.png', 0, 0, 1),
(283, 27, '/img/projectos/0027015.png', 0, 0, 1),
(284, 27, '/img/projectos/0027016.png', 0, 0, 1),
(285, 27, '/img/projectos/0027017.png', 0, 0, 1),
(286, 28, '/img/projectos/0028001.png', 0, 0, 1),
(287, 28, '/img/projectos/0028002.png', 0, 0, 1),
(288, 28, '/img/projectos/0028003.png', 0, 0, 1),
(289, 28, '/img/projectos/0028004.png', 0, 0, 1),
(290, 28, '/img/projectos/0028005.png', 1, 0, 1),
(291, 28, '/img/projectos/0028006.png', 0, 0, 1),
(292, 28, '/img/projectos/0028007.png', 0, 0, 1),
(293, 28, '/img/projectos/0028008.png', 0, 0, 1),
(294, 28, '/img/projectos/0028009.png', 0, 0, 1),
(295, 28, '/img/projectos/0028010.png', 0, 0, 1),
(296, 28, '/img/projectos/0028011.png', 0, 0, 1),
(297, 28, '/img/projectos/0028012.png', 0, 0, 1),
(298, 28, '/img/projectos/0028013.png', 0, 0, 1),
(299, 28, '/img/projectos/0028014.png', 0, 0, 1),
(300, 28, '/img/projectos/0028015.png', 0, 0, 1),
(301, 28, '/img/projectos/0028016.png', 0, 0, 1),
(302, 28, '/img/projectos/0028017.png', 0, 0, 1),
(303, 28, '/img/projectos/0028018.png', 0, 0, 1),
(304, 28, '/img/projectos/0028019.png', 0, 0, 1),
(305, 28, '/img/projectos/0028020.png', 0, 0, 0),
(306, 28, '/img/projectos/0028021.png', 0, 0, 1),
(307, 29, '/img/projectos/0029001.png', 0, 0, 1),
(308, 29, '/img/projectos/0029002.png', 0, 0, 1),
(309, 29, '/img/projectos/0029003.png', 0, 0, 1),
(310, 29, '/img/projectos/0029004.png', 0, 0, 1),
(311, 29, '/img/projectos/0029005.png', 1, 0, 1),
(312, 29, '/img/projectos/0029006.png', 0, 0, 1),
(313, 29, '/img/projectos/0029007.png', 0, 0, 1),
(314, 29, '/img/projectos/0029008.png', 0, 0, 1),
(315, 29, '/img/projectos/0029009.png', 0, 0, 1),
(316, 29, '/img/projectos/0029010.png', 0, 0, 1),
(317, 29, '/img/projectos/0029011.png', 0, 0, 1),
(318, 29, '/img/projectos/0029012.png', 0, 0, 1),
(319, 30, '/img/projectos/0030001.png', 0, 2, 0),
(320, 30, '/img/projectos/0030002.png', 0, 3, 1),
(321, 30, '/img/projectos/0030003.png', 0, 9, 1),
(322, 30, '/img/projectos/0030004.png', 0, 5, 1),
(323, 30, '/img/projectos/0030005.png', 0, 4, 1),
(324, 30, '/img/projectos/0030006.png', 0, 6, 1),
(325, 30, '/img/projectos/0030007.png', 0, 7, 0),
(326, 30, '/img/projectos/0030008.png', 0, 8, 1),
(327, 30, '/img/projectos/0030009.png', 0, 11, 1),
(328, 30, '/img/projectos/0030010.png', 0, 12, 1),
(329, 30, '/img/projectos/0030011.png', 0, 13, 1),
(330, 30, '/img/projectos/0030012.png', 0, 14, 0),
(331, 30, '/img/projectos/0030013.png', 0, 15, 1),
(332, 30, '/img/projectos/0030014.png', 0, 16, 1),
(333, 30, '/img/projectos/0030015.png', 0, 17, 0),
(334, 30, '/img/projectos/0030016.png', 0, 18, 1),
(335, 30, '/img/projectos/0030017.png', 0, 19, 1),
(336, 30, '/img/projectos/0030018.png', 0, 20, 1),
(337, 30, '/img/projectos/0030019.png', 0, 21, 1),
(338, 30, '/img/projectos/0030020.png', 0, 22, 0),
(339, 30, '/img/projectos/0030021.png', 0, 23, 0),
(340, 30, '/img/projectos/0030022.png', 0, 1, 1),
(341, 30, '/img/projectos/0030023.png', 0, 10, 0),
(342, 30, '/img/projectos/0030024.png', 0, 24, 1),
(343, 30, '/img/projectos/0030025.png', 0, 25, 1),
(344, 30, '/img/projectos/0030026.png', 1, 26, 1),
(345, 30, '/img/projectos/0030027.png', 0, 27, 1),
(346, 31, '/img/projectos/0031001.png', 0, 2, 1),
(347, 31, '/img/projectos/0031002.png', 0, 3, 1),
(348, 31, '/img/projectos/0031003.png', 0, 4, 1),
(349, 31, '/img/projectos/0031004.png', 0, 5, 1),
(350, 31, '/img/projectos/0031005.png', 0, 6, 1),
(351, 31, '/img/projectos/0031006.png', 0, 7, 1),
(352, 31, '/img/projectos/0031007.png', 0, 8, 1),
(354, 31, '/img/projectos/0031009.png', 0, 12, 1),
(355, 31, '/img/projectos/0031010.png', 0, 13, 1),
(357, 31, '/img/projectos/0031012.png', 0, 15, 1),
(358, 31, '/img/projectos/0031013.png', 0, 16, 0),
(360, 31, '/img/projectos/0031015.png', 0, 1, 1),
(361, 31, '/img/projectos/0031016.png', 1, 9, 1),
(362, 31, '/img/projectos/0031017.png', 0, 10, 0),
(363, 31, '/img/projectos/0031018.png', 0, 18, 1),
(364, 31, '/img/projectos/0031019.png', 0, 19, 1),
(365, 31, '/img/projectos/0031020.png', 0, 20, 1),
(366, 31, '/img/projectos/0031021.png', 0, 21, 1),
(367, 31, '/img/projectos/0031022.png', 0, 22, 1),
(368, 32, '/img/projectos/0032001.jpg', 1, 3, 1),
(369, 32, '/img/projectos/0032002.jpg', 0, 4, 1),
(370, 32, '/img/projectos/0032003.jpg', 0, 5, 1),
(371, 32, '/img/projectos/0032004.jpg', 0, 7, 1),
(372, 32, '/img/projectos/0032005.jpg', 0, 8, 1),
(373, 32, '/img/projectos/0032006.jpg', 0, 9, 0),
(374, 32, '/img/projectos/0032007.jpg', 0, 13, 0),
(378, 32, '/img/projectos/0032011.jpg', 0, 15, 1),
(379, 32, '/img/projectos/0032012.jpg', 0, 16, 1),
(380, 32, '/img/projectos/0032013.jpg', 0, 17, 0),
(381, 32, '/img/projectos/0032014.jpg', 0, 18, 1),
(382, 32, '/img/projectos/0032015.jpg', 0, 23, 1),
(385, 32, '/img/projectos/0032018.jpg', 0, 26, 0),
(386, 32, '/img/projectos/0032019.jpg', 0, 28, 1),
(387, 32, '/img/projectos/0032020.jpg', 0, 32, 0),
(388, 32, '/img/projectos/0032008.jpg', 0, 6, 1),
(389, 32, '/img/projectos/0032010.jpg', 0, 2, 0),
(390, 32, '/img/projectos/0032017.jpg', 0, 12, 0),
(391, 32, '/img/projectos/0032009.jpg', 0, 1, 1),
(392, 32, '/img/projectos/0032016.jpg', 0, 10, 1),
(393, 32, '/img/projectos/0032021.jpg', 0, 14, 0),
(394, 32, '/img/projectos/0032022.jpg', 0, 30, 1),
(395, 32, '/img/projectos/0032023.jpg', 0, 25, 0),
(396, 32, '/img/projectos/0032024.jpg', 0, 29, 1),
(397, 32, '/img/projectos/0032025.jpg', 0, 27, 0),
(398, 32, '/img/projectos/0032026.jpg', 0, 31, 1),
(399, 32, '/img/projectos/0032027.jpg', 0, 19, 0),
(401, 32, '/img/projectos/0032029.jpg', 0, 20, 1),
(402, 32, '/img/projectos/0032028.jpg', 0, 21, 0),
(403, 32, '/img/projectos/0032030.jpg', 0, 24, 1),
(404, 32, '/img/projectos/0032031.jpg', 0, 22, 1),
(405, 32, '/img/projectos/0032032.jpg', 0, 11, 1),
(406, 33, '/img/projectos/0033001.png', 0, 0, 1),
(407, 33, '/img/projectos/0033002.png', 0, 0, 1),
(408, 33, '/img/projectos/0033003.png', 1, 0, 1),
(409, 33, '/img/projectos/0033004.png', 0, 0, 1),
(410, 33, '/img/projectos/0033005.png', 0, 0, 1),
(415, 34, '/img/projectos/0034005.jpg', 0, 4, 1),
(416, 34, '/img/projectos/0034006.jpg', 0, 3, 1),
(417, 34, '/img/projectos/0034007.jpg', 0, 5, 0),
(418, 34, '/img/projectos/0034008.jpg', 1, 6, 1),
(419, 34, '/img/projectos/0034009.jpg', 0, 8, 1),
(420, 34, '/img/projectos/0034010.jpg', 0, 9, 1),
(421, 34, '/img/projectos/0034011.jpg', 0, 10, 1),
(422, 34, '/img/projectos/0034012.jpg', 0, 11, 1),
(423, 34, '/img/projectos/0034001.jpg', 0, 7, 1),
(424, 34, '/img/projectos/0034002.jpg', 0, 12, 1),
(426, 34, '/img/projectos/0034013.jpg', 0, 13, 1),
(427, 34, '/img/projectos/0034014.jpg', 0, 14, 1),
(428, 35, '/img/projectos/0035001.jpg', 0, 2, 1),
(429, 35, '/img/projectos/0035002.jpg', 1, 1, 1),
(432, 35, '/img/projectos/0035005.jpg', 0, 3, 1),
(433, 35, '/img/projectos/0035006.jpg', 0, 5, 1),
(434, 35, '/img/projectos/0035007.jpg', 0, 6, 1),
(435, 35, '/img/projectos/0035008.jpg', 0, 7, 1),
(436, 35, '/img/projectos/0035009.jpg', 0, 8, 1),
(437, 35, '/img/projectos/0035010.jpg', 0, 9, 1),
(438, 35, '/img/projectos/0035011.jpg', 0, 10, 1),
(439, 35, '/img/projectos/0035012.jpg', 0, 11, 1),
(440, 35, '/img/projectos/0035004.jpg', 0, 4, 1),
(441, 36, '/img/projectos/0036001.jpg', 0, 37, 1),
(442, 36, '/img/projectos/0036002.jpg', 0, 39, 1),
(443, 36, '/img/projectos/0036003.jpg', 0, 1, 0),
(444, 36, '/img/projectos/0036004.jpg', 0, 40, 1),
(445, 36, '/img/projectos/0036005.jpg', 0, 38, 1),
(446, 36, '/img/projectos/0036006.jpg', 0, 41, 1),
(447, 36, '/img/projectos/0036007.jpg', 0, 43, 0),
(448, 36, '/img/projectos/0036008.jpg', 1, 47, 1),
(450, 36, '/img/projectos/0036010.jpg', 0, 44, 0),
(451, 36, '/img/projectos/0036011.jpg', 0, 42, 1),
(452, 36, '/img/projectos/0036012.jpg', 0, 45, 1),
(453, 36, '/img/projectos/0036013.jpg', 0, 46, 0),
(454, 36, '/img/projectos/0036009.jpg', 0, 2, 1),
(455, 36, '/img/projectos/0036014.jpg', 0, 3, 1),
(456, 36, '/img/projectos/0036015.jpg', 0, 4, 0),
(457, 36, '/img/projectos/0036016.jpg', 0, 5, 1),
(458, 36, '/img/projectos/0036017.jpg', 0, 6, 1),
(460, 36, '/img/projectos/0036019.jpg', 0, 8, 1),
(461, 36, '/img/projectos/0036020.jpg', 0, 9, 1),
(462, 36, '/img/projectos/0036021.jpg', 0, 10, 1),
(463, 36, '/img/projectos/0036022.jpg', 0, 11, 1),
(464, 36, '/img/projectos/0036023.jpg', 0, 12, 0),
(465, 36, '/img/projectos/0036024.jpg', 0, 13, 1),
(466, 36, '/img/projectos/0036025.jpg', 0, 14, 1),
(467, 36, '/img/projectos/0036026.jpg', 0, 15, 1),
(468, 36, '/img/projectos/0036027.jpg', 0, 16, 0),
(469, 36, '/img/projectos/0036028.jpg', 0, 17, 1),
(470, 36, '/img/projectos/0036029.jpg', 0, 18, 1),
(471, 36, '/img/projectos/0036030.jpg', 0, 19, 1),
(472, 36, '/img/projectos/0036031.jpg', 0, 20, 1),
(473, 36, '/img/projectos/0036032.jpg', 0, 21, 1),
(474, 36, '/img/projectos/0036033.jpg', 0, 22, 1),
(475, 36, '/img/projectos/0036034.jpg', 0, 23, 0),
(476, 36, '/img/projectos/0036035.jpg', 0, 24, 1),
(477, 36, '/img/projectos/0036036.jpg', 0, 25, 1),
(478, 36, '/img/projectos/0036037.jpg', 0, 26, 1),
(479, 36, '/img/projectos/0036038.jpg', 0, 27, 1),
(480, 36, '/img/projectos/0036039.jpg', 0, 28, 0),
(481, 36, '/img/projectos/0036040.jpg', 0, 29, 1),
(482, 36, '/img/projectos/0036041.jpg', 0, 30, 0),
(483, 36, '/img/projectos/0036042.jpg', 0, 31, 1),
(484, 36, '/img/projectos/0036043.jpg', 0, 32, 1),
(485, 36, '/img/projectos/0036044.jpg', 0, 33, 1),
(486, 36, '/img/projectos/0036045.jpg', 0, 34, 1),
(487, 36, '/img/projectos/0036046.jpg', 0, 35, 1),
(488, 36, '/img/projectos/0036047.jpg', 0, 36, 0),
(532, 37, '/img/projectos/0037001.jpg', 0, 1, 1),
(533, 37, '/img/projectos/0037002.jpg', 0, 2, 1),
(534, 37, '/img/projectos/0037003.jpg', 0, 3, 1),
(535, 37, '/img/projectos/0037004.jpg', 0, 4, 1),
(536, 37, '/img/projectos/0037005.jpg', 0, 5, 1),
(537, 37, '/img/projectos/0037006.jpg', 0, 6, 1),
(538, 37, '/img/projectos/0037007.jpg', 0, 7, 1),
(540, 37, '/img/projectos/0037009.jpg', 0, 9, 1),
(541, 37, '/img/projectos/0037010.jpg', 0, 10, 1),
(542, 37, '/img/projectos/0037011.jpg', 0, 11, 1),
(543, 37, '/img/projectos/0037012.jpg', 0, 12, 1),
(544, 37, '/img/projectos/0037013.jpg', 0, 13, 0),
(545, 37, '/img/projectos/0037014.jpg', 0, 14, 1),
(546, 37, '/img/projectos/0037015.jpg', 0, 15, 1),
(547, 37, '/img/projectos/0037016.jpg', 0, 18, 0),
(548, 37, '/img/projectos/0037017.jpg', 0, 17, 1),
(549, 37, '/img/projectos/0037018.jpg', 1, 16, 1),
(550, 37, '/img/projectos/0037019.jpg', 0, 19, 0),
(551, 37, '/img/projectos/0037020.jpg', 0, 24, 1),
(552, 37, '/img/projectos/0037008.jpg', 0, 20, 1),
(553, 37, '/img/projectos/0037021.jpg', 0, 21, 1),
(554, 37, '/img/projectos/0037022.jpg', 0, 28, 1),
(555, 37, '/img/projectos/0037023.jpg', 0, 26, 1),
(556, 37, '/img/projectos/0037024.jpg', 0, 29, 0),
(557, 37, '/img/projectos/0037025.jpg', 0, 31, 0),
(558, 37, '/img/projectos/0037026.jpg', 0, 27, 1),
(560, 37, '/img/projectos/0037028.jpg', 0, 32, 1),
(562, 37, '/img/projectos/0037030.jpg', 0, 33, 1),
(564, 37, '/img/projectos/0037032.jpg', 0, 35, 1),
(565, 37, '/img/projectos/0037033.jpg', 0, 36, 1),
(566, 37, '/img/projectos/0037034.jpg', 0, 8, 1),
(567, 37, '/img/projectos/0037027.jpg', 0, 34, 1),
(568, 37, '/img/projectos/0037029.jpg', 0, 25, 1),
(569, 37, '/img/projectos/0037031.jpg', 0, 30, 1),
(572, 37, '/img/projectos/0037036.jpg', 0, 22, 0),
(573, 38, '/img/projectos/0038001.jpg', 0, 1, 1),
(575, 38, '/img/projectos/0038003.jpg', 0, 4, 1),
(576, 38, '/img/projectos/0038004.jpg', 0, 6, 1),
(577, 38, '/img/projectos/0038005.jpg', 0, 26, 0),
(578, 38, '/img/projectos/0038006.jpg', 0, 27, 1),
(582, 38, '/img/projectos/0038010.jpg', 0, 9, 1),
(583, 38, '/img/projectos/0038011.jpg', 0, 10, 1),
(584, 38, '/img/projectos/0038012.jpg', 1, 3, 1),
(585, 38, '/img/projectos/0038013.jpg', 0, 11, 0),
(586, 38, '/img/projectos/0038014.jpg', 0, 12, 1),
(588, 38, '/img/projectos/0038016.jpg', 0, 13, 1),
(589, 38, '/img/projectos/0038017.jpg', 0, 14, 1),
(591, 38, '/img/projectos/0038019.jpg', 0, 15, 1),
(592, 38, '/img/projectos/0038020.jpg', 0, 16, 0),
(593, 38, '/img/projectos/0038021.jpg', 0, 17, 1),
(594, 38, '/img/projectos/0038022.jpg', 0, 20, 0),
(595, 38, '/img/projectos/0038023.jpg', 0, 22, 1),
(596, 38, '/img/projectos/0038024.jpg', 0, 23, 1),
(597, 38, '/img/projectos/0038025.jpg', 0, 21, 0),
(598, 38, '/img/projectos/0038026.jpg', 0, 19, 0),
(599, 38, '/img/projectos/0038027.jpg', 0, 18, 1),
(602, 38, '/img/projectos/0038015.jpg', 0, 7, 1),
(603, 38, '/img/projectos/0038028.jpg', 0, 25, 0),
(604, 38, '/img/projectos/0038029.jpg', 0, 24, 1),
(605, 39, '/img/projectos/0039001.jpg', 1, 0, 1),
(606, 39, '/img/projectos/0039002.jpg', 0, 0, 0),
(607, 39, '/img/projectos/0039003.jpg', 0, 0, 1),
(608, 39, '/img/projectos/0039004.jpg', 0, 0, 1),
(609, 39, '/img/projectos/0039005.jpg', 0, 0, 1),
(610, 39, '/img/projectos/0039006.jpg', 0, 0, 1),
(611, 39, '/img/projectos/0039007.jpg', 0, 0, 1),
(612, 39, '/img/projectos/0039008.jpg', 0, 0, 1),
(613, 39, '/img/projectos/0039009.jpg', 0, 0, 0),
(614, 39, '/img/projectos/0039010.jpg', 0, 0, 1),
(615, 39, '/img/projectos/0039011.jpg', 0, 0, 1),
(616, 39, '/img/projectos/0039012.jpg', 0, 0, 1),
(617, 39, '/img/projectos/0039013.jpg', 0, 0, 1),
(618, 39, '/img/projectos/0039014.jpg', 0, 0, 0),
(619, 39, '/img/projectos/0039015.jpg', 0, 0, 1),
(620, 39, '/img/projectos/0039016.jpg', 0, 0, 0),
(621, 39, '/img/projectos/0039017.jpg', 0, 0, 1),
(622, 39, '/img/projectos/0039018.jpg', 0, 0, 0),
(623, 39, '/img/projectos/0039019.jpg', 0, 0, 1),
(624, 39, '/img/projectos/0039020.jpg', 0, 0, 0),
(625, 40, '/img/projectos/0040001.jpg', 0, 1, 1),
(626, 40, '/img/projectos/0040002.jpg', 0, 3, 1),
(627, 40, '/img/projectos/0040003.jpg', 0, 4, 1),
(628, 40, '/img/projectos/0040004.jpg', 0, 2, 1),
(629, 40, '/img/projectos/0040005.jpg', 0, 5, 1),
(630, 40, '/img/projectos/0040001.png', 1, 6, 1),
(631, 41, '/img/projectos/0041001.jpg', 0, 0, 1),
(632, 41, '/img/projectos/0041002.jpg', 1, 0, 1),
(633, 41, '/img/projectos/0041003.jpg', 0, 0, 1),
(634, 41, '/img/projectos/0041004.jpg', 0, 0, 1),
(635, 42, '/img/projectos/0042001.jpg', 1, 1, 1),
(636, 42, '/img/projectos/0042002.jpg', 0, 2, 1),
(637, 42, '/img/projectos/0042003.jpg', 0, 3, 1),
(638, 42, '/img/projectos/0042004.jpg', 0, 4, 1),
(639, 42, '/img/projectos/0042005.jpg', 0, 5, 0),
(640, 42, '/img/projectos/0042006.jpg', 0, 6, 0),
(641, 42, '/img/projectos/0042007.jpg', 0, 7, 1),
(642, 42, '/img/projectos/0042008.jpg', 0, 9, 1),
(643, 42, '/img/projectos/0042009.jpg', 0, 12, 1),
(644, 42, '/img/projectos/0042010.jpg', 0, 13, 1),
(645, 42, '/img/projectos/0042011.jpg', 0, 15, 0),
(646, 42, '/img/projectos/0042012.jpg', 0, 17, 0),
(647, 42, '/img/projectos/0042013.jpg', 0, 19, 0),
(649, 42, '/img/projectos/0042015.jpg', 0, 21, 0),
(651, 42, '/img/projectos/0042017.jpg', 0, 26, 1),
(652, 42, '/img/projectos/0042018.jpg', 0, 27, 1),
(653, 42, '/img/projectos/0042019.jpg', 0, 28, 1),
(654, 42, '/img/projectos/0042020.jpg', 0, 29, 1),
(655, 42, '/img/projectos/0042021.jpg', 0, 25, 1),
(656, 42, '/img/projectos/0042022.jpg', 0, 30, 1),
(657, 42, '/img/projectos/0042023.jpg', 0, 31, 1),
(659, 42, '/img/projectos/0042025.jpg', 0, 32, 1),
(660, 42, '/img/projectos/0042026.jpg', 0, 33, 1),
(661, 42, '/img/projectos/0042027.jpg', 0, 34, 0),
(662, 42, '/img/projectos/0042028.jpg', 0, 8, 1),
(663, 42, '/img/projectos/0042029.jpg', 0, 11, 1),
(664, 42, '/img/projectos/0042030.jpg', 0, 22, 1),
(665, 42, '/img/projectos/0042031.jpg', 0, 24, 1),
(668, 42, '/img/projectos/0042034.jpg', 0, 23, 1),
(669, 42, '/img/projectos/0042035.jpg', 0, 10, 1),
(670, 42, '/img/projectos/0042014.jpg', 0, 14, 1),
(671, 42, '/img/projectos/0042016.jpg', 0, 16, 1),
(672, 42, '/img/projectos/0042024.jpg', 0, 18, 0),
(673, 42, '/img/projectos/0042032.jpg', 0, 20, 1),
(675, 43, '/img/projectos/0043002.jpg', 0, 5, 0),
(676, 43, '/img/projectos/0043003.jpg', 0, 6, 1),
(677, 43, '/img/projectos/0043004.jpg', 1, 7, 1),
(679, 43, '/img/projectos/0043006.jpg', 0, 10, 1),
(680, 43, '/img/projectos/0043007.jpg', 0, 11, 1),
(681, 43, '/img/projectos/0043008.jpg', 0, 12, 0),
(682, 43, '/img/projectos/0043009.jpg', 0, 13, 1),
(683, 43, '/img/projectos/0043010.jpg', 0, 14, 1),
(684, 43, '/img/projectos/0043011.jpg', 0, 15, 1),
(685, 43, '/img/projectos/0043012.jpg', 0, 16, 1),
(687, 43, '/img/projectos/0043014.jpg', 0, 17, 1),
(688, 43, '/img/projectos/0043015.jpg', 0, 18, 1),
(689, 43, '/img/projectos/0043016.jpg', 0, 19, 1),
(690, 43, '/img/projectos/0043017.jpg', 0, 20, 1),
(693, 43, '/img/projectos/0043020.jpg', 0, 9, 1),
(695, 43, '/img/projectos/0043019.jpg', 0, 1, 1),
(696, 43, '/img/projectos/0043021.jpg', 0, 2, 1),
(699, 43, '/img/projectos/0043005.jpg', 0, 8, 1),
(702, 43, '/img/projectos/0043013.jpg', 0, 0, 1),
(704, 44, '/img/projectos/0044002.jpg', 0, 44, 0),
(706, 44, '/img/projectos/0044004.jpg', 0, 45, 1),
(707, 44, '/img/projectos/0044005.jpg', 0, 43, 1),
(708, 44, '/img/projectos/0044006.jpg', 0, 48, 1),
(715, 44, '/img/projectos/0044003.jpg', 0, 46, 1),
(716, 44, '/img/projectos/0044001.jpg', 0, 42, 0),
(720, 44, '/img/projectos/0044008.jpg', 0, 41, 0),
(722, 44, '/img/projectos/0044010.jpg', 0, 47, 1),
(723, 44, '/img/projectos/0044009.jpg', 0, 39, 1),
(724, 44, '/img/projectos/0044007.jpg', 0, 40, 1),
(725, 44, '/img/projectos/0044011.jpg', 1, 10, 1),
(726, 44, '/img/projectos/0044012.jpg', 0, 11, 0),
(727, 44, '/img/projectos/0044013.jpg', 0, 12, 1),
(728, 44, '/img/projectos/0044014.jpg', 0, 13, 1),
(729, 44, '/img/projectos/0044015.jpg', 0, 14, 1),
(730, 44, '/img/projectos/0044016.jpg', 0, 15, 1),
(731, 44, '/img/projectos/0044017.jpg', 0, 16, 1),
(732, 44, '/img/projectos/0044018.jpg', 0, 17, 1),
(733, 44, '/img/projectos/0044019.jpg', 0, 18, 1),
(734, 44, '/img/projectos/0044020.jpg', 0, 19, 1),
(735, 44, '/img/projectos/0044021.jpg', 0, 20, 0),
(736, 44, '/img/projectos/0044022.jpg', 0, 21, 1),
(738, 44, '/img/projectos/0044024.jpg', 0, 22, 1),
(739, 44, '/img/projectos/0044025.jpg', 0, 25, 1),
(740, 44, '/img/projectos/0044026.jpg', 0, 26, 0),
(741, 44, '/img/projectos/0044027.jpg', 0, 27, 0),
(742, 44, '/img/projectos/0044028.jpg', 0, 28, 0),
(743, 44, '/img/projectos/0044029.jpg', 0, 29, 0),
(744, 44, '/img/projectos/0044030.jpg', 0, 30, 1),
(745, 44, '/img/projectos/0044031.jpg', 0, 31, 1),
(746, 44, '/img/projectos/0044032.jpg', 0, 32, 1),
(747, 44, '/img/projectos/0044033.jpg', 0, 33, 0),
(748, 44, '/img/projectos/0044034.jpg', 0, 34, 1),
(749, 44, '/img/projectos/0044035.jpg', 0, 35, 1),
(751, 44, '/img/projectos/0044037.jpg', 0, 36, 1),
(752, 44, '/img/projectos/0044038.jpg', 0, 37, 1),
(753, 44, '/img/projectos/0044023.jpg', 0, 38, 0),
(756, 44, '/img/projectos/0044036.jpg', 0, 5, 1),
(757, 44, '/img/projectos/0044039.jpg', 0, 7, 1),
(758, 44, '/img/projectos/0044040.jpg', 0, 8, 1),
(759, 44, '/img/projectos/0044041.jpg', 0, 9, 0),
(760, 44, '/img/projectos/0044042.jpg', 0, 6, 1),
(764, 44, '/img/projectos/0044046.jpg', 0, 50, 1),
(766, 44, '/img/projectos/0044044.jpg', 0, 49, 1),
(768, 44, '/img/projectos/0044043.jpg', 0, 51, 1),
(769, 44, '/img/projectos/0044045.jpg', 0, 53, 1),
(770, 44, '/img/projectos/0044047.jpg', 0, 54, 1),
(771, 44, '/img/projectos/0044048.jpg', 0, 55, 0),
(772, 44, '/img/projectos/0044049.jpg', 0, 56, 1),
(773, 44, '/img/projectos/0044050.jpg', 0, 52, 1),
(800, 44, '/img/projectos/0044052.jpg', 0, 23, 1),
(801, 44, '/img/projectos/0044053.jpg', 0, 24, 0),
(802, 45, '/img/projectos/0045001.png', 1, 1, 1),
(803, 45, '/img/projectos/0045002.png', 0, 2, 1),
(804, 45, '/img/projectos/0045003.png', 0, 3, 0),
(805, 45, '/img/projectos/0045004.png', 0, 4, 0),
(806, 45, '/img/projectos/0045005.png', 0, 5, 1),
(807, 45, '/img/projectos/0045006.png', 0, 6, 0),
(808, 45, '/img/projectos/0045007.png', 0, 8, 0),
(809, 45, '/img/projectos/0045008.png', 0, 9, 1),
(810, 45, '/img/projectos/0045009.png', 0, 10, 0),
(811, 45, '/img/projectos/0045010.png', 0, 11, 1),
(812, 45, '/img/projectos/0045011.png', 0, 12, 0),
(813, 45, '/img/projectos/0045012.png', 0, 13, 1),
(814, 45, '/img/projectos/0045013.png', 0, 14, 1),
(815, 45, '/img/projectos/0045014.png', 0, 15, 0),
(816, 45, '/img/projectos/0045015.png', 0, 16, 0),
(817, 45, '/img/projectos/0045016.png', 0, 17, 0),
(819, 45, '/img/projectos/0045018.png', 0, 19, 1),
(820, 45, '/img/projectos/0045019.png', 0, 20, 1),
(821, 45, '/img/projectos/0045020.png', 0, 21, 1),
(822, 45, '/img/projectos/0045021.png', 0, 22, 0),
(823, 45, '/img/projectos/0045022.png', 0, 23, 1),
(824, 45, '/img/projectos/0045023.png', 0, 24, 1),
(825, 45, '/img/projectos/0045024.png', 0, 25, 1),
(826, 45, '/img/projectos/0045025.png', 0, 26, 0),
(828, 45, '/img/projectos/0045027.png', 0, 28, 0),
(830, 45, '/img/projectos/0045029.png', 0, 30, 1),
(831, 45, '/img/projectos/0045030.png', 0, 7, 0),
(832, 46, '/img/projectos/0046001.jpg', 0, 0, 1),
(833, 46, '/img/projectos/0046002.jpg', 0, 0, 0),
(834, 46, '/img/projectos/0046003.jpg', 0, 0, 1),
(835, 46, '/img/projectos/0046004.jpg', 0, 0, 1),
(836, 46, '/img/projectos/0046005.jpg', 1, 0, 1),
(837, 46, '/img/projectos/0046006.jpg', 0, 0, 1),
(838, 46, '/img/projectos/0046007.jpg', 0, 0, 0),
(839, 46, '/img/projectos/0046008.jpg', 0, 0, 1),
(840, 46, '/img/projectos/0046009.jpg', 0, 0, 1),
(841, 46, '/img/projectos/0046010.jpg', 0, 0, 1),
(842, 46, '/img/projectos/0046011.jpg', 0, 0, 0),
(875, 47, '/img/projectos/0047012.jpg', 0, 12, 1),
(876, 47, '/img/projectos/0047013.jpg', 0, 13, 1),
(877, 47, '/img/projectos/0047014.jpg', 0, 14, 1),
(878, 47, '/img/projectos/0047015.jpg', 0, 15, 1),
(881, 47, '/img/projectos/0047018.jpg', 0, 16, 1),
(888, 47, '/img/projectos/0047001.jpg', 0, 5, 1),
(889, 47, '/img/projectos/0047002.jpg', 0, 3, 1),
(890, 47, '/img/projectos/0047003.jpg', 1, 1, 1),
(891, 47, '/img/projectos/0047004.jpg', 0, 2, 1),
(892, 47, '/img/projectos/0047007.jpg', 0, 6, 1),
(894, 47, '/img/projectos/0047009.jpg', 0, 19, 0),
(895, 47, '/img/projectos/0047010.jpg', 0, 17, 1),
(896, 47, '/img/projectos/0047008.jpg', 0, 4, 1),
(897, 47, '/img/projectos/0047016.jpg', 0, 18, 1),
(898, 47, '/img/projectos/0047017.jpg', 0, 7, 0),
(899, 47, '/img/projectos/0047019.jpg', 0, 8, 1),
(900, 48, '/img/projectos/0048001.jpg', 0, 1, 1),
(901, 48, '/img/projectos/0048002.jpg', 0, 4, 1),
(902, 48, '/img/projectos/0048003.jpg', 0, 3, 1),
(903, 48, '/img/projectos/0048004.jpg', 1, 2, 1),
(904, 48, '/img/projectos/0048005.jpg', 0, 7, 1),
(905, 48, '/img/projectos/0048006.jpg', 0, 9, 1),
(906, 48, '/img/projectos/0048007.jpg', 0, 12, 1),
(907, 48, '/img/projectos/0048008.jpg', 0, 14, 1),
(908, 48, '/img/projectos/0048009.jpg', 0, 8, 1),
(909, 48, '/img/projectos/0048010.jpg', 0, 10, 1),
(910, 48, '/img/projectos/0048011.jpg', 0, 5, 1),
(911, 48, '/img/projectos/0048012.jpg', 0, 15, 1),
(912, 48, '/img/projectos/0048013.jpg', 0, 6, 1),
(913, 48, '/img/projectos/0048014.jpg', 0, 11, 1),
(914, 48, '/img/projectos/0048015.jpg', 0, 13, 1),
(915, 48, '/img/projectos/0048016.jpg', 0, 17, 1),
(916, 48, '/img/projectos/0048017.jpg', 0, 19, 1),
(917, 48, '/img/projectos/0048018.jpg', 0, 25, 1),
(918, 48, '/img/projectos/0048019.jpg', 0, 18, 1),
(919, 48, '/img/projectos/0048020.jpg', 0, 20, 1),
(920, 48, '/img/projectos/0048021.jpg', 0, 22, 1),
(921, 48, '/img/projectos/0048022.jpg', 0, 21, 1),
(922, 48, '/img/projectos/0048023.jpg', 0, 24, 1),
(923, 48, '/img/projectos/0048024.jpg', 0, 23, 1),
(937, 48, '/img/projectos/0048038.jpg', 0, 16, 1),
(938, 48, '/img/projectos/0048025.jpg', 0, 26, 1),
(939, 48, '/img/projectos/0048026.jpg', 0, 42, 1),
(940, 48, '/img/projectos/0048027.jpg', 0, 27, 1),
(941, 48, '/img/projectos/0048028.jpg', 0, 29, 1),
(942, 48, '/img/projectos/0048029.jpg', 0, 28, 1),
(943, 48, '/img/projectos/0048030.jpg', 0, 30, 1),
(944, 48, '/img/projectos/0048031.jpg', 0, 31, 1),
(945, 48, '/img/projectos/0048032.jpg', 0, 33, 1),
(946, 48, '/img/projectos/0048033.jpg', 0, 32, 1),
(947, 48, '/img/projectos/0048034.jpg', 0, 34, 1),
(948, 48, '/img/projectos/0048035.jpg', 0, 36, 1),
(949, 48, '/img/projectos/0048036.jpg', 0, 35, 1),
(950, 48, '/img/projectos/0048037.jpg', 0, 37, 1),
(951, 48, '/img/projectos/0048039.jpg', 0, 38, 1),
(952, 48, '/img/projectos/0048040.jpg', 0, 39, 1),
(954, 48, '/img/projectos/0048042.jpg', 0, 41, 1),
(955, 50, '/img/projectos/0050001.jpg', 0, 1, 1),
(956, 50, '/img/projectos/0050002.jpg', 0, 2, 0),
(957, 50, '/img/projectos/0050003.jpg', 0, 7, 1),
(958, 50, '/img/projectos/0050004.jpg', 0, 4, 1),
(959, 50, '/img/projectos/0050005.jpg', 0, 6, 1),
(960, 50, '/img/projectos/0050006.jpg', 0, 9, 1),
(961, 50, '/img/projectos/0050007.jpg', 0, 12, 1),
(962, 50, '/img/projectos/0050008.jpg', 0, 13, 1),
(963, 50, '/img/projectos/0050009.jpg', 0, 14, 1),
(964, 50, '/img/projectos/0050010.jpg', 0, 15, 0),
(965, 50, '/img/projectos/0050011.jpg', 0, 18, 1),
(966, 50, '/img/projectos/0050012.jpg', 0, 8, 1),
(967, 50, '/img/projectos/0050013.jpg', 1, 20, 1),
(968, 50, '/img/projectos/0050014.jpg', 0, 26, 0),
(969, 50, '/img/projectos/0050015.jpg', 0, 27, 0),
(970, 50, '/img/projectos/0050016.jpg', 0, 29, 1),
(971, 50, '/img/projectos/0050017.jpg', 0, 30, 1),
(972, 50, '/img/projectos/0050018.jpg', 0, 31, 1),
(973, 50, '/img/projectos/0050019.jpg', 0, 32, 0),
(974, 50, '/img/projectos/0050020.jpg', 0, 22, 1),
(975, 50, '/img/projectos/0050021.jpg', 0, 21, 1),
(976, 50, '/img/projectos/0050022.jpg', 0, 16, 1),
(977, 50, '/img/projectos/0050023.jpg', 0, 3, 1),
(978, 50, '/img/projectos/0050024.jpg', 0, 19, 1),
(979, 50, '/img/projectos/0050025.jpg', 0, 11, 1),
(980, 50, '/img/projectos/0050026.jpg', 0, 5, 1),
(982, 50, '/img/projectos/0050028.jpg', 0, 17, 1),
(983, 50, '/img/projectos/0050029.jpg', 0, 28, 1),
(984, 50, '/img/projectos/0050027.jpg', 0, 10, 1),
(985, 50, '/img/projectos/0050030.jpg', 0, 23, 1),
(986, 50, '/img/projectos/0050031.jpg', 0, 25, 0),
(987, 50, '/img/projectos/0050032.jpg', 0, 24, 1),
(1008, 49, '/img/projectos/0049001.jpeg', 1, 13, 0),
(1009, 49, '/img/projectos/0049002.jpeg', 0, 14, 1),
(1010, 49, '/img/projectos/0049003.jpeg', 0, 11, 1),
(1011, 49, '/img/projectos/0049004.jpeg', 0, 10, 1),
(1012, 49, '/img/projectos/0049005.jpeg', 0, 15, 0),
(1013, 49, '/img/projectos/0049006.jpeg', 0, 16, 0),
(1014, 49, '/img/projectos/0049007.jpeg', 0, 17, 1),
(1015, 49, '/img/projectos/0049008.jpeg', 0, 18, 0),
(1016, 49, '/img/projectos/0049009.jpeg', 0, 19, 1),
(1017, 49, '/img/projectos/0049010.jpeg', 0, 20, 0),
(1019, 49, '/img/projectos/0049012.jpeg', 0, 21, 1),
(1020, 49, '/img/projectos/0049013.jpeg', 0, 22, 0),
(1021, 49, '/img/projectos/0049014.jpeg', 0, 23, 1),
(1022, 49, '/img/projectos/0049015.jpeg', 0, 24, 0),
(1023, 49, '/img/projectos/0049001.jpg', 0, 25, 0),
(1024, 49, '/img/projectos/0049002.jpg', 0, 1, 1),
(1025, 49, '/img/projectos/0049003.jpg', 0, 2, 1),
(1026, 49, '/img/projectos/0049004.jpg', 0, 3, 0),
(1027, 49, '/img/projectos/0049005.jpg', 0, 4, 0),
(1028, 49, '/img/projectos/0049006.jpg', 0, 5, 0),
(1029, 49, '/img/projectos/0049007.jpg', 0, 6, 0),
(1030, 49, '/img/projectos/0049008.jpg', 0, 7, 0),
(1031, 49, '/img/projectos/0049009.jpg', 0, 9, 0),
(1032, 49, '/img/projectos/0049010.jpg', 0, 12, 0),
(1033, 49, '/img/projectos/0049011.jpeg', 0, 26, 1),
(1034, 49, '/img/projectos/0049016.jpeg', 0, 27, 1),
(1035, 49, '/img/projectos/0049017.jpeg', 0, 34, 1),
(1036, 49, '/img/projectos/0049018.jpeg', 0, 28, 1),
(1037, 49, '/img/projectos/0049019.jpeg', 0, 29, 1),
(1038, 49, '/img/projectos/0049011.jpg', 0, 30, 1),
(1039, 49, '/img/projectos/0049012.jpg', 0, 32, 0),
(1040, 49, '/img/projectos/0049013.jpg', 0, 33, 0),
(1041, 49, '/img/projectos/0049020.jpeg', 0, 46, 1),
(1042, 49, '/img/projectos/0049021.jpeg', 0, 48, 0),
(1043, 49, '/img/projectos/0049022.jpeg', 0, 49, 1),
(1044, 49, '/img/projectos/0049023.jpeg', 0, 50, 1),
(1045, 49, '/img/projectos/0049014.jpg', 0, 51, 1),
(1046, 49, '/img/projectos/0049015.jpg', 0, 53, 1),
(1047, 49, '/img/projectos/0049016.jpg', 0, 54, 1),
(1048, 49, '/img/projectos/0049017.jpg', 0, 52, 1),
(1049, 49, '/img/projectos/0049024.jpeg', 0, 61, 1),
(1050, 49, '/img/projectos/0049025.jpeg', 0, 60, 1),
(1051, 49, '/img/projectos/0049026.jpeg', 0, 56, 1),
(1052, 49, '/img/projectos/0049018.jpg', 0, 59, 1),
(1053, 49, '/img/projectos/0049019.jpg', 0, 57, 1),
(1054, 49, '/img/projectos/0049020.jpg', 0, 58, 1),
(1055, 49, '/img/projectos/0049021.jpg', 0, 55, 1),
(1056, 49, '/img/projectos/0049027.jpeg', 0, 67, 0),
(1057, 49, '/img/projectos/0049028.jpeg', 0, 75, 0),
(1058, 49, '/img/projectos/0049029.jpeg', 0, 73, 1),
(1059, 49, '/img/projectos/0049030.jpeg', 0, 76, 1),
(1060, 49, '/img/projectos/0049031.jpeg', 0, 65, 0),
(1061, 49, '/img/projectos/0049022.jpg', 0, 62, 1),
(1062, 49, '/img/projectos/0049023.jpg', 0, 69, 1),
(1063, 49, '/img/projectos/0049024.jpg', 0, 72, 1),
(1064, 49, '/img/projectos/0049025.jpg', 0, 68, 0),
(1065, 49, '/img/projectos/0049026.jpg', 0, 63, 1),
(1066, 49, '/img/projectos/0049027.jpg', 0, 47, 1),
(1067, 49, '/img/projectos/0049028.jpg', 0, 78, 1),
(1068, 49, '/img/projectos/0049029.jpg', 0, 77, 1),
(1069, 49, '/img/projectos/0049032.jpeg', 0, 80, 1),
(1070, 49, '/img/projectos/0049033.jpeg', 0, 82, 0),
(1071, 49, '/img/projectos/0049034.jpeg', 0, 71, 0),
(1072, 49, '/img/projectos/0049035.jpeg', 0, 64, 1),
(1073, 49, '/img/projectos/0049036.jpeg', 0, 74, 1),
(1074, 49, '/img/projectos/0049030.jpg', 0, 35, 1),
(1075, 49, '/img/projectos/0049031.jpg', 0, 36, 1),
(1076, 49, '/img/projectos/0049037.jpeg', 0, 37, 1),
(1077, 49, '/img/projectos/0049038.jpeg', 0, 38, 1),
(1078, 49, '/img/projectos/0049039.jpeg', 0, 39, 1),
(1079, 49, '/img/projectos/0049032.jpg', 0, 40, 1),
(1080, 49, '/img/projectos/0049033.jpg', 0, 42, 1),
(1081, 49, '/img/projectos/0049034.jpg', 0, 45, 1),
(1082, 49, '/img/projectos/0049035.jpg', 0, 43, 1),
(1084, 49, '/img/projectos/0049037.jpg', 0, 44, 1),
(1085, 49, '/img/projectos/0049038.jpg', 0, 41, 1),
(1086, 49, '/img/projectos/0049040.jpeg', 0, 70, 1),
(1087, 49, '/img/projectos/0049036.jpg', 0, 66, 1),
(1088, 49, '/img/projectos/0049039.jpg', 0, 8, 1),
(1089, 49, '/img/projectos/0049041.jpeg', 0, 81, 1),
(1090, 49, '/img/projectos/0049042.jpeg', 0, 79, 1),
(1091, 49, '/img/projectos/0049043.jpeg', 0, 83, 1),
(1092, 49, '/img/projectos/0049040.jpg', 0, 31, 1),
(1100, 53, '/img/projectos/0053001.jpg', 0, 4, 1),
(1101, 53, '/img/projectos/0053002.jpg', 0, 5, 1),
(1102, 53, '/img/projectos/0053003.jpg', 0, 6, 1),
(1103, 53, '/img/projectos/0053004.jpg', 0, 7, 1),
(1104, 53, '/img/projectos/0053005.jpg', 0, 10, 1),
(1105, 53, '/img/projectos/0053006.jpg', 1, 22, 1),
(1106, 53, '/img/projectos/0053007.jpg', 0, 23, 1),
(1107, 53, '/img/projectos/0053008.jpg', 0, 24, 1),
(1108, 53, '/img/projectos/0053009.jpg', 0, 25, 1),
(1109, 53, '/img/projectos/0053010.jpg', 0, 26, 1),
(1110, 53, '/img/projectos/0053011.jpg', 0, 27, 1),
(1111, 53, '/img/projectos/0053012.jpg', 0, 28, 1),
(1112, 53, '/img/projectos/0053013.jpg', 0, 29, 1),
(1113, 53, '/img/projectos/0053014.jpg', 0, 30, 1),
(1114, 53, '/img/projectos/0053015.jpg', 0, 31, 1),
(1115, 53, '/img/projectos/0053016.jpg', 0, 32, 1),
(1116, 53, '/img/projectos/0053017.jpg', 0, 33, 1),
(1117, 53, '/img/projectos/0053018.jpg', 0, 34, 1),
(1118, 53, '/img/projectos/0053019.jpg', 0, 35, 1),
(1119, 53, '/img/projectos/0053020.jpg', 0, 36, 1),
(1120, 53, '/img/projectos/0053021.jpg', 0, 37, 1),
(1121, 53, '/img/projectos/0053022.jpg', 0, 38, 1),
(1122, 53, '/img/projectos/0053023.jpg', 0, 39, 1),
(1123, 53, '/img/projectos/0053024.jpg', 0, 40, 1),
(1124, 53, '/img/projectos/0053025.jpg', 0, 44, 1),
(1125, 53, '/img/projectos/0053026.jpg', 0, 46, 1),
(1126, 53, '/img/projectos/0053027.jpg', 0, 50, 1),
(1127, 53, '/img/projectos/0053028.jpg', 0, 51, 1),
(1128, 53, '/img/projectos/0053029.jpg', 0, 53, 1),
(1129, 53, '/img/projectos/0053030.jpg', 0, 45, 1),
(1130, 53, '/img/projectos/0053031.jpg', 0, 41, 1),
(1131, 53, '/img/projectos/0053032.jpg', 0, 43, 1),
(1132, 53, '/img/projectos/0053033.jpg', 0, 42, 1),
(1133, 53, '/img/projectos/0053034.jpg', 0, 52, 1),
(1134, 53, '/img/projectos/0053035.jpg', 0, 47, 1),
(1135, 53, '/img/projectos/0053036.jpg', 0, 48, 1),
(1136, 53, '/img/projectos/0053037.jpg', 0, 49, 1),
(1137, 53, '/img/projectos/0053038.jpg', 0, 54, 1),
(1138, 53, '/img/projectos/0053039.jpg', 0, 11, 1),
(1139, 53, '/img/projectos/0053040.jpg', 0, 20, 1),
(1140, 53, '/img/projectos/0053041.jpg', 0, 13, 1),
(1141, 53, '/img/projectos/0053042.jpg', 0, 12, 1),
(1142, 53, '/img/projectos/0053043.jpg', 0, 16, 1),
(1143, 53, '/img/projectos/0053044.jpg', 0, 21, 1),
(1144, 53, '/img/projectos/0053045.jpg', 0, 19, 1),
(1145, 53, '/img/projectos/0053046.jpg', 0, 14, 1),
(1146, 53, '/img/projectos/0053047.jpg', 0, 17, 1),
(1147, 53, '/img/projectos/0053048.jpg', 0, 15, 1),
(1148, 53, '/img/projectos/0053049.jpg', 0, 8, 1),
(1149, 53, '/img/projectos/0053050.jpg', 0, 18, 1),
(1150, 53, '/img/projectos/0053051.jpg', 0, 9, 1),
(1151, 53, '/img/projectos/0053052.jpg', 0, 3, 1),
(1152, 53, '/img/projectos/0053053.jpg', 0, 2, 1),
(1153, 53, '/img/projectos/0053054.jpg', 0, 1, 1),
(1154, 54, '/img/projectos/0054001.jpg', 0, 4, 1),
(1155, 54, '/img/projectos/0054002.jpg', 0, 5, 1),
(1156, 54, '/img/projectos/0054003.jpg', 0, 6, 1),
(1157, 54, '/img/projectos/0054004.jpg', 0, 7, 1),
(1158, 54, '/img/projectos/0054005.jpg', 0, 10, 1),
(1159, 54, '/img/projectos/0054006.jpg', 0, 22, 1),
(1160, 54, '/img/projectos/0054007.jpg', 0, 23, 1),
(1161, 54, '/img/projectos/0054008.jpg', 0, 24, 1),
(1162, 54, '/img/projectos/0054009.jpg', 0, 25, 1),
(1163, 54, '/img/projectos/0054010.jpg', 0, 26, 1),
(1164, 54, '/img/projectos/0054011.jpg', 0, 27, 1),
(1165, 54, '/img/projectos/0054012.jpg', 0, 28, 1),
(1166, 54, '/img/projectos/0054013.jpg', 0, 29, 1),
(1167, 54, '/img/projectos/0054014.jpg', 0, 30, 1),
(1168, 54, '/img/projectos/0054015.jpg', 0, 31, 1),
(1169, 54, '/img/projectos/0054016.jpg', 0, 32, 1),
(1170, 54, '/img/projectos/0054017.jpg', 0, 33, 1),
(1171, 54, '/img/projectos/0054018.jpg', 0, 34, 1),
(1172, 54, '/img/projectos/0054019.jpg', 0, 35, 1),
(1173, 54, '/img/projectos/0054020.jpg', 0, 36, 1),
(1174, 54, '/img/projectos/0054021.jpg', 0, 37, 1),
(1175, 54, '/img/projectos/0054022.jpg', 0, 38, 1),
(1176, 54, '/img/projectos/0054023.jpg', 0, 40, 1),
(1177, 54, '/img/projectos/0054024.jpg', 0, 47, 1),
(1178, 54, '/img/projectos/0054025.jpg', 1, 41, 1),
(1179, 54, '/img/projectos/0054026.jpg', 0, 49, 1),
(1180, 54, '/img/projectos/0054027.jpg', 0, 50, 1),
(1181, 54, '/img/projectos/0054028.jpg', 0, 51, 1),
(1182, 54, '/img/projectos/0054029.jpg', 0, 46, 1),
(1183, 54, '/img/projectos/0054030.jpg', 0, 45, 1),
(1184, 54, '/img/projectos/0054031.jpg', 0, 42, 1),
(1185, 54, '/img/projectos/0054032.jpg', 0, 43, 1),
(1186, 54, '/img/projectos/0054033.jpg', 0, 44, 1),
(1187, 54, '/img/projectos/0054034.jpg', 0, 48, 1),
(1188, 54, '/img/projectos/0054035.jpg', 0, 52, 1),
(1189, 54, '/img/projectos/0054036.jpg', 0, 53, 1),
(1190, 54, '/img/projectos/0054037.jpg', 0, 54, 1),
(1191, 54, '/img/projectos/0054038.jpg', 0, 11, 1),
(1192, 54, '/img/projectos/0054039.jpg', 0, 21, 1),
(1193, 54, '/img/projectos/0054040.jpg', 0, 13, 1),
(1194, 54, '/img/projectos/0054041.jpg', 0, 12, 1),
(1195, 54, '/img/projectos/0054042.jpg', 0, 16, 1),
(1196, 54, '/img/projectos/0054043.jpg', 0, 20, 0),
(1197, 54, '/img/projectos/0054044.jpg', 0, 19, 1),
(1198, 54, '/img/projectos/0054045.jpg', 0, 14, 1),
(1199, 54, '/img/projectos/0054046.jpg', 0, 17, 1),
(1200, 54, '/img/projectos/0054047.jpg', 0, 15, 1),
(1201, 54, '/img/projectos/0054048.jpg', 0, 8, 1),
(1202, 54, '/img/projectos/0054049.jpg', 0, 18, 1),
(1203, 54, '/img/projectos/0054050.jpg', 0, 9, 1),
(1204, 54, '/img/projectos/0054051.jpg', 0, 3, 1),
(1205, 54, '/img/projectos/0054052.jpg', 0, 2, 1),
(1206, 54, '/img/projectos/0054053.jpg', 0, 1, 1),
(1207, 54, '/img/projectos/0054054.jpg', 0, 39, 1);

-- --------------------------------------------------------

--
-- Estrutura da tabela `promocao`
--

CREATE TABLE `promocao` (
  `id` bigint NOT NULL,
  `nome` varchar(255) NOT NULL,
  `valor` int NOT NULL,
  `tipo` varchar(255) NOT NULL,
  `produtos` varchar(255) NOT NULL DEFAULT 'stock',
  `inicio` date NOT NULL,
  `fim` date NOT NULL,
  `categoria` int NOT NULL,
  `countdown` varchar(255) NOT NULL DEFAULT ''
) ENGINE=MyISAM DEFAULT CHARSET=utf8mb3;

--
-- Extraindo dados da tabela `promocao`
--

INSERT INTO `promocao` (`id`, `nome`, `valor`, `tipo`, `produtos`, `inicio`, `fim`, `categoria`, `countdown`) VALUES
(4, 'Promoções Natal_30%', 30, 'percentagem', 'stock', '2016-11-25', '2016-12-31', 0, ''),
(5, 'Dia da Criança', 30, 'percentagem', 'stock', '2017-05-23', '2017-06-03', 8, ''),
(6, 'Promoções_Junho17', 50, 'percentagem', 'stock', '2017-06-26', '2017-07-31', 1, ''),
(8, 'Black Friday 2017', 30, 'percentagem', 'stock', '2017-11-24', '2017-11-24', 0, ''),
(9, 'Decor - Monday Abril', 30, 'percentagem', 'stock', '2018-04-02', '2018-04-02', 3, ''),
(24, 'CiBlack', 30, 'percentagem', 'stock', '2020-11-26', '2020-12-09', 0, ''),
(25, 'Natal', 40, 'percentagem', 'stock', '2020-12-15', '2020-12-31', 9, ''),
(12, 'Dia da criança', 30, 'percentagem', 'stock', '2018-05-25', '2018-06-03', 8, ''),
(13, 'Decor Monday - Junho', 30, 'percentagem', 'stock', '2018-06-01', '2018-06-04', 5, ''),
(14, '30% Secção Infantil', 30, 'percentagem', 'stock', '2018-09-03', '2018-09-03', 8, ''),
(15, 'Decor Monday NOV', 30, 'percentagem', 'stock', '2018-11-05', '2018-11-05', 1, 'http://gen.sendtric.com/countdown/6slqnj7ml8'),
(16, 'Black Days 2018', 30, 'percentagem', 'stock', '2018-11-23', '2018-11-26', 0, 'http://gen.sendtric.com/countdown/vmgt8jssgk'),
(17, 'Decor Monday DEZ', 30, 'percentagem', 'stock', '2018-12-03', '2018-12-03', 9, 'http://gen.sendtric.com/countdown/c8lqlur9ea'),
(18, 'Decor Monday JAN19', 30, 'percentagem', 'stock', '2019-01-07', '2019-01-07', 6, 'http://gen.sendtric.com/countdown/03o6fc0qhv'),
(19, 'Decor Monday FEV19', 30, 'percentagem', 'stock', '2019-02-04', '2019-02-04', 5, 'http://gen.sendtric.com/countdown/jxrc3x3md1'),
(20, 'Spring Sales', 40, 'percentagem', 'stock', '2020-03-24', '2020-04-30', 1, ''),
(21, 'Aromatic Sales', 20, 'percentagem', 'stock', '2020-04-06', '2020-04-30', 11, ''),
(22, 'Shine a light', 30, 'percentagem', 'stock', '2020-05-02', '2020-05-31', 3, ''),
(23, 'Flores e plantas - 20%', 20, 'percentagem', 'stock', '2020-07-09', '2020-08-09', 13, ''),
(27, 'Acessórios', 30, 'percentagem', 'stock', '2020-12-15', '2020-12-31', 4, ''),
(29, 'Promoções Dia da Mãe', 30, 'percentagem', 'stock', '2021-04-21', '2021-05-04', 13, ''),
(33, 'Dia da Criança', 30, 'percentagem', 'stock', '2021-05-28', '2021-06-03', 8, 'http://gen.sendtric.com/countdown/a6kmp3r5cp');

-- --------------------------------------------------------

--
-- Estrutura da tabela `sorteio`
--

CREATE TABLE `sorteio` (
  `id` bigint NOT NULL,
  `campanha` varchar(255) NOT NULL DEFAULT '',
  `nome` varchar(255) NOT NULL DEFAULT '',
  `email` varchar(255) NOT NULL DEFAULT '',
  `contacto` varchar(255) NOT NULL DEFAULT '',
  `valor` float(8,2) NOT NULL DEFAULT '0.00',
  `codigo` varchar(255) NOT NULL DEFAULT '',
  `vouchers` int NOT NULL DEFAULT '0'
) ENGINE=InnoDB DEFAULT CHARSET=utf8mb3;

--
-- Extraindo dados da tabela `sorteio`
--

INSERT INTO `sorteio` (`id`, `campanha`, `nome`, `email`, `contacto`, `valor`, `codigo`, `vouchers`) VALUES
(1, 'dia-dos-namorados', 'Sr.ª Maria Campos', 'campos.maria@hotmail.com', '914772727', 462.45, 'XSOZS', 4),
(2, 'dia-dos-namorados', 'Ana Sofia Capela', 'ascapela@gmail.com', '966519388', 224.50, 'TTUOD', 2);

-- --------------------------------------------------------

--
-- Estrutura da tabela `tracking`
--

CREATE TABLE `tracking` (
  `id` bigint NOT NULL,
  `id_venda` bigint NOT NULL,
  `id_tracking_est` bigint NOT NULL,
  `data` date NOT NULL
) ENGINE=InnoDB DEFAULT CHARSET=utf8mb3;

--
-- Extraindo dados da tabela `tracking`
--

INSERT INTO `tracking` (`id`, `id_venda`, `id_tracking_est`, `data`) VALUES
(104, 107, 1, '2016-11-30'),
(105, 108, 1, '2016-12-09'),
(119, 111, 1, '2017-02-19'),
(120, 111, 2, '2017-02-19'),
(148, 107, 7, '2017-03-01'),
(149, 108, 7, '2017-03-01'),
(151, 111, 3, '2017-03-01'),
(152, 111, 4, '2017-03-06'),
(153, 111, 6, '2017-03-10'),
(154, 112, 1, '2017-03-12'),
(155, 113, 1, '2017-03-12'),
(156, 113, 2, '2017-03-12'),
(157, 113, 4, '2017-03-14'),
(158, 113, 6, '2017-03-20'),
(160, 115, 1, '2017-05-29'),
(161, 116, 1, '2017-05-29'),
(162, 116, 2, '2017-05-29'),
(163, 116, 3, '2017-05-30'),
(164, 116, 4, '2017-05-31'),
(165, 116, 6, '2017-06-01'),
(166, 117, 1, '2017-07-27'),
(167, 117, 2, '2017-07-27'),
(168, 117, 6, '2017-08-04'),
(169, 118, 1, '2017-12-20'),
(170, 118, 2, '2017-12-20'),
(171, 118, 4, '2017-12-21'),
(172, 118, 6, '2018-01-02'),
(173, 119, 1, '2018-03-14'),
(174, 119, 2, '2018-03-14'),
(175, 119, 2, '2018-03-14'),
(176, 119, 4, '2018-03-15'),
(177, 119, 6, '2018-03-17'),
(180, 122, 1, '2018-07-30'),
(181, 122, 2, '2018-07-30'),
(182, 122, 4, '2018-07-31'),
(185, 125, 1, '2018-10-05'),
(186, 126, 1, '2018-10-05'),
(187, 126, 2, '2018-10-05'),
(188, 126, 4, '2018-10-09'),
(195, 133, 1, '2018-11-23'),
(197, 135, 1, '2019-01-03'),
(198, 135, 2, '2019-01-03'),
(199, 135, 3, '2019-01-07'),
(200, 135, 4, '2019-01-07'),
(202, 137, 1, '2019-01-16'),
(203, 135, 6, '2019-01-16'),
(204, 137, 7, '2019-01-18'),
(205, 138, 1, '2019-01-21'),
(206, 138, 2, '2019-01-23'),
(207, 138, 3, '2019-01-24'),
(208, 138, 4, '2019-01-25'),
(209, 139, 1, '2019-02-08'),
(210, 139, 2, '2019-02-08'),
(212, 139, 3, '2019-02-11'),
(213, 139, 4, '2019-02-11'),
(214, 139, 4, '2019-02-11'),
(215, 141, 1, '2019-02-25'),
(216, 142, 1, '2019-02-25'),
(217, 143, 1, '2019-02-25'),
(219, 145, 1, '2019-03-15'),
(220, 145, 2, '2019-03-15'),
(221, 145, 3, '2019-03-18'),
(222, 145, 4, '2019-03-19'),
(224, 147, 1, '2020-04-27'),
(225, 147, 2, '2020-04-27'),
(226, 147, 4, '2020-04-28'),
(227, 148, 1, '2020-04-30'),
(228, 148, 2, '2020-04-30'),
(229, 148, 4, '2020-04-30'),
(230, 149, 1, '2020-05-05'),
(231, 149, 2, '2020-05-05'),
(232, 149, 3, '2020-05-05'),
(233, 147, 6, '2020-05-05'),
(234, 148, 6, '2020-05-05'),
(235, 149, 4, '2020-05-05'),
(236, 150, 1, '2020-06-08'),
(237, 151, 1, '2020-06-10'),
(238, 152, 1, '2020-07-17'),
(239, 153, 1, '2020-07-20'),
(240, 154, 1, '2020-07-20'),
(241, 154, 2, '2020-07-20'),
(242, 154, 3, '2020-07-20'),
(243, 154, 4, '2020-07-21'),
(244, 155, 1, '2020-08-04'),
(246, 157, 1, '2020-08-07'),
(247, 158, 1, '2020-08-07'),
(248, 158, 2, '2020-08-07'),
(249, 158, 3, '2020-08-07'),
(250, 158, 4, '2020-08-07'),
(251, 158, 6, '2020-08-07'),
(252, 159, 1, '2020-08-24'),
(253, 159, 2, '2020-08-24'),
(254, 159, 3, '2020-08-25'),
(255, 159, 4, '2020-08-31'),
(256, 159, 4, '2020-08-31'),
(258, 161, 1, '2020-10-04'),
(259, 161, 2, '2020-10-04'),
(260, 161, 3, '2020-10-06'),
(261, 161, 4, '2020-10-07'),
(262, 161, 6, '2020-10-13'),
(263, 162, 1, '2020-10-15'),
(264, 163, 1, '2020-10-15'),
(268, 167, 1, '2020-10-15'),
(272, 171, 1, '2020-10-15'),
(273, 171, 2, '2020-10-15'),
(274, 171, 3, '2020-10-15'),
(275, 172, 1, '2020-10-16'),
(276, 173, 1, '2020-10-17'),
(277, 173, 7, '2020-10-21'),
(278, 174, 1, '2020-10-29'),
(279, 175, 1, '2020-10-29'),
(280, 175, 2, '2020-10-29'),
(281, 175, 3, '2020-10-30'),
(284, 175, 4, '2020-11-02'),
(285, 175, 6, '2020-11-04'),
(287, 179, 1, '2020-11-07'),
(288, 179, 2, '2020-11-07'),
(289, 180, 1, '2020-11-07'),
(290, 180, 2, '2020-11-07'),
(329, 210, 1, '2020-11-21'),
(334, 215, 1, '2020-11-22'),
(335, 216, 1, '2020-11-22'),
(336, 216, 2, '2020-11-22'),
(337, 216, 3, '2020-11-23'),
(338, 216, 6, '2020-11-25'),
(339, 217, 1, '2020-11-30'),
(340, 217, 2, '2020-12-01'),
(341, 218, 1, '2020-12-01'),
(342, 218, 2, '2020-12-01'),
(355, 225, 1, '2020-12-08'),
(356, 225, 2, '2020-12-08'),
(357, 225, 3, '2020-12-09'),
(358, 225, 4, '2020-12-14'),
(359, 226, 1, '2020-12-23'),
(363, 230, 1, '2021-01-26'),
(364, 231, 1, '2021-01-27'),
(365, 231, 2, '2021-01-27'),
(366, 231, 3, '2021-01-27'),
(368, 233, 1, '2021-01-28'),
(369, 233, 2, '2021-01-29'),
(370, 233, 3, '2021-01-29'),
(371, 233, 4, '2021-01-29'),
(372, 230, 7, '2021-01-29'),
(373, 234, 1, '2021-02-14'),
(374, 234, 2, '2021-02-14'),
(375, 234, 3, '2021-02-15'),
(376, 234, 4, '2021-02-17'),
(377, 235, 1, '2021-02-28'),
(378, 235, 2, '2021-03-01'),
(379, 236, 1, '2021-03-13'),
(380, 236, 2, '2021-03-14'),
(381, 236, 3, '2021-03-15'),
(382, 236, 4, '2021-03-15'),
(383, 158, 4, '2021-03-22'),
(386, 238, 1, '2021-04-14'),
(387, 238, 2, '2021-04-14'),
(388, 238, 3, '2021-04-16'),
(435, 245, 1, '2021-05-04'),
(436, 245, 2, '2021-05-04'),
(437, 245, 3, '2021-05-05'),
(438, 245, 4, '2021-05-05'),
(440, 245, 6, '2021-05-06'),
(449, 245, 8, '2021-05-06'),
(450, 246, 1, '2021-08-11'),
(451, 247, 1, '2021-08-11'),
(452, 247, 3, '2021-09-01'),
(453, 247, 6, '2021-09-02'),
(455, 249, 1, '2021-11-20'),
(456, 250, 1, '2021-11-20'),
(457, 251, 1, '2021-11-24'),
(479, 251, 7, '2021-11-24'),
(482, 250, 4, '2021-11-24'),
(525, 317, 1, '2021-11-25'),
(538, 330, 1, '2021-11-26'),
(539, 331, 1, '2021-11-26'),
(540, 332, 1, '2021-11-26'),
(541, 332, 2, '2021-11-26'),
(542, 332, 3, '2021-11-26');

-- --------------------------------------------------------

--
-- Estrutura da tabela `tracking_est`
--

CREATE TABLE `tracking_est` (
  `id` bigint NOT NULL,
  `descricao_pt` text NOT NULL,
  `descricao_en` text NOT NULL
) ENGINE=InnoDB DEFAULT CHARSET=utf8mb3;

--
-- Extraindo dados da tabela `tracking_est`
--

INSERT INTO `tracking_est` (`id`, `descricao_pt`, `descricao_en`) VALUES
(1, 'Encomenda online registada', 'Registered online order'),
(2, 'Pagamento recebido', 'Payment received'),
(3, 'Encomenda em produção', 'Production order'),
(4, 'Encomenda enviada', 'Order sent'),
(5, 'Encomenda enviada parcialmente', 'Partially shipped order'),
(6, 'Encomenda entregue', 'Order delivered'),
(7, 'Encomenda cancelada', 'Order canceled'),
(8, 'Compra concluída', 'Purchase Completed');

-- --------------------------------------------------------

--
-- Estrutura da tabela `user`
--

CREATE TABLE `user` (
  `id` bigint NOT NULL,
  `nome` varchar(255) NOT NULL DEFAULT '',
  `apelido` varchar(255) NOT NULL DEFAULT '',
  `nif` varchar(20) NOT NULL DEFAULT '',
  `contacto` varchar(20) NOT NULL DEFAULT '',
  `tipo_cliente` varchar(255) NOT NULL DEFAULT 'cliente',
  `email` varchar(255) NOT NULL DEFAULT '',
  `password` varchar(255) NOT NULL DEFAULT '',
  `token` varchar(255) NOT NULL DEFAULT '',
  `check_descontos` tinyint(1) NOT NULL DEFAULT '0',
  `data_registo` date DEFAULT NULL,
  `ultimo_acesso` date DEFAULT NULL,
  `estado` varchar(255) NOT NULL DEFAULT 'pendente'
) ENGINE=InnoDB DEFAULT CHARSET=latin1;

--
-- Extraindo dados da tabela `user`
--

INSERT INTO `user` (`id`, `nome`, `apelido`, `nif`, `contacto`, `tipo_cliente`, `email`, `password`, `token`, `check_descontos`, `data_registo`, `ultimo_acesso`, `estado`) VALUES
(12, 'Ana Clara Torres Vieira', '', '265281660', '916588564', 'empresa', 'cvieira@mredis.com', '$2y$10$XEdOm/nYdlD0A.g5NQUAE.Sh82ZsVRYs8DAj36MyFw2C8SdNN0hsy', 'jdJhSv5VLlBHL', 1, '2020-11-09', '2021-01-20', 'ativo'),
(30, 'Tiago', 'Ferreira', '1234567689', '916675333', 'cliente', 'tiago.ferreira@icloud.com', '$2y$10$YpIW0RySh39VdXhXE4V2J.SzZ723tBMM7uqIGgOyC.VxiIhl30hiC', 'FJYw1XeNMJvHO', 0, '2020-11-18', '2020-11-20', 'ativo'),
(31, 'Cidalia', 'Araujo', '', '', 'cliente', 'cidalia.ci@gmail.com', '$2y$10$58AASA2il2AOQ3jeFlB2G.MbMdzmCB5VZrvd9y4iJ2oOy29DHSjd2', 'C5YdtCZxzi5Ke', 1, '2020-11-20', '2020-11-21', 'ativo'),
(33, 'Sergio', 'Machado', '', '', 'cliente', 'safsm@sapo.pt', '$2y$10$dP/AXzCGbdluIJ8eZ9QgxutCGofyxFrf0fMviNm4SfB4BmROGm88C', 'GZ3NG75wdtOII', 1, '2020-11-21', '2020-11-21', 'ativo'),
(34, 'Ana Clara ', 'Torres Vieira', '', '', 'cliente', 'anaclaravieira10@hotmail.com', '$2y$10$sLhEU1qisqI5RMWJ/lG7.Ohf869AIVVZM6JpSvjTKyMVt5ok.e64u', 'g2uMLtk8yzIt6', 0, '2020-11-21', '2021-04-23', 'ativo'),
(35, 'Dulce', 'Bugalho', '', '', 'cliente', 'd_bugalho@hotmail.com', '$2y$10$SJCB2K7UyyOaQ0dBjsum2ebW6EDCd0eXKFOPBWCLpo5kygbfxboHG', '0if76WWRjEB01', 1, '2020-11-22', '2020-11-22', 'ativo'),
(36, 'O Sítio dos Cogumelos, Lda ', '', '', '', 'empresa', 'martaaguiar8@hotmail.com', '$2y$10$6Wgk27bRhLUpNxEJZxRTmuEO7f2R/sCLPICiYHECOPqtvGP8uAQOm', 'geA3dbg8xjqzd', 1, '2020-11-30', '2020-11-30', 'ativo'),
(37, 'Joana ', 'Alves', '', '', 'cliente', 'joanarcalves@gmail.com', '$2y$10$aOzsVmPo/sES75qH5jgNgOLdhrSYsN3Y15TTddt2FeSVThJob98O.', 'fdhqrCmUQHD7d', 1, '2020-11-30', '2020-11-30', 'ativo'),
(38, 'Marta ', 'Ferreira', '', '', 'cliente', 'martta.ferreira@gmail.com', '$2y$10$kF9P.XwKq4BCr5VCpB5XROQ/czKQJgAJs6BXPrZFymIGi0Pv1eLNa', 'JUWRsmHoCP1iS', 1, '2020-12-03', '2020-12-08', 'ativo'),
(39, 'Manuela ', 'Vieira', '', '', 'cliente', 'mma-vieira@hotmail.com', '$2y$10$Ey/F.NQdMF.bGp/AnhF1bukRSZg/jAO8QvxPnDoSPYa7z6ZkKH8Uq', 'X7oEM4tWHtVeg', 1, '2020-12-06', '2020-12-06', 'ativo'),
(40, 'Carla', 'Lopes', '', '', 'cliente', 'carlasilvalopes@hotmail.com', '$2y$10$66WGc/ApQpKWHVOpbDst5.xSQhAFrk4FESIxBudga5TNfiBN.93li', 'U8prZ0lp9QkNt', 1, '2020-12-28', NULL, 'ativo'),
(41, 'Sónia ', 'Espirito Santo', '', '', 'cliente', 'sonia.petisca@hotmail.com', '$2y$10$qDetrby58.6vze1eAa/t3urEMI4suGSwPwSveny0GCvA7vopZ1Q8W', 'gqN8XZGFTMoRK', 1, '2021-02-08', '2021-02-08', 'pendente'),
(42, 'Susana', 'Henriques', '', '', 'cliente', 'susana.i.henriques@gmail.com', '$2y$10$o/lfAt6nTxJmyylt2NTzTe/GRgm.3KRMMLML3XoLbyFyKFZTbeudy', 'LN3vmbZHDI8Jf', 0, '2021-03-12', '2021-03-12', 'ativo'),
(43, 'Ana Margarida Alves ', 'Moreira', '', '', 'cliente', 'anamoreira63@gmail.com', '$2y$10$1sxqDx2pCXnOQHMmmf2Zn.VbhCy.njeWnqGZTR2qIM/8TPNxphiKm', 'gjLh9onbNgxJ1', 0, '2021-04-14', '2021-04-15', 'ativo'),
(44, 'Ana Sofia ', 'Marques', '', '', 'cliente', 'anocassilva83@gmail.com', '$2y$10$4vpchxV0Q4PRLu.odwxZw.H./Di7xHcEzm5C3gv2Vmnav15gI7Ipa', 'f9Cw3OjgpnuYZ', 0, '2021-08-11', '2021-08-11', 'ativo'),
(45, 'Honorio Silva', 'Silva', '', '', 'cliente', 'hsilva@mredis.com', '$2y$10$avXDTDeaW5SfefE5OcjQLOrM13ORrcG6VFwjzzqinYYf4lBTr8tya', 'tpEIBXyeXGPZv', 0, '2021-10-13', '2021-10-13', 'ativo'),
(46, 'Bdhd', 'Bdh', '', '', 'cliente', 'nemadom@meg.hu', '$2y$10$dYM8kXfM/UzOZ0Itvxoi1uzoNSqctNz9kdsPjYCZpLwCon0wUgiNS', 'O5hCaSEmhNyjl', 1, '2021-11-22', NULL, 'pendente');

-- --------------------------------------------------------

--
-- Estrutura da tabela `user_morada`
--

CREATE TABLE `user_morada` (
  `id` bigint NOT NULL,
  `id_user` bigint NOT NULL,
  `nome` varchar(255) NOT NULL DEFAULT '',
  `apelido` varchar(255) NOT NULL DEFAULT '',
  `endereco` varchar(255) NOT NULL DEFAULT '',
  `localidade` varchar(255) NOT NULL DEFAULT '',
  `codigo_postal` varchar(255) NOT NULL DEFAULT '',
  `pais` varchar(255) NOT NULL DEFAULT '',
  `telemovel` varchar(255) NOT NULL DEFAULT '',
  `nome_morada` varchar(255) NOT NULL DEFAULT ''
) ENGINE=InnoDB DEFAULT CHARSET=latin1;

--
-- Extraindo dados da tabela `user_morada`
--

INSERT INTO `user_morada` (`id`, `id_user`, `nome`, `apelido`, `endereco`, `localidade`, `codigo_postal`, `pais`, `telemovel`, `nome_morada`) VALUES
(19, 12, 'Teste teste', '', 'TRAVESSA DA PONTE', 'Braga', '4720-538', 'Madeira', '916588564', 't'),
(20, 30, 'Tiago', 'Ferreira', 'Rua Encosta Do Sol, N6', 'Jesufrei', '4770-160', 'Portugal', '+351916675333', 'Casa'),
(21, 30, 'Tiago', 'Ferreira', 'Empresa de Decor', 'Decorlandia', '4770-160', 'Portugal', '916675333', 'Loja'),
(22, 12, 'Teste teste', '', 'TRAVESSA DA PONTE', 'Braga', '4720-538', 'Madeira', '916588564', 'morada teste'),
(23, 33, 'Sergio', 'Machado', 'Av. Larim n240', 'Soutelo, Vila Verde', '4730-581', 'Portugal', '+351918018106', ''),
(24, 35, 'Dulce', 'Bugalho', 'Praceta dos templários, lote 14', 'Nisa', '6050-324', 'Portugal', '966605446', ''),
(25, 36, 'O Sítio dos Cogumelos, Lda ', '', 'Tâmega Park, Ed Terra, Fr I ', 'Amarante ', '4600-758', 'Portugal', '917170703', 'NIPC 510 263 186 '),
(26, 39, 'Manuela Vieira', 'Vieira', 'Avenida do Requeixo n 70', 'SOBREPOSTA', '4715-645 Braga', 'Portugal', '965586344', ''),
(27, 42, 'Susana', 'Henriques', 'Rua do Parque número 1', 'Lage', '4730-247', 'Portugal', '963816443', ''),
(28, 44, 'Ana sofia Marques', 'Marques', 'Avenida Montes Herminios,  Bloco A, R/C Dto', 'Tortosendo ', '6200-759', 'Portugal', '926202142', '');

-- --------------------------------------------------------

--
-- Estrutura da tabela `user_password`
--

CREATE TABLE `user_password` (
  `id` bigint NOT NULL,
  `email` varchar(255) NOT NULL DEFAULT '',
  `token` varchar(255) NOT NULL DEFAULT '',
  `data` date NOT NULL
) ENGINE=InnoDB DEFAULT CHARSET=latin1;

--
-- Extraindo dados da tabela `user_password`
--

INSERT INTO `user_password` (`id`, `email`, `token`, `data`) VALUES
(2, 'teste@mgest.eu', 'n2E8flMFXtSzy', '2020-11-11'),
(3, 'c@mredis.com', 'KxYQ3YnXjzwa2', '2020-11-18');

-- --------------------------------------------------------

--
-- Estrutura da tabela `user_vales`
--

CREATE TABLE `user_vales` (
  `id` bigint NOT NULL,
  `id_user` bigint NOT NULL,
  `id_vale` bigint NOT NULL,
  `id_venda` bigint DEFAULT NULL,
  `data` date NOT NULL,
  `data_utilizacao` date NOT NULL,
  `utilizado` tinyint(1) NOT NULL DEFAULT '0'
) ENGINE=InnoDB DEFAULT CHARSET=latin1;

--
-- Extraindo dados da tabela `user_vales`
--

INSERT INTO `user_vales` (`id`, `id_user`, `id_vale`, `id_venda`, `data`, `data_utilizacao`, `utilizado`) VALUES
(3, 12, 2, NULL, '2020-11-17', '0000-00-00', 0);

-- --------------------------------------------------------

--
-- Estrutura da tabela `vales_desconto`
--

CREATE TABLE `vales_desconto` (
  `id` bigint NOT NULL,
  `nome` varchar(255) NOT NULL DEFAULT '',
  `codigo` varchar(255) NOT NULL DEFAULT '',
  `valor_desconto` int NOT NULL DEFAULT '0',
  `valor_condicao` int NOT NULL DEFAULT '0',
  `gratis` tinyint(1) NOT NULL DEFAULT '0',
  `data_inicio` date NOT NULL,
  `data_fim` date NOT NULL,
  `descricao` text NOT NULL,
  `tipo` varchar(255) NOT NULL DEFAULT 'acima_de'
) ENGINE=InnoDB DEFAULT CHARSET=latin1;

--
-- Extraindo dados da tabela `vales_desconto`
--

INSERT INTO `vales_desconto` (`id`, `nome`, `codigo`, `valor_desconto`, `valor_condicao`, `gratis`, `data_inicio`, `data_fim`, `descricao`, `tipo`) VALUES
(1, 'DESCONTOCINCO', 'CUPAO5', 5, 0, 0, '2020-11-17', '2020-11-20', 'SEM DESCRIÇÃO', 'cupao'),
(2, 'CUPAOSEM', 'CUPAOSEM', 10, 100, 0, '2020-11-17', '2020-11-20', '', 'cupao'),
(4, 'CupaoCEM', 'CIDECOR21', 0, 0, 1, '2021-06-21', '2021-07-31', 'CUPÃO PORTES GRÁTIS', '');

-- --------------------------------------------------------

--
-- Estrutura da tabela `venda`
--

CREATE TABLE `venda` (
  `id` bigint NOT NULL,
  `id_user` bigint DEFAULT NULL,
  `nome` text NOT NULL,
  `rua` text NOT NULL,
  `postal` text NOT NULL,
  `localidade` text NOT NULL,
  `regiao` text NOT NULL,
  `contacto` int NOT NULL,
  `nif` int NOT NULL,
  `email` text NOT NULL,
  `nome2` text NOT NULL,
  `rua2` text NOT NULL,
  `postal2` text NOT NULL,
  `localidade2` text NOT NULL,
  `regiao2` text NOT NULL,
  `contacto2` int NOT NULL,
  `produtos` float NOT NULL,
  `portes` float NOT NULL,
  `total` double NOT NULL,
  `metodo` text NOT NULL,
  `estado` text NOT NULL,
  `transid` text NOT NULL,
  `seguranca` text NOT NULL,
  `tracking` text NOT NULL,
  `fatura` varchar(255) NOT NULL DEFAULT '',
  `data` date NOT NULL,
  `hora` time NOT NULL,
  `metodo_envio` varchar(255) NOT NULL DEFAULT 'envio'
) ENGINE=InnoDB DEFAULT CHARSET=utf8mb3;

--
-- Extraindo dados da tabela `venda`
--

INSERT INTO `venda` (`id`, `id_user`, `nome`, `rua`, `postal`, `localidade`, `regiao`, `contacto`, `nif`, `email`, `nome2`, `rua2`, `postal2`, `localidade2`, `regiao2`, `contacto2`, `produtos`, `portes`, `total`, `metodo`, `estado`, `transid`, `seguranca`, `tracking`, `fatura`, `data`, `hora`, `metodo_envio`) VALUES
(107, NULL, 'Cidalia', 'Nuno Amorim', '4700-435', 'Braga', 'Portugal', 918018194, 230996132, 'cidalia.ci@gmail.com', 'Cidalia', 'Nuno Amorim', '4700-435', 'Braga', 'Portugal', 918018194, 115, 4.61, 119.61, 'hipay', 'pendente', '', 'e3ArsNu9LW', 'ElTaDQ', '', '2016-11-30', '19:17:10', 'envio'),
(108, NULL, 'Sérgio Machado', 'Avenida de Larim', '4730-581', 'Vila Verde', 'Portugal', 918018106, 0, 'safsm@sapo.pt', 'Sérgio Machado', 'Avenida de Larim', '4730-581', 'Vila Verde', 'Portugal', 918018106, 4.9, 4.61, 9.51, 'hipay', 'pendente', '', 'HrWGx2oX0G', 'E8RqKM', '', '2016-12-09', '18:16:13', 'envio'),
(111, NULL, 'Rita Coutinho ', 'Avenida Dr. Dias da Silva número 1, 1º andar', '3000-136', 'Coimbra', 'Portugal', 916129796, 231411448, 'aritacoutinho@gmail.com', 'Rita Coutinho ', 'Avenida Dr. Dias da Silva número 1, 1º andar', '3000-136', 'Coimbra', 'Portugal', 916129796, 240, 5.26, 245.26, 'hipay', 'pago', '58A9BBB169A5A103', 'tbpxBchxvh', 'vlk9Md', '', '2017-02-19', '15:36:49', 'envio'),
(112, NULL, 'Sérgio Machado', 'Avenida de Larim, n. 240', '4730-581', 'Soutelo', 'Portugal', 918018106, 0, 'cidalia.ci@gmail.com', 'Sérgio Machado', 'Avenida de Larim, n. 240', '4730-581', 'Soutelo', 'Portugal', 918018106, 18, 4.61, 22.61, 'hipay', 'pendente', '', 'nzhnoY7xfA', 'nd9FX5', '', '2017-03-12', '21:12:33', 'envio'),
(113, NULL, 'Sérgio Machado', 'Avenida de Larim, n. 240', '4730-581', 'Soutelo', 'Portugal', 918018106, 0, 'cidalia.ci@gmail.com', 'Sérgio Machado', 'Avenida de Larim, n. 240', '4730-581', 'Soutelo', 'Portugal', 918018106, 18, 4.61, 22.61, 'hipay', 'pago', '58C5BBCC9B874232', '42xPAE2JgS', 'XeYfF8', '', '2017-03-12', '21:20:05', 'envio'),
(115, NULL, 'Semural WE, S.A.', 'Rua do Cartão - Ruaes  ', '4700-565', 'Mire de Tibaes - Braga', 'Portugal', 919593905, 510333044, 'sofia.marques@semural.pt', 'Sofia Marques ', 'Azedo Gneco, n. 28', '4710-008', 'Braga', 'Portugal', 919593907, 464.41, 39.48, 503.89, 'hipay', 'pendente', '', 'Gmo8gL5B3Q', 'po8C3B', '', '2017-05-29', '22:15:22', 'envio'),
(116, NULL, 'Semural WE,S.A.', 'Rua do Cartão - Mire de Tibaes ', '4700-565', 'Braga ', 'Portugal', 919593907, 510333044, 'sofia.marques@semural.pt', 'Adelaide Sofia Guimaraes Gomes Marques', 'Rua Azedo Gneco, 28', '4710-008', 'Braga', 'Portugal', 919593907, 464.41, 39.48, 503.89, 'hipay', 'pago', '592C95DF6511C112', 'RDAcEmBS8C', 'Urngx2', '', '2017-05-29', '22:41:17', 'envio'),
(117, NULL, 'Carla Sofia Santos', 'Avenida Manuel da Fonseca nº31 1ºandar', '2840-470', 'Seixal', 'Portugal', 964811597, 0, 'carla.santos@cm-seixal.pt', 'Carla Sofia Santos', 'Avenida Manuel da Fonseca nº31 1ºandar', '2840-470', 'Seixal', 'Portugal', 964811597, 80, 5.26, 85.26, 'hipay', 'pago', '597A04032BEE2911', 'JsrxtzM5Dz', 'LgdRT6', '', '2017-07-27', '16:17:01', 'envio'),
(118, NULL, 'Catia Vanessa Martins costa', 'Rua do barrôco n.228, nevogilde- lousada', '4620-919', 'Nevogilde-lousada', 'Portugal', 914111339, 242576966, 'catia_costa115@hotmail.com', 'Catia Vanessa Martins costa', 'Rua do barrôco n.228, nevogilde- lousada', '4620-919', 'Nevogilde-lousada', 'Portugal', 914111339, 9.8, 4.61, 14.41, 'hipay', 'pago', '5A3A798D34E74185', 'YJ8dTdn6OC', '9Mc7BP', '', '2017-12-20', '14:52:41', 'envio'),
(119, NULL, 'Bruna  Silva', 'Rua Padre Vitorino Sousa Alves, nº 32, 3º direito', '4715-398', 'Braga', 'Portugal', 963174179, 238071782, 'bsilva@deb.uminho.pt', 'Bruna  Silva', 'Rua Padre Vitorino Sousa Alves, nº 32, 3º direito', '4715-398', 'Braga', 'Portugal', 963174179, 7.5, 4.61, 12.11, 'hipay', 'pago', '5AA94297DE911127', 'BhpjUgBhNo', 'YUAHFZ', '', '2018-03-14', '15:40:49', 'envio'),
(122, NULL, 'marilia clemente', 'rua do bairro n164ariz', '4625-034', 'marco canaveses', 'Portugal', 916652826, 233885480, 'marilia.albano.cunha@gmail.com', 'marilia clemente', 'rua do bairro n164ariz', '4625-034', 'marco canaveses', 'Portugal', 916652826, 18.48, 4.61, 23.09, 'hipay', 'pago', '5B5E5476BB36D135', 'OdUK3EIg54', '5rFlah', '', '2018-07-30', '00:57:16', 'envio'),
(125, NULL, 'Maria José Lima Dourado', 'Rua Bernardino Costa 422 bloco B, hab 0.3', '4405-534', 'Vila Nova de Gaia', 'Portugal', 912566934, 219610347, 'mjdourado@gmail.com', 'Maria José Lima Dourado', 'Rua Bernardino Costa 422 bloco B, hab 0.3', '4405-534', 'Vila Nova de Gaia', 'Portugal', 912566934, 170, 5.26, 175.26, 'hipay', 'pendente', '', '0Ejfe9XuZ1', '8vt1Mn', '', '2018-10-05', '22:20:47', 'envio'),
(126, NULL, 'Maria Jose Lima Dourado', 'Rua Bernardino Costa 422 bloco B hab 0.3', '4405-534', 'Vila Nova de Gaia', 'Portugal', 912566934, 219610347, 'mjdourado@gmail.com', 'Maria Jose Lima Dourado', 'Rua Bernardino Costa 422 bloco B hab 0.3', '4405-534', 'Vila Nova de Gaia', 'Portugal', 912566934, 170, 5.26, 175.26, 'hipay', 'pago', '5BB7D8119A9A1209', '2xRpA1p8PM', 'TnC0SA', '', '2018-10-05', '22:28:09', 'envio'),
(133, NULL, 'Joana Marques ', 'Rua Duarte Barbosa 37, 1A', '4150-285', 'Porto', 'Portugal', 912077338, 225511380, 'jt.mm@hotmail.com', 'Joana Marques ', 'Rua Duarte Barbosa 37, 1A', '4150-285', 'Porto', 'Portugal', 912077338, 12.67, 4.61, 17.28, 'hipay', 'pendente', '', 'ToE9fBtIc8', 'ERYifG', '', '2018-11-23', '18:53:05', 'envio'),
(135, NULL, 'Dora Russo', 'Rua Nossa Senhora da Conceição 48 3ºEsq', '2870-441', 'Montijo', 'Portugal', 914752504, 192858742, 'dorarusso@gmail.com', 'Dora Russo', 'Rua Nossa Senhora da Conceição 48 3ºEsq', '2870-441', 'Montijo', 'Portugal', 914752504, 164, 4.61, 168.61, 'hipay', 'pago', '5C2E0362B24DF128', 'l7oOWaCNob', '4lY2Ga', '', '2019-01-03', '12:42:44', 'envio'),
(137, NULL, 'Patrícia Maria Mendonça Rodrigues Ribeiro', 'rua joao regras 58 - 2 andar', '4000-290', 'porto', 'Portugal', 919275718, 219827737, 'patriciamaria.ribeiro@gmail.com', 'Patrícia Maria Mendonça Rodrigues Ribeiro', 'rua joao regras 58 - 2 andar', '4000-290', 'porto', 'Portugal', 919275718, 73.15, 4.61, 77.76, 'hipay', 'pendente', '', 'mjUrdONuYe', 'oep4h4', '', '2019-01-16', '10:04:06', 'envio'),
(138, NULL, 'Dionisio e Filhos, Actividades Hoteleiras lda', 'Rua Álvaro de Campos, n°1, loja 1', '2620-258', 'Ramada', 'Portugal', 914580308, 514032049, 'claudia.novais@gmail.com', 'Dionisio e Filhos, Actividades Hoteleiras lda', 'Rua Álvaro de Campos, n°1, loja 1', '2620-258', 'Ramada', 'Portugal', 914580308, 139.2, 4.61, 143.81, 'hipay', 'pago', '5C45F399A7810312', 'MCR6v1OtNO', 'F8IoeA', '', '2019-01-21', '16:29:57', 'envio'),
(139, NULL, 'Maria José Lima Dourado', 'Travessa do Eirado 310 bloco B hab 0.2', '4410-428', 'Arcozelo, Vila Nova de Gaia ', 'Portugal', 912566934, 219610347, 'mjdourado@gmail.com', 'Maria José Lima Dourado', 'Rua Bernardino Costa 422 bloco B habitação 0.3', '4405-534', 'Valadares, Vila Nova de Gaia ', 'Portugal', 912566934, 245, 4.61, 249.61, 'hipay', 'pago', '5C5DC8F0EAE42318', 'P3ALU3jZ8j', 'FbA9bD', '', '2019-02-08', '18:20:14', 'envio'),
(141, NULL, 'Nsp global group sl', 'Av. Diagonal 440 ', '00-08037', 'Barcelona', 'Portugal', 2147483647, 0, 'mgarcia@nsp.com.es', 'Nsp global group sl', 'Av. Diagonal 440 ', '00-08037', 'Barcelona', 'Portugal', 2147483647, 2400, 4.61, 2404.61, 'hipay', 'pendente', '', 'jlPfzV8qMC', '5vu1T1', '', '2019-02-25', '22:26:51', 'envio'),
(142, NULL, 'Nsp global group sl', 'Av. Diagonal 440 ', '00-08037', 'Barcelona', 'Portugal', 2147483647, 0, 'mgarcia@nsp.com.es', 'Nsp global group sl', 'Av. Diagonal 440 ', '00-08037', 'Barcelona', 'Portugal', 2147483647, 2400, 4.61, 2404.61, 'hipay', 'pendente', '', 'AYOCs4aiK0', 't55bDC', '', '2019-02-25', '22:37:08', 'envio'),
(143, NULL, 'NSP GLOBAL GROUP SL', '.', '000-0000', 'Barcelona', 'Portugal', 2147483647, 0, 'mgarcia@nsp.com.es', 'NSP GLOBAL GROUP SL', '.', '000-0000', 'Barcelona', 'Portugal', 2147483647, 2000, 4.61, 2004.61, 'hipay', 'pendente', '', 'a68zO9dElf', '7kokCG', '', '2019-02-25', '22:49:00', 'envio'),
(145, NULL, 'ANA SOFIA DA SILVA BATISTA NUNES', 'PRACETA DO PODER LOCAL Nº9,11ºDTO', '1675-155', 'PONTINHA', 'Portugal', 966621756, 233018433, 'anna_baptista@msn.com', 'ANA SOFIA DA SILVA BATISTA NUNES', 'PRACETA DO PODER LOCAL Nº9,11ºDTO', '1675-155', 'PONTINHA', 'Portugal', 966621756, 73.15, 4.61, 77.76, 'hipay', 'pago', '5C8B88DFA4B42459', 'L9HAjE4D6B', 'fhlmrI', '', '2019-03-15', '11:13:18', 'envio'),
(147, NULL, 'Maria da Conceição Pereira', 'Rua Conselheiro Figueiredo Leal, nº 13 3º D', '2090-058', 'Alpiarça', 'Portugal', 961084980, 0, 'saopereira71@gmail.com', 'Maria da Conceição Pereira', 'Rua Conselheiro Figueiredo Leal, nº 13 3º D', '2090-058', 'Alpiarça', 'Portugal', 961084980, 71.1, 4.61, 75.71, 'hipay', 'pago', '5EA74316A3EBD230', 'FagVKthiBn', 'tgYWBK', '', '2020-04-27', '21:38:24', 'envio'),
(148, NULL, 'Inês Gonçalves Querido', 'Rua Alfredo Keil n3 2o esq', '2840-004', 'Seixal', 'Portugal', 910960878, 217270956, 'inesquerido93@gmail.com', 'Inês Gonçalves Querido', 'Rua Alfredo Keil n3 2o esq', '2840-004', 'Seixal', 'Portugal', 910960878, 12, 4.61, 16.61, 'hipay', 'pago', '5EAA916067527219', 'h0dTxM1P1o', 'm7ohrU', '', '2020-04-30', '09:50:14', 'envio'),
(149, NULL, 'Maria Lúcia Amaro', 'Rua Dr. António José de Almeida nr 10, 2esq', '2830-341', 'Barreiro ', 'Portugal', 967437261, 238183645, 'lucia.amaro@gmail.com', 'Maria Lúcia Amaro', 'Rua Dr. António José de Almeida nr 10, 2esq', '2830-341', 'Barreiro ', 'Portugal', 967437261, 72.8, 4.61, 77.41, 'hipay', 'pago', '5EB1348E73F72269', 'HVSmkXHkaW', '9Q9BF8', '', '2020-05-05', '10:40:03', 'envio'),
(150, NULL, 'Cláudia Lopes Carreira', 'Rua S. Salvador de Montélios 29 - 1º Esquerdo', '4700-294', 'Braga', 'Portugal', 912977044, 0, 'claudialopes.marketing@gmail.com', 'Cláudia Lopes Carreira', 'Rua S. Salvador de Montélios 29 - 1º Esquerdo', '4700-294', 'Braga', 'Portugal', 912977044, 33.5, 4.61, 38.11, 'hipay', 'pendente', '', 'feazpdVRjk', 'Yd3t7F', '', '2020-06-08', '10:38:23', 'envio'),
(151, NULL, 'Liliana Fernanda Torres Miranda ', 'Rua Dom Frei Bartolomeu dos mártires n.56', '4740-419', 'Esposende  ', 'Portugal', 925949694, 233577777, 'liliana_4fb@hotmail.com', 'Liliana Fernanda Torres Miranda ', 'Rua Dom Frei Bartolomeu dos mártires n.56', '4740-419', 'Esposende  ', 'Portugal', 925949694, 113.4, 19.74, 133.14, 'hipay', 'pendente', '', 'J50FTm8ldJ', 'GFAIIY', '', '2020-06-10', '05:58:21', 'envio'),
(152, NULL, 'Liliana Fernanda Torres Miranda', 'Dom Frei Bartolomeu, dos Mártires n.56', '4740-417', 'Fonte-Boa', 'Portugal', 925949694, 233577777, 'liliana_4fb@hotmail.com', 'Liliana Fernanda Torres Miranda', 'rua das fabricas nº2', '4740-417', 'Fonte-Boa', 'Portugal', 925949694, 90.56, 11.19, 101.75, 'hipay', 'pendente', '', '7OrBWrIsKT', '5EOLqp', '', '2020-07-17', '09:40:21', 'envio'),
(153, NULL, 'Liliana Fernanda Torres Miranda', 'Dom Frei Bartolomeu, dos Mártires n.56', '4740-417', 'Fonte-Boa', 'Portugal', 925949694, 233577777, 'liliana_4fb@hotmail.com', 'Liliana Fernanda Torres Miranda', 'Dom Frei Bartolomeu, dos Mártires n.56', '4740-417', 'Fonte-Boa', 'Portugal', 925949694, 52.8, 5.26, 58.06, 'hipay', 'pendente', '', 'XX3mYicFB4', 'RiNuiQ', '', '2020-07-20', '14:56:06', 'envio'),
(154, NULL, 'Liliana Fernanda Torres Miranda', 'Dom Frei Bartolomeu, dos Mártires n.56', '4740-417', 'Fonte-Boa', 'Portugal', 925949694, 233577777, 'liliana_4fb@hotmail.com', 'Liliana Fernanda Torres Miranda', 'Dom Frei Bartolomeu, dos Mártires n.56', '4740-417', 'Fonte-Boa', 'Portugal', 925949694, 52.8, 5.26, 58.06, 'hipay', 'pago', '5F15A4C00422D144', 'kCnpHheFD5', 'sIrOeq', '', '2020-07-20', '15:05:37', 'envio'),
(155, NULL, 'gonçalo teste', 'rua de braga', '5000-200', 'Braga', 'Portugal', 937546803, 261442350, 'gonalopinto59@gmail.com', 'gonçalo teste', 'rua de braga', '5000-200', 'Braga', 'Portugal', 937546803, 50.7, 4.61, 55.31, 'hipay', 'pendente', '', 'CfBY7vvJlQ', 'jjlgSP', '', '2020-08-04', '16:38:07', 'envio'),
(157, NULL, 'Cidália Sofia Oliveira de Araújo', 'Rua do Assento de Cima, n.24, Palmeira', '4700-682', 'Braga', 'Portugal', 918018194, 230996132, 'cidalia.ci@gmail.com', 'Cidália Sofia Oliveira de Araújo', 'Rua do Assento de Cima, n.24, Palmeira', '4700-682', 'Braga', 'Portugal', 918018194, 5, 4.61, 9.61, 'hipay', 'pendente', '', 'HrfHd2n7qd', 'd2pgGr', '', '2020-08-07', '09:49:31', 'envio'),
(158, NULL, 'Cidália Sofia Oliveira de Araújo', 'Rua do Assento de Cima, n.24, Palmeira', '4700-682', 'Braga', 'Portugal', 918018194, 230996132, 'cidalia.ci@gmail.com', 'Cidália Sofia Oliveira de Araújo', 'Rua do Assento de Cima, n.24, Palmeira', '4700-682', 'Braga', 'Portugal', 918018194, 5, 4.61, 9.61, 'hipay', 'pago', '5F2D17B1D89D6271', 'nqrD58gSFJ', 'HtYizp', '', '2020-08-07', '09:57:42', 'envio'),
(159, NULL, 'Iolanda Gabriela Lopes Reis da Silva', 'Rua da Cruz,25, Marinhas', '4740-577', 'Esposende', 'Portugal', 965101186, 218904924, 'iglrsilva@outlook.pt', 'Iolanda Gabriela Lopes Reis da Silva', 'Rua da Cruz,25, Marinhas', '4740-577', 'Esposende', 'Portugal', 965101186, 41, 4.61, 45.61, 'hipay', 'pago', '5F43D0CB97434112', 'Krn4YNgvMt', 'KTj1JQ', '', '2020-08-24', '15:36:09', 'envio'),
(161, NULL, 'Jordana Gonçalves', 'Rua das Freiras n 118', '4820-207', 'Fafe', 'Portugal', 939601413, 248995065, 'jordanaccg88@gmail.com', 'Jordana Gonçalves', 'Rua das Freiras n 118', '4820-207', 'Fafe', 'Portugal', 939601413, 54.6, 4.61, 59.21, 'hipay', 'pago', '5F7A1E79E8099193', 'RWf4x0ktI4', 'iD5D9T', '', '2020-10-04', '20:11:29', 'envio'),
(162, NULL, 'Graça Maria Pires de Carvalho Júnior', 'Rua Dr. Mascarenhas de Melo 4, 3ºdto', '1500-245', 'Lisboa', 'Portugal', 2147483647, 0, 'adripiresdecarvalho@gmail.com', 'Graça Maria Pires de Carvalho Júnior', 'Rua Dr. Mascarenhas de Melo 4, 3ºdto', '1500-245', 'Lisboa', 'Portugal', 2147483647, 46.9, 4.61, 51.51, 'hipay', 'pendente', '', 'fUNrQT4SWa', '7ZSGAP', '', '2020-10-15', '12:25:03', 'envio'),
(163, NULL, 'Graça Maria Pires de Carvalho Júnior', 'Rua Dr. Mascarenhas de Melo 4, 3ºdto', '1500-245', 'Lisboa', 'Portugal', 966694798, 0, 'adripiresdecarvalho@gmail.com', 'Graça Maria Pires de Carvalho Júnior', 'Rua Dr. Mascarenhas de Melo 4, 3ºdto', '1500-245', 'Lisboa', 'Portugal', 966694798, 46.9, 4.61, 51.51, 'hipay', 'pendente', '', '3hQFMGSRWP', 'EENoLq', '', '2020-10-15', '12:36:14', 'envio'),
(167, NULL, 'Graça Maria Pires de Carvalho Júnior', 'Rua Dr. Mascarenhas de Melo 4, 3ºdto', '1500-245', 'Lisboa', 'Portugal', 966694798, 0, 'adripiresdecarvalho@gmail.com', 'Graça Maria Pires de Carvalho Júnior', 'Rua Dr. Mascarenhas de Melo 4, 3ºdto', '1500-245', 'Lisboa', 'Portugal', 966694798, 46.9, 4.61, 51.51, 'hipay', 'pendente', '', 'THU4ZK6Jqu', 'M71Pjc', '', '2020-10-15', '15:59:13', 'envio'),
(171, NULL, 'Cidália sofia Araujo', 'r. Assento de cima, n24', '4700-682', 'Braga', 'Portugal', 918018194, 230996132, 'cidalia.ci@gmail.com', 'Cidália sofia Araujo', 'r. Assento de cima, n24', '4700-682', 'Braga', 'Portugal', 918018194, 2.4, 4.61, 7.01, 'hipay', 'pago', '5F887D070DFE3233', 'QIHFvs9pW0', 'VEre92', '', '2020-10-15', '17:45:55', 'envio'),
(172, NULL, 'Graça Maria Pires de Carvalho Júnior', 'Rua Dr. Mascarenhas de Melo 4, 3ºdto', '1500-245', 'Lisboa', 'Portugal', 966694798, 0, 'adripiresdecarvalho@gmail.com', 'Graça Maria Pires de Carvalho Júnior', 'Rua Dr. Mascarenhas de Melo 4, 3ºdto', '1500-245', 'Lisboa', 'Portugal', 966694798, 46.9, 4.61, 51.51, 'hipay', 'pendente', '', '8JaBejMlAh', 'fSeGZh', '', '2020-10-16', '11:18:01', 'envio'),
(173, NULL, 'Ana Claudia Pinto', 'Avenida Forças Armadas, 475', '4820-202', 'Fafe', 'Portugal', 966651868, 213472201, 'cclaudiapinto@hotmail.com', 'Ana Claudia Pinto', 'Avenida Forças Armadas, 475', '4820-202', 'Fafe', 'Portugal', 966651868, 39.6, 4.61, 44.21, 'hipay', 'pendente', '', 'm1BgRePbRd', '9saXNu', '', '2020-10-17', '16:25:34', 'envio'),
(174, NULL, 'CELIA LIMA', 'RUA DO QUÃO N.º 166', '4905-615', 'GERAZ DO LIMA STA MARIA', 'Portugal', 914678432, 0, 'celia.vieiralima07@gmail.com', 'CELIA LIMA', 'RUA DO QUÃO N.º 166', '4905-615', 'GERAZ DO LIMA STA MARIA', 'Portugal', 914678432, 128.1, 4.61, 132.71, 'hipay', 'pendente', '', 'tafmMVUBUk', 'AmbMSL', '', '2020-10-29', '14:38:41', 'envio'),
(175, NULL, 'CELIA LIMA', 'RUA DO QUÃO N.º 166', '4905-615', 'GERAZ DO LIMA STA MARIA', 'Portugal', 914678432, 0, 'celia.vieiralima07@gmail.com', 'CELIA LIMA', 'RUA DO QUÃO N.º 166', '4905-615', 'GERAZ DO LIMA STA MARIA', 'Portugal', 914678432, 128.1, 4.61, 132.71, 'hipay', 'pago', '5F9AD4CCACC66501', 'dCSGBDhj4L', 'fhVism', '', '2020-10-29', '14:42:04', 'envio'),
(179, NULL, 'Célia Costa', 'Rua de São Domingos n174 3dt', '4710-435', 'Braga', 'Portugal', 936572296, 0, 'dayzva@gmail.com', 'Célia Costa', 'Rua de São Domingos n174 3dt', '4710-435', 'Braga', 'Portugal', 936572296, 32.5, 0, 32.5, 'hipay', 'pago', '5FA67BA61B68A297', 'dWFmY30gde', 'PhIen6', '', '2020-11-07', '10:48:28', 'envio'),
(180, NULL, 'Maria de Vasconcelos Lopes Bonnet da Silva ', 'Rua Públia Hortênsia de Castro 7 R/C D', '1500-519', 'Lisboa', 'Portugal', 962216552, 265222907, 'maria.bonnet@hotmail.com', 'Maria de Vasconcelos Lopes Bonnet da Silva ', 'Rua Públia Hortênsia de Castro 7 R/C D', '1500-519', 'Lisboa', 'Portugal', 962216552, 62.3, 0, 62.3, 'hipay', 'pago', '5FA692FB76150688', 'dXlW27ZRcn', 'E3nlr5', '', '2020-11-07', '12:27:13', 'envio'),
(210, 0, 'Cidália Araújo', 'R. Assento de Cima, n.24 Palmeira', '4700-682', 'Braga', 'Portugal', 918018194, 230996132, 'cidalia.ci@gmail.com', 'Cidália Araújo', 'R. Assento de Cima, n.24 Palmeira', '4700-682', 'Braga', 'Portugal', 918018194, 1.75, 4.61, 6.36, 'hipay', 'pendente', '', 'NPpRnaKU2C', 'fxcS5t', '', '2020-11-21', '14:33:19', 'envio'),
(215, 0, 'Sandra Antunes', 'Avenida de Fontelo, nº 49 Lugar Da Cruz', '4730-577', 'Soutelo, Vila Verde', 'Portugal', 961432282, 230756433, 'safi.antunes@gmail.com', 'Sandra Antunes', 'Avenida de Fontelo, nº 49 Lugar Da Cruz', '4730-577', 'Soutelo, Vila Verde', 'Portugal', 961432282, 18, 0, 18, 'hipay', 'pendente', '', '1NYCOL9qxZ', 'B5V82D', '', '2020-11-22', '16:46:26', 'envio'),
(216, 0, 'Sandra Antunes', 'Avenida de Fontelo, nº 49 Lugar Da Cruz', '4730-577', 'Soutelo, Vila Verde', 'Portugal', 961432282, 230756433, 'safi.antunes@gmail.com', 'Sandra Antunes', 'Avenida de Fontelo, nº 49 Lugar Da Cruz', '4730-577', 'Soutelo, Vila Verde', 'Portugal', 961432282, 18, 0, 18, 'hipay', 'pago', '5FBA96F672CB8173', 'F7v6epkacA', 'Exdlh7', '', '2020-11-22', '16:50:04', 'envio'),
(217, 36, 'O Sítio dos Cogumelos, Lda  ', 'Tâmega Park, Ed Terra, Fr I ', '4600-758', 'Amarante ', 'Portugal', 917170703, 510, 'martaaguiar8@hotmail.com', 'O Sítio dos Cogumelos, Lda  ', 'Tâmega Park, Ed Terra, Fr I ', '4600-758', 'Amarante ', 'Portugal', 917170703, 56, 4.61, 60.61, 'hipay', 'pago', '5FC516BB5FD2B233', 'lrBeka8mFu', 'X8NYTo', '', '2020-11-30', '15:57:58', 'envio'),
(218, 37, 'Joana Rita Costa Alves', 'Rua Campo de Futebol, nº22', '3025-548', 'São Silvestre', 'Portugal', 910170026, 246571268, 'joanarcalves@gmail.com', 'Joana Rita Costa Alves', 'Rua Campo de Futebol, nº22', '3025-548', 'São Silvestre', 'Portugal', 910170026, 22.4, 4.61, 27.01, 'hipay', 'pago', '5FC6A49B93DD6273', 'NGvmjsJDVK', 'W2VtFr', '', '2020-12-01', '19:58:00', 'envio'),
(225, 0, 'Joana Passos', 'Rua do Sobreiro, nº 94 4º Centro Traseiras ', '4460-428', 'Senhora da Hora', 'Portugal', 912216292, 225011883, 'joana.pintopassos@gmail.com', 'Joana Passos', 'Rua do Sobreiro, nº 94 4º Centro Traseiras ', '4460-428', 'Senhora da Hora', 'Portugal', 912216292, 43.4, 4.61, 48.01, 'hipay', 'pago', '5FCFF7B2728AA166', '7pn6DX8jre', 'UVEDSh', '', '2020-12-08', '22:00:37', 'envio'),
(226, 0, 'Andréia Sá ', 'Praceta da Ponte da Pedra 66 Rch Hab 4D', '4465-767', 'Leça do Balio ', 'Portugal', 936428606, 0, 'andreiasawork@hotmail.com', 'Andréia Sá ', 'Praceta da Ponte da Pedra 66 Rch Hab 4D', '4465-767', 'Leça do Balio ', 'Portugal', 936428606, 15.6, 4.61, 20.21, 'hipay', 'pendente', '', '1IDENu89II', 'sFWL5D', '', '2020-12-23', '04:39:30', 'envio'),
(230, 0, 'Carla Santos', 'Rua das Olaias ,  lote 9  r/c posterior ', '6279-547', 'Seia', 'Portugal', 965118315, 211193062, 'carlabritosantos77@gmail.com', 'Carla Santos', 'Rua das Olaias ,  lote 9  r/c posterior ', '6279-547', 'Seia', 'Portugal', 965118315, 13.15, 4.61, 17.76, 'hipay', 'pendente', '', 'AhhNga9iKj', 'MFO1MC', '', '2021-01-26', '22:38:50', 'envio'),
(231, 0, 'Susana Costa', 'Praceta Alfredo Ferreira da Cunha 88 5D', '2625-004', 'Póvoa de Santa Iria', 'Portugal', 913330848, 219654956, 'scosta9204@gmail.com', 'Susana Costa', 'Praceta Alfredo Ferreira da Cunha 88 5D', '2625-004', 'Póvoa de Santa Iria', 'Portugal', 913330848, 26.18, 0, 26.18, 'hipay', 'pago', '60119D0637277196', '5Ao3aY1hxd', 'Et2SMn', '', '2021-01-27', '17:03:53', 'envio'),
(233, 0, 'Eunice Maria Oliveira Abreu Ramos ', 'Urbanização da Boavista lt38 Linhaceira ', '2305-114', 'Tomar', 'Portugal', 916415000, 185161006, 'eunice.ramos11@hotmail.com', 'Eunice Maria Oliveira Abreu Ramos ', 'Urbanização da Boavista lt38 Linhaceira ', '2305-114', 'Tomar', 'Portugal', 916415000, 25, 0, 25, 'hipay', 'pago', '601334A3DFE5E145', '3dGZOhRudG', 'VjlVf9', '', '2021-01-28', '22:03:04', 'envio'),
(234, 0, 'Ana Filipa Almeida', 'Rua Padre Moisés da Silva Nr8', '2750-437', 'Cascais', 'Portugal', 917707071, 219894019, 'filipa_a_1@hotmail.com', 'Ana Filipa Almeida', 'Rua Padre Moisés da Silva Nr8', '2750-437', 'Cascais', 'Portugal', 917707071, 32, 4.61, 36.61, 'hipay', 'pago', '60297E75EBACD226', 'ikDxbHXhA2', 'HxbQcg', '', '2021-02-14', '19:47:11', 'envio'),
(235, 0, 'Anabela Brito Martins', 'Caminho de perre 178', '4925-340', 'Viana do Castelo', 'Portugal', 967150648, 0, 'belinhafbrito@hotmail.com', 'Anabela Brito Martins', 'Caminho de perre 178', '4925-340', 'Viana do Castelo', 'Portugal', 967150648, 38.3, 0, 38.3, 'hipay', 'pago', '603BB30EB6E5F583', 'mTLqQ3bbgi', 'n4ENd8', '', '2021-02-28', '15:12:49', 'levantamento'),
(236, 0, 'Graça Matias', 'Urbanizaçao Colina Verde lote 54, 1esq frt', '3510-141', 'Repeses Viseu', 'Portugal', 964192739, 0, 'grassamatias@hotmail.com', 'Graça Matias', 'Urbanizaçao Colina Verde lote 54, 1esq frt', '3510-141', 'Repeses Viseu', 'Portugal', 964192739, 63.7, 0, 63.7, 'hipay', 'pago', '604CCBAEF1A05147', 'QkDispTTfu', 'EpEhAI', '', '2021-03-13', '14:26:08', 'envio'),
(238, 43, 'Ana Margarida Alves Moreira', 'Rua Fotógrafo Arcelino n16 5B', '4705-095', 'Maximinos Braga', 'Portugal', 967458095, 253876249, 'anamoreira63@gmail.com', 'Ana Margarida Alves Moreira', 'Rua Fotógrafo Arcelino n16 5B', '4705-095', 'Maximinos Braga', 'Portugal', 967458095, 331.5, 5.92, 337.42, 'hipay', 'pago', '6076EB163A3E7772', 'ZbTqizsbEz', 'RBhRtn', '', '2021-04-14', '14:15:37', 'envio'),
(245, 0, 'Sara Filipa Tavares Silva ', 'Raia da Paz nº383 R/Ch Esq ', '4400-542', 'Vila nova de gaia', 'Portugal', 912434292, 247747084, 'sara_silva_15@hotmail.com', 'Sara Filipa Tavares Silva ', 'Raia da Paz nº383 R/Ch Esq ', '4400-542', 'Vila nova de gaia', 'Portugal', 912434292, 35, 4.61, 39.61, 'hipay', 'pago', '6091C7EF91161300', 'qCTthgvVvb', 'JvHkh0', '', '2021-05-04', '23:16:55', 'envio'),
(246, 44, 'Ana sofia Marques Marques', 'Avenida Montes Herminios,  Bloco A, R/C Dto', '6200-759', 'Tortosendo ', 'Portugal', 926202142, 0, 'anocassilva83@gmail.com', 'Ana sofia Marques Marques', 'Avenida Montes Herminios,  Bloco A, R/C Dto', '6200-759', 'Tortosendo ', 'Portugal', 926202142, 19.95, 4.61, 24.56, 'hipay', 'pendente', '', 'VKDuRpRIkU', 'rd7b7u', '', '2021-08-11', '07:35:02', 'envio'),
(247, 44, 'Ana sofia Marques Marques', 'Avenida Montes Herminios,  Bloco A, R/C Dto', '6200-759', 'Tortosendo ', 'Portugal', 926202142, 0, 'anocassilva83@gmail.com', 'Ana sofia Marques Marques', 'Avenida Montes Herminios,  Bloco A, R/C Dto', '6200-759', 'Tortosendo ', 'Portugal', 926202142, 19.95, 4.61, 24.56, 'hipay', 'pendente', '', '2EuDOmaJAH', 'NDKe1d', '', '2021-08-11', '07:35:39', 'envio'),
(249, 0, 'Rita lourenço ', 'Dadicauto- Rua da pedra lote 1', '8500-815', 'Portimão ', 'Portugal', 968556758, 0, 'ritaclourenco@hotmail.com', 'Rita lourenço ', 'Dadicauto- Rua da pedra lote 1', '8500-815', 'Portimão ', 'Portugal', 968556758, 12.5, 4.61, 17.11, 'hipay', 'pendente', '', 'JjO3qrY1iH', 'KFcdg5', '', '2021-11-20', '00:15:58', 'envio'),
(250, 0, 'Rita lourenço ', 'Dadicauto-Rua da Pedra lote 1', '8500-815', 'Portimão ', 'Portugal', 968556758, 0, 'ritaclourenco@hotmail.com', 'Rita lourenço ', 'Dadicauto-Rua da Pedra lote 1', '8500-815', 'Portimão ', 'Portugal', 968556758, 12.5, 4.61, 17.11, 'hipay', 'pendente', '', 'al4AaY8pO1', '7CTlsR', '', '2021-11-20', '00:21:11', 'envio'),
(251, 0, 'Ci interior decor', 'Rua de S. Domingos, 178', '4710-435', 'Braga', 'Portugal', 918018194, 230996132, 'cidalia.ci@gmail.com', 'Ci interior decor', 'Rua de S. Domingos, 178', '4710-435', 'Braga', 'Portugal', 918018194, 21.5, 0, 21.5, 'hipay', 'pendente', '', 'WmBzsJmCvd', '15mWpt', '', '2021-11-24', '11:04:16', 'levantamento'),
(317, 0, 'José Pedro Varela Lopes', 'Rua Professor António Marques Dias da Silva n.º 297', '4835-020', 'Guimarães', 'Portugal', 935372870, 0, 'pedro.varela.lopes@gmail.com', 'José Pedro Varela Lopes', 'Rua Professor António Marques Dias da Silva n.º 297', '4835-020', 'Guimarães', 'Portugal', 935372870, 64.5, 0, 64.5, 'hipay', 'pendente', '', '8C8f5vpAhr', '4qjz88', '', '2021-11-25', '15:48:49', 'levantamento'),
(330, 0, 'mcode ', 'RUA CAMILO CASTELO BRANCO Famalicão', '4760-127', 'VILA NOVA DE FAMALICAO', 'Portugal', 932310838, 0, 'hsilva@mredis.com', 'mcode ', 'RUA CAMILO CASTELO BRANCO Famalicão', '4760-127', 'VILA NOVA DE FAMALICAO', 'Portugal', 932310838, 13.9, 0, 13.9, 'hipay', 'pendente', '', 't8oqOr4LiJ', 'n8f76P', '', '2021-11-26', '13:04:38', 'levantamento'),
(331, 0, 'José Pedro Varela Lopes', 'Rua Professor António Marques Dias da Silva n.º 297', '4835-020', 'Guimarães', 'Portugal', 935372870, 0, 'pedro.varela.lopes@gmail.com', 'José Pedro Varela Lopes', 'Rua Professor António Marques Dias da Silva n.º 297', '4835-020', 'Guimarães', 'Portugal', 935372870, 64.5, 0, 64.5, 'hipay', 'pendente', '', 'uK81QnT4dk', 'uWxTtm', '', '2021-11-26', '14:20:18', 'levantamento'),
(332, 0, 'Ci interior decor', 'Rua de S. Domingos, 178', '4710-435', 'Braga', 'Portugal', 918018194, 230996132, 'cidalia.ci@gmail.com', 'Ci interior decor', 'Rua de S. Domingos, 178', '4710-435', 'Braga', 'Portugal', 918018194, 21.5, 0, 21.5, 'hipay', 'pago', '61A0F2E386F60145', 'hCoDM3o8X8', 'ZrvZYL', '', '2021-11-26', '14:43:47', 'levantamento');

-- --------------------------------------------------------

--
-- Estrutura da tabela `venda_avaliacao`
--

CREATE TABLE `venda_avaliacao` (
  `id` bigint NOT NULL,
  `id_venda` bigint NOT NULL,
  `avaliacao` varchar(255) NOT NULL DEFAULT 'muito_bom',
  `data` date NOT NULL
) ENGINE=InnoDB DEFAULT CHARSET=latin1;

-- --------------------------------------------------------

--
-- Estrutura da tabela `venda_conversa`
--

CREATE TABLE `venda_conversa` (
  `id` bigint NOT NULL,
  `id_venda` bigint NOT NULL,
  `assunto` varchar(255) NOT NULL DEFAULT '',
  `data` date NOT NULL
) ENGINE=InnoDB DEFAULT CHARSET=latin1;

-- --------------------------------------------------------

--
-- Estrutura da tabela `venda_conversa_ficheiro`
--

CREATE TABLE `venda_conversa_ficheiro` (
  `id` bigint NOT NULL,
  `id_msg` bigint NOT NULL,
  `ficheiro` varchar(255) NOT NULL DEFAULT '',
  `nome` varchar(255) NOT NULL DEFAULT ''
) ENGINE=InnoDB DEFAULT CHARSET=latin1;

-- --------------------------------------------------------

--
-- Estrutura da tabela `venda_conversa_msg`
--

CREATE TABLE `venda_conversa_msg` (
  `id` bigint NOT NULL,
  `id_venda_conversa` bigint NOT NULL,
  `mensagem` text NOT NULL,
  `data` date NOT NULL,
  `respondido` varchar(255) NOT NULL DEFAULT 'cliente'
) ENGINE=InnoDB DEFAULT CHARSET=latin1;

-- --------------------------------------------------------

--
-- Estrutura da tabela `venda_prod`
--

CREATE TABLE `venda_prod` (
  `id` bigint NOT NULL,
  `id_venda` bigint NOT NULL,
  `id_produto` bigint NOT NULL,
  `preco` float NOT NULL,
  `quantidade` int NOT NULL,
  `total` float NOT NULL,
  `estado` text NOT NULL
) ENGINE=InnoDB DEFAULT CHARSET=utf8mb3;

--
-- Extraindo dados da tabela `venda_prod`
--

INSERT INTO `venda_prod` (`id`, `id_venda`, `id_produto`, `preco`, `quantidade`, `total`, `estado`) VALUES
(72, 108, 275, 4.9, 1, 4.9, ''),
(75, 112, 83, 18, 1, 18, ''),
(76, 113, 83, 18, 1, 18, ''),
(77, 115, 182, 18.48, 1, 18.48, ''),
(78, 115, 181, 28.98, 2, 57.96, ''),
(79, 115, 179, 34.72, 1, 34.72, ''),
(80, 115, 108, 47.36, 1, 47.36, ''),
(81, 115, 109, 32.73, 2, 65.46, ''),
(82, 115, 184, 41.3, 1, 41.3, ''),
(83, 115, 111, 35.67, 1, 35.67, ''),
(84, 115, 112, 41.3, 1, 41.3, ''),
(85, 115, 110, 38.89, 1, 38.89, ''),
(86, 115, 114, 42.35, 1, 42.35, ''),
(87, 115, 113, 40.92, 1, 40.92, ''),
(88, 116, 182, 18.48, 1, 18.48, ''),
(89, 116, 181, 28.98, 2, 57.96, ''),
(90, 116, 179, 34.72, 1, 34.72, ''),
(91, 116, 108, 47.36, 1, 47.36, ''),
(92, 116, 109, 32.73, 2, 65.46, ''),
(93, 116, 184, 41.3, 1, 41.3, ''),
(94, 116, 111, 35.67, 1, 35.67, ''),
(95, 116, 112, 41.3, 1, 41.3, ''),
(96, 116, 110, 38.89, 1, 38.89, ''),
(97, 116, 114, 42.35, 1, 42.35, ''),
(98, 116, 113, 40.92, 1, 40.92, ''),
(100, 118, 362, 9.8, 1, 9.8, ''),
(101, 119, 451, 7.5, 1, 7.5, ''),
(103, 122, 183, 18.48, 1, 18.48, ''),
(105, 125, 321, 170, 1, 170, ''),
(106, 126, 321, 170, 1, 170, ''),
(113, 133, 362, 6.86, 1, 6.86, ''),
(114, 133, 361, 5.81, 1, 5.81, ''),
(116, 135, 446, 164, 1, 164, ''),
(119, 138, 448, 139.2, 1, 139.2, ''),
(120, 139, 323, 245, 1, 245, ''),
(121, 141, 525, 80, 30, 2400, ''),
(122, 142, 525, 80, 30, 2400, ''),
(123, 143, 525, 80, 25, 2000, ''),
(126, 147, 605, 21, 2, 42, ''),
(127, 148, 559, 12, 1, 12, ''),
(128, 149, 580, 34.4, 1, 34.4, ''),
(129, 149, 577, 38.4, 1, 38.4, ''),
(130, 150, 625, 33.5, 1, 33.5, ''),
(131, 151, 757, 3.4, 2, 6.8, ''),
(132, 151, 743, 5.9, 8, 47.2, ''),
(133, 151, 747, 11, 2, 22, ''),
(134, 151, 756, 3.4, 11, 37.4, ''),
(135, 152, 747, 8.8, 6, 52.8, ''),
(136, 152, 743, 4.72, 8, 37.76, ''),
(137, 153, 747, 8.8, 6, 52.8, ''),
(138, 154, 747, 8.8, 6, 52.8, ''),
(139, 155, 762, 50.7, 1, 50.7, ''),
(141, 157, 73, 5, 1, 5, ''),
(142, 158, 73, 5, 1, 5, ''),
(143, 159, 759, 20.5, 2, 41, ''),
(145, 161, 642, 27.3, 2, 54.6, ''),
(146, 162, 609, 23.45, 2, 46.9, ''),
(147, 163, 609, 23.45, 2, 46.9, ''),
(151, 167, 609, 23.45, 2, 46.9, ''),
(155, 171, 221, 2.4, 1, 2.4, ''),
(156, 172, 609, 23.45, 2, 46.9, ''),
(157, 173, 780, 19.8, 2, 39.6, ''),
(158, 174, 603, 23.1, 2, 46.2, ''),
(159, 174, 613, 40.95, 1, 40.95, ''),
(160, 174, 608, 40.95, 1, 40.95, ''),
(161, 175, 603, 23.1, 2, 46.2, ''),
(162, 175, 613, 40.95, 1, 40.95, ''),
(163, 175, 608, 40.95, 1, 40.95, ''),
(169, 179, 533, 14, 1, 14, ''),
(170, 179, 559, 10.5, 1, 10.5, ''),
(171, 179, 255, 4, 2, 8, ''),
(172, 180, 597, 62.3, 1, 62.3, ''),
(210, 210, 229, 1.75, 1, 1.75, ''),
(215, 215, 559, 10.5, 1, 10.5, ''),
(216, 215, 824, 7.5, 1, 7.5, ''),
(217, 216, 559, 10.5, 1, 10.5, ''),
(218, 216, 824, 7.5, 1, 7.5, ''),
(219, 217, 863, 5.25, 4, 21, ''),
(220, 217, 859, 17.5, 2, 35, ''),
(221, 218, 855, 22.4, 1, 22.4, ''),
(229, 225, 853, 43.4, 1, 43.4, ''),
(230, 226, 896, 7.5, 1, 7.5, ''),
(231, 226, 894, 8.1, 1, 8.1, ''),
(237, 230, 823, 4, 1, 4, ''),
(238, 230, 825, 9.15, 1, 9.15, ''),
(239, 231, 791, 10.4, 1, 10.4, ''),
(240, 231, 356, 10.78, 1, 10.78, ''),
(241, 231, 937, 2.5, 2, 5, ''),
(243, 233, 934, 25, 1, 25, ''),
(244, 234, 855, 32, 1, 32, ''),
(245, 235, 889, 18.5, 1, 18.5, ''),
(246, 235, 888, 10.5, 1, 10.5, ''),
(247, 235, 750, 9.3, 1, 9.3, ''),
(248, 236, 884, 19.25, 2, 38.5, ''),
(249, 236, 771, 12.6, 2, 25.2, ''),
(253, 238, 641, 285, 1, 285, ''),
(260, 245, 655, 35, 1, 35, ''),
(261, 246, 623, 19.95, 1, 19.95, ''),
(262, 247, 623, 19.95, 1, 19.95, ''),
(264, 249, 896, 12.5, 1, 12.5, ''),
(265, 250, 896, 12.5, 1, 12.5, ''),
(266, 251, 1165, 21.5, 1, 21.5, ''),
(332, 317, 1057, 64.5, 1, 64.5, ''),
(345, 330, 1025, 13.9, 1, 13.9, ''),
(346, 331, 1057, 64.5, 1, 64.5, ''),
(347, 332, 1165, 21.5, 1, 21.5, '');

--
-- Índices para tabelas despejadas
--

--
-- Índices para tabela `admin`
--
ALTER TABLE `admin`
  ADD PRIMARY KEY (`id`);

--
-- Índices para tabela `banner`
--
ALTER TABLE `banner`
  ADD PRIMARY KEY (`id`);

--
-- Índices para tabela `encomenda`
--
ALTER TABLE `encomenda`
  ADD PRIMARY KEY (`id`),
  ADD KEY `id_produto` (`id_produto`),
  ADD KEY `id_produto_2` (`id_produto`);

--
-- Índices para tabela `essencia`
--
ALTER TABLE `essencia`
  ADD PRIMARY KEY (`id`);

--
-- Índices para tabela `fema`
--
ALTER TABLE `fema`
  ADD PRIMARY KEY (`id`),
  ADD KEY `id_zona` (`id_tipo`);

--
-- Índices para tabela `fema_tipo`
--
ALTER TABLE `fema_tipo`
  ADD PRIMARY KEY (`id`);

--
-- Índices para tabela `home`
--
ALTER TABLE `home`
  ADD PRIMARY KEY (`id`);

--
-- Índices para tabela `newsletter`
--
ALTER TABLE `newsletter`
  ADD PRIMARY KEY (`id`);

--
-- Índices para tabela `noticia`
--
ALTER TABLE `noticia`
  ADD PRIMARY KEY (`id`);

--
-- Índices para tabela `portes`
--
ALTER TABLE `portes`
  ADD PRIMARY KEY (`id`);

--
-- Índices para tabela `produto`
--
ALTER TABLE `produto`
  ADD PRIMARY KEY (`id`),
  ADD KEY `id_produto_cat` (`id_produto_cat`);

--
-- Índices para tabela `produto_cat`
--
ALTER TABLE `produto_cat`
  ADD PRIMARY KEY (`id`);

--
-- Índices para tabela `produto_gal`
--
ALTER TABLE `produto_gal`
  ADD PRIMARY KEY (`id`),
  ADD KEY `id_produto` (`id_produto`);

--
-- Índices para tabela `projeto`
--
ALTER TABLE `projeto`
  ADD PRIMARY KEY (`id`);

--
-- Índices para tabela `projeto_gal`
--
ALTER TABLE `projeto_gal`
  ADD PRIMARY KEY (`id`),
  ADD KEY `id_projetos` (`id_projeto`);

--
-- Índices para tabela `promocao`
--
ALTER TABLE `promocao`
  ADD PRIMARY KEY (`id`);

--
-- Índices para tabela `sorteio`
--
ALTER TABLE `sorteio`
  ADD PRIMARY KEY (`id`);

--
-- Índices para tabela `tracking`
--
ALTER TABLE `tracking`
  ADD PRIMARY KEY (`id`),
  ADD KEY `id_` (`id_venda`),
  ADD KEY `id_venda` (`id_venda`),
  ADD KEY `id_tracking_est` (`id_tracking_est`);

--
-- Índices para tabela `tracking_est`
--
ALTER TABLE `tracking_est`
  ADD PRIMARY KEY (`id`);

--
-- Índices para tabela `user`
--
ALTER TABLE `user`
  ADD PRIMARY KEY (`id`);

--
-- Índices para tabela `user_morada`
--
ALTER TABLE `user_morada`
  ADD PRIMARY KEY (`id`),
  ADD KEY `id_user` (`id_user`);

--
-- Índices para tabela `user_password`
--
ALTER TABLE `user_password`
  ADD PRIMARY KEY (`id`);

--
-- Índices para tabela `user_vales`
--
ALTER TABLE `user_vales`
  ADD PRIMARY KEY (`id`),
  ADD KEY `id_user` (`id_user`),
  ADD KEY `id_vale` (`id_vale`),
  ADD KEY `id_venda` (`id_venda`);

--
-- Índices para tabela `vales_desconto`
--
ALTER TABLE `vales_desconto`
  ADD PRIMARY KEY (`id`);

--
-- Índices para tabela `venda`
--
ALTER TABLE `venda`
  ADD PRIMARY KEY (`id`),
  ADD KEY `id_user` (`id_user`);

--
-- Índices para tabela `venda_avaliacao`
--
ALTER TABLE `venda_avaliacao`
  ADD PRIMARY KEY (`id`),
  ADD KEY `id_venda` (`id_venda`);

--
-- Índices para tabela `venda_conversa`
--
ALTER TABLE `venda_conversa`
  ADD PRIMARY KEY (`id`),
  ADD KEY `id_venda` (`id_venda`);

--
-- Índices para tabela `venda_conversa_ficheiro`
--
ALTER TABLE `venda_conversa_ficheiro`
  ADD PRIMARY KEY (`id`),
  ADD KEY `id_msg` (`id_msg`);

--
-- Índices para tabela `venda_conversa_msg`
--
ALTER TABLE `venda_conversa_msg`
  ADD PRIMARY KEY (`id`),
  ADD KEY `id_venda_conversa` (`id_venda_conversa`);

--
-- Índices para tabela `venda_prod`
--
ALTER TABLE `venda_prod`
  ADD PRIMARY KEY (`id`),
  ADD KEY `id_venda` (`id_venda`,`id_produto`),
  ADD KEY `id_produto` (`id_produto`),
  ADD KEY `id_venda_2` (`id_venda`);

--
-- AUTO_INCREMENT de tabelas despejadas
--

--
-- AUTO_INCREMENT de tabela `admin`
--
ALTER TABLE `admin`
  MODIFY `id` bigint NOT NULL AUTO_INCREMENT, AUTO_INCREMENT=10;

--
-- AUTO_INCREMENT de tabela `banner`
--
ALTER TABLE `banner`
  MODIFY `id` bigint NOT NULL AUTO_INCREMENT, AUTO_INCREMENT=42;

--
-- AUTO_INCREMENT de tabela `encomenda`
--
ALTER TABLE `encomenda`
  MODIFY `id` bigint NOT NULL AUTO_INCREMENT;

--
-- AUTO_INCREMENT de tabela `essencia`
--
ALTER TABLE `essencia`
  MODIFY `id` bigint NOT NULL AUTO_INCREMENT, AUTO_INCREMENT=5;

--
-- AUTO_INCREMENT de tabela `fema`
--
ALTER TABLE `fema`
  MODIFY `id` bigint NOT NULL AUTO_INCREMENT, AUTO_INCREMENT=35;

--
-- AUTO_INCREMENT de tabela `fema_tipo`
--
ALTER TABLE `fema_tipo`
  MODIFY `id` bigint NOT NULL AUTO_INCREMENT, AUTO_INCREMENT=6;

--
-- AUTO_INCREMENT de tabela `home`
--
ALTER TABLE `home`
  MODIFY `id` bigint NOT NULL AUTO_INCREMENT, AUTO_INCREMENT=9;

--
-- AUTO_INCREMENT de tabela `newsletter`
--
ALTER TABLE `newsletter`
  MODIFY `id` bigint NOT NULL AUTO_INCREMENT, AUTO_INCREMENT=645;

--
-- AUTO_INCREMENT de tabela `noticia`
--
ALTER TABLE `noticia`
  MODIFY `id` bigint NOT NULL AUTO_INCREMENT, AUTO_INCREMENT=8;

--
-- AUTO_INCREMENT de tabela `portes`
--
ALTER TABLE `portes`
  MODIFY `id` bigint NOT NULL AUTO_INCREMENT, AUTO_INCREMENT=13;

--
-- AUTO_INCREMENT de tabela `produto`
--
ALTER TABLE `produto`
  MODIFY `id` bigint NOT NULL AUTO_INCREMENT, AUTO_INCREMENT=1172;

--
-- AUTO_INCREMENT de tabela `produto_cat`
--
ALTER TABLE `produto_cat`
  MODIFY `id` bigint NOT NULL AUTO_INCREMENT, AUTO_INCREMENT=15;

--
-- AUTO_INCREMENT de tabela `produto_gal`
--
ALTER TABLE `produto_gal`
  MODIFY `id` bigint NOT NULL AUTO_INCREMENT, AUTO_INCREMENT=4506;

--
-- AUTO_INCREMENT de tabela `projeto`
--
ALTER TABLE `projeto`
  MODIFY `id` bigint NOT NULL AUTO_INCREMENT, AUTO_INCREMENT=55;

--
-- AUTO_INCREMENT de tabela `projeto_gal`
--
ALTER TABLE `projeto_gal`
  MODIFY `id` bigint NOT NULL AUTO_INCREMENT, AUTO_INCREMENT=1208;

--
-- AUTO_INCREMENT de tabela `promocao`
--
ALTER TABLE `promocao`
  MODIFY `id` bigint NOT NULL AUTO_INCREMENT, AUTO_INCREMENT=36;

--
-- AUTO_INCREMENT de tabela `sorteio`
--
ALTER TABLE `sorteio`
  MODIFY `id` bigint NOT NULL AUTO_INCREMENT, AUTO_INCREMENT=3;

--
-- AUTO_INCREMENT de tabela `tracking`
--
ALTER TABLE `tracking`
  MODIFY `id` bigint NOT NULL AUTO_INCREMENT, AUTO_INCREMENT=543;

--
-- AUTO_INCREMENT de tabela `tracking_est`
--
ALTER TABLE `tracking_est`
  MODIFY `id` bigint NOT NULL AUTO_INCREMENT, AUTO_INCREMENT=9;

--
-- AUTO_INCREMENT de tabela `user`
--
ALTER TABLE `user`
  MODIFY `id` bigint NOT NULL AUTO_INCREMENT, AUTO_INCREMENT=47;

--
-- AUTO_INCREMENT de tabela `user_morada`
--
ALTER TABLE `user_morada`
  MODIFY `id` bigint NOT NULL AUTO_INCREMENT, AUTO_INCREMENT=29;

--
-- AUTO_INCREMENT de tabela `user_password`
--
ALTER TABLE `user_password`
  MODIFY `id` bigint NOT NULL AUTO_INCREMENT, AUTO_INCREMENT=4;

--
-- AUTO_INCREMENT de tabela `user_vales`
--
ALTER TABLE `user_vales`
  MODIFY `id` bigint NOT NULL AUTO_INCREMENT, AUTO_INCREMENT=4;

--
-- AUTO_INCREMENT de tabela `vales_desconto`
--
ALTER TABLE `vales_desconto`
  MODIFY `id` bigint NOT NULL AUTO_INCREMENT, AUTO_INCREMENT=5;

--
-- AUTO_INCREMENT de tabela `venda`
--
ALTER TABLE `venda`
  MODIFY `id` bigint NOT NULL AUTO_INCREMENT, AUTO_INCREMENT=333;

--
-- AUTO_INCREMENT de tabela `venda_avaliacao`
--
ALTER TABLE `venda_avaliacao`
  MODIFY `id` bigint NOT NULL AUTO_INCREMENT;

--
-- AUTO_INCREMENT de tabela `venda_conversa`
--
ALTER TABLE `venda_conversa`
  MODIFY `id` bigint NOT NULL AUTO_INCREMENT;

--
-- AUTO_INCREMENT de tabela `venda_conversa_ficheiro`
--
ALTER TABLE `venda_conversa_ficheiro`
  MODIFY `id` bigint NOT NULL AUTO_INCREMENT;

--
-- AUTO_INCREMENT de tabela `venda_conversa_msg`
--
ALTER TABLE `venda_conversa_msg`
  MODIFY `id` bigint NOT NULL AUTO_INCREMENT;

--
-- AUTO_INCREMENT de tabela `venda_prod`
--
ALTER TABLE `venda_prod`
  MODIFY `id` bigint NOT NULL AUTO_INCREMENT, AUTO_INCREMENT=348;

--
-- Restrições para despejos de tabelas
--

--
-- Limitadores para a tabela `encomenda`
--
ALTER TABLE `encomenda`
  ADD CONSTRAINT `EncoID` FOREIGN KEY (`id_produto`) REFERENCES `produto` (`id`) ON DELETE CASCADE;

--
-- Limitadores para a tabela `fema`
--
ALTER TABLE `fema`
  ADD CONSTRAINT `femaTipo` FOREIGN KEY (`id_tipo`) REFERENCES `fema_tipo` (`id`) ON DELETE CASCADE;

--
-- Limitadores para a tabela `produto`
--
ALTER TABLE `produto`
  ADD CONSTRAINT `prodCat` FOREIGN KEY (`id_produto_cat`) REFERENCES `produto_cat` (`id`);

--
-- Limitadores para a tabela `produto_gal`
--
ALTER TABLE `produto_gal`
  ADD CONSTRAINT `prodGal` FOREIGN KEY (`id_produto`) REFERENCES `produto` (`id`) ON DELETE CASCADE ON UPDATE CASCADE;

--
-- Limitadores para a tabela `projeto_gal`
--
ALTER TABLE `projeto_gal`
  ADD CONSTRAINT `idproj` FOREIGN KEY (`id_projeto`) REFERENCES `projeto` (`id`) ON DELETE CASCADE ON UPDATE CASCADE;

--
-- Limitadores para a tabela `tracking`
--
ALTER TABLE `tracking`
  ADD CONSTRAINT `trackEstId` FOREIGN KEY (`id_tracking_est`) REFERENCES `tracking_est` (`id`) ON DELETE CASCADE ON UPDATE CASCADE,
  ADD CONSTRAINT `trackingId` FOREIGN KEY (`id_venda`) REFERENCES `venda` (`id`) ON DELETE CASCADE ON UPDATE CASCADE;

--
-- Limitadores para a tabela `user_morada`
--
ALTER TABLE `user_morada`
  ADD CONSTRAINT `user_morada_ibfk_1` FOREIGN KEY (`id_user`) REFERENCES `user` (`id`) ON DELETE CASCADE ON UPDATE CASCADE;

--
-- Limitadores para a tabela `user_vales`
--
ALTER TABLE `user_vales`
  ADD CONSTRAINT `user_vales_ibfk_1` FOREIGN KEY (`id_user`) REFERENCES `user` (`id`) ON DELETE CASCADE ON UPDATE CASCADE,
  ADD CONSTRAINT `user_vales_ibfk_2` FOREIGN KEY (`id_vale`) REFERENCES `vales_desconto` (`id`) ON DELETE CASCADE ON UPDATE CASCADE,
  ADD CONSTRAINT `user_vales_ibfk_3` FOREIGN KEY (`id_venda`) REFERENCES `venda` (`id`) ON DELETE CASCADE ON UPDATE CASCADE;

--
-- Limitadores para a tabela `venda_avaliacao`
--
ALTER TABLE `venda_avaliacao`
  ADD CONSTRAINT `venda_avaliacao_ibfk_1` FOREIGN KEY (`id_venda`) REFERENCES `venda` (`id`) ON DELETE CASCADE ON UPDATE CASCADE;

--
-- Limitadores para a tabela `venda_conversa`
--
ALTER TABLE `venda_conversa`
  ADD CONSTRAINT `venda_conversa_ibfk_1` FOREIGN KEY (`id_venda`) REFERENCES `venda` (`id`) ON DELETE CASCADE ON UPDATE CASCADE;

--
-- Limitadores para a tabela `venda_conversa_ficheiro`
--
ALTER TABLE `venda_conversa_ficheiro`
  ADD CONSTRAINT `venda_conversa_ficheiro_ibfk_1` FOREIGN KEY (`id_msg`) REFERENCES `venda_conversa_msg` (`id`) ON DELETE CASCADE ON UPDATE CASCADE;

--
-- Limitadores para a tabela `venda_conversa_msg`
--
ALTER TABLE `venda_conversa_msg`
  ADD CONSTRAINT `venda_conversa_msg_ibfk_1` FOREIGN KEY (`id_venda_conversa`) REFERENCES `venda_conversa` (`id`) ON DELETE CASCADE ON UPDATE CASCADE;

--
-- Limitadores para a tabela `venda_prod`
--
ALTER TABLE `venda_prod`
  ADD CONSTRAINT `produtoid` FOREIGN KEY (`id_produto`) REFERENCES `produto` (`id`) ON DELETE CASCADE,
  ADD CONSTRAINT `vendaId` FOREIGN KEY (`id_venda`) REFERENCES `venda` (`id`) ON DELETE CASCADE;
COMMIT;

/*!40101 SET CHARACTER_SET_CLIENT=@OLD_CHARACTER_SET_CLIENT */;
/*!40101 SET CHARACTER_SET_RESULTS=@OLD_CHARACTER_SET_RESULTS */;
/*!40101 SET COLLATION_CONNECTION=@OLD_COLLATION_CONNECTION */;
